iteration,trial,canonical,scale,init_roll_deg,init_pitch_deg,init_yaw_deg,init_z_offset_m,strict_held1s,strict_final1s,geometric_held1s,geometric_final1s,first_strict_hold_s,first_geometric_hold_s,longest_strict_hold_s,max_base_m,final_base_m,final_tilt_deg,final_knee_rad,peak_torque_Nm,mean_abs_torque_Nm,peak_qdot_rad_s,overshoot_rad,cap_joint_time_percent,stop_press_time_percent,terminated
3150,0,1,0.25,0.0,0.0,0.0,0.0,0,0,0,0,nan,nan,0.0,0.34134266,0.14611301,60.31588,0.95471877,8.745552,1.6809435,21.608791,0.110841274,0.0,81.87633262260128,0
3150,1,0,0.25,3.9473605811872776,-8.11645304224701,19.024894065470235,-0.0013087383060461939,0,0,0,0,nan,nan,0.0,0.34053636,0.24654013,59.599712,0.8843504,8.342892,1.6934234,21.789421,0.12066615,0.0,82.30277185501066,0
3150,2,0,0.25,5.222794039807059,5.721286105539075,-14.875454692978165,-0.007364903342158651,0,0,1,0,nan,0.48,0.0,0.35175407,0.15059423,55.237064,0.8324975,8.709929,1.7898153,20.9355,0.11400747,0.0,87.63326226012794,0
3150,3,0,0.25,-0.9922812420886569,-2.5840395153483753,17.07059955394407,-0.0074867229426292805,0,0,0,0,nan,nan,0.0,0.34906882,0.2103664,56.754364,0.8006817,8.432476,1.725056,21.09734,0.1274153,0.0,88.05970149253731,0
3150,4,0,0.25,2.8773024016132904,6.455232265416598,-2.263432046906754,0.009044994316913668,0,0,0,0,nan,nan,0.0,0.33585754,0.2844823,61.913506,0.9122672,8.791214,1.6944337,21.694395,0.113818526,0.0,84.86140724946695,0
3150,5,0,0.25,-5.455225564304462,1.0916957403166965,-17.447309755832986,-0.00035938480827298926,0,0,1,1,nan,0.48,0.0,0.35532704,0.3473297,20.546352,-0.6611119,8.298784,2.5772696,19.505255,0.106885076,0.0,98.72068230277186,0
3150,6,0,0.25,6.55262343985164,2.6332879824412974,10.323509603414955,0.009064110498103779,0,0,0,0,nan,nan,0.0,0.34519753,0.14512731,57.12607,0.8050144,8.5606165,1.6790233,20.849089,0.10516572,0.0,83.7953091684435,0
3150,7,0,0.25,-2.9094806374026323,9.413960487898066,15.724844852887905,-0.006728462445797801,0,0,0,0,nan,nan,0.0,0.3520241,0.073954985,53.958584,0.77217025,8.370289,1.7325869,20.203173,0.11247462,0.0,82.94243070362474,0
3150,8,0,0.25,5.567669941475238,-6.1072258429606485,-1.331159850918631,0.0010883310407986714,0,0,1,0,nan,0.5,0.0,0.35375077,0.19114326,38.853085,0.35690972,8.353918,1.7996192,20.268965,0.11241579,0.0,84.86140724946695,0
3150,9,0,0.25,-9.123924684255424,-6.914210158649043,7.321958129698185,-0.005845654932969215,0,0,0,0,nan,nan,0.0,0.33751735,0.070458524,57.40576,0.849385,8.732229,1.6868299,21.288311,0.11073995,0.0,80.38379530916845,0
3150,10,0,0.25,4.895243118156342,9.350194648684202,-6.966985674473921,-0.004936307877467969,0,0,0,0,nan,nan,0.0,0.33054307,0.082424246,50.029156,0.7030169,8.0771475,1.656323,21.409662,0.10952139,0.0,83.7953091684435,0
3150,11,0,0.25,-2.5908058793026223,-0.6088837744838411,-12.421145636628573,-0.009398908424776425,0,0,0,0,nan,nan,0.0,0.3342656,0.104344375,56.86677,0.8604431,8.676127,1.6781107,20.573778,0.10682285,0.0,82.94243070362474,0
3150,12,0,0.25,-7.401569893290567,-0.48590147548132556,-10.923626037964635,-0.007620933785195774,0,0,0,0,nan,nan,0.0,0.3407002,0.094626695,41.20206,0.44494954,8.119187,1.7493944,21.576029,0.114632964,0.0,80.59701492537313,0
3150,13,0,0.25,3.396279893650206,-1.2569616225533853,13.307127842313498,0.008336968152583916,0,0,0,0,nan,nan,0.0,0.3477529,0.105689526,54.50165,0.82348937,8.102328,1.6895826,21.15462,0.11689246,0.0,84.00852878464818,0
3150,14,0,0.25,4.005302040044983,-3.7526671723591782,13.290392055808042,-0.003569340170353366,0,0,0,0,nan,nan,0.0,0.3436503,0.25006998,59.101547,0.9146855,8.516532,1.7042631,20.684492,0.11453515,0.0,84.00852878464818,0
3150,15,0,0.25,6.095287149936038,-2.2504324193965104,-8.466875842790236,0.002162584238291831,0,0,0,0,nan,nan,0.0,0.34765974,0.15720789,64.34819,0.9858339,8.103276,1.788172,20.71389,0.12002468,0.0,84.86140724946695,0
3150,16,0,0.25,3.6499100794995094,-7.204950327813804,-12.003671900995666,-0.0006997173602145395,0,0,0,0,nan,nan,0.0,0.3014457,0.23199736,61.598858,0.92393804,8.449039,1.6312815,21.36281,0.11430907,0.0,86.56716417910447,0
3150,17,0,0.25,-9.85275460497989,5.738487550042768,6.594034263681287,-0.001990975095094433,0,0,0,0,nan,nan,0.0,0.34654742,0.09840009,62.506615,0.935528,9.103709,1.7079437,21.628008,0.11084831,0.0,87.20682302771856,0
3150,18,0,0.25,4.1033075725267025,5.614580620439359,-1.6433689784664018,0.0006377218269213621,0,0,0,0,nan,nan,0.0,0.34174067,0.20862915,60.974167,0.9214502,8.860422,1.6873286,21.720043,0.11070347,0.0,87.42004264392324,0
3150,19,0,0.25,1.3748239190578744,-7.204060037446851,-15.418797058561061,-0.00625522110769317,0,0,0,0,nan,nan,0.0,0.33229187,0.08562496,54.89912,0.78753805,9.024153,1.6814486,21.865452,0.112939835,0.0,81.2366737739872,0
3150,20,0,0.25,3.368059235809433,-0.5780758771373495,2.609444259247553,0.00977207797039153,0,0,0,0,nan,nan,0.0,0.33222452,0.25060117,59.378185,0.91190004,8.18428,1.6241285,20.226645,0.10547292,0.0,82.51599147121536,0
3150,21,0,0.25,5.299977148320512,2.694366400011816,2.143176026319832,0.006366157374077258,0,0,0,0,nan,nan,0.0,0.3423208,0.27099964,46.576202,0.49498534,8.590269,1.69836,21.702473,0.11233109,0.0,82.51599147121536,0
3150,22,0,0.25,1.1841432149082713,-3.920998038747756,-18.767286617282423,0.004832292654630305,0,0,0,0,nan,nan,0.0,0.34767172,0.06771498,57.16432,0.8728747,8.59579,1.677342,21.665041,0.11271715,0.0,85.07462686567165,0
3150,23,0,0.25,-1.2656522153527519,-5.708306543609416,-3.658854251014553,-0.00062481405972095,0,0,0,0,nan,nan,0.0,0.34520742,0.22574405,58.94955,0.9016181,8.516716,1.7088614,21.88951,0.11544305,0.0,82.30277185501066,0
3150,24,0,0.25,7.068061465363321,-5.321210282693185,-17.66789033243736,-0.00694245755747328,0,0,0,0,nan,nan,0.0,0.32181677,0.06478781,61.368828,0.9231179,8.655007,1.6615647,22.337975,0.107002854,0.0,91.04477611940298,0
3150,25,0,0.25,-4.372322159560069,-4.128124844666328,6.476660589075802,0.008413317165471357,0,0,0,0,nan,nan,0.0,0.34591082,0.07533084,64.76986,1.0311939,8.504478,1.7113004,20.76665,0.11634803,0.0,84.43496801705757,0
3150,26,0,0.25,1.1406430468255664,5.677964182128271,6.5725416130955026,-0.003172258652365447,0,0,0,0,nan,nan,0.0,0.3376172,0.15824491,63.07709,0.91483134,8.489578,1.6887493,21.202042,0.118014574,0.0,88.27292110874201,0
3150,27,0,0.25,-1.8722627711985886,6.280407693320694,-13.321083203691844,-0.008997866206061324,0,0,1,1,nan,0.48,0.0,0.3531972,0.3456609,20.130323,-0.66136134,9.075442,2.5902717,20.95954,0.107212245,0.0,99.14712153518124,0
3150,28,0,0.25,-9.54575853732279,-8.199042784487165,8.894374023858013,-0.003151926463787427,0,0,0,0,nan,nan,0.0,0.2909997,0.2120632,60.334164,0.8990629,8.417614,1.6906016,22.028484,0.11780858,0.0,91.47121535181236,0
3150,29,0,0.25,-0.7624553949722532,-6.774564419327964,0.04179100413454151,0.005889140609917689,0,0,0,0,nan,nan,0.0,0.3379741,0.22130558,61.37437,0.9122916,8.391094,1.6894803,22.298515,0.10514808,0.0,90.8315565031983,0
3150,30,0,0.25,-6.953757945736632,3.9264075015547206,-2.1537489770387737,0.002454174899764164,0,0,0,0,nan,nan,0.0,0.34432116,0.069035836,56.43344,0.8441334,8.6004095,1.6732252,20.521973,0.11833733,0.0,82.72921108742004,0
3150,31,0,0.25,-2.3795754780703504,-3.96975821704247,5.211303724755538,0.005016771694897193,0,0,0,0,nan,nan,0.0,0.34890333,0.23659053,49.817207,0.57305264,8.314751,1.6847475,20.959904,0.11157811,0.0,85.50106609808103,0
3150,32,0,0.25,-2.763747788932191,-8.24700161367798,-15.279763915179387,0.005872707677247549,0,0,0,0,nan,nan,0.0,0.28819492,0.25253233,59.67188,0.90423375,8.324837,1.6187264,21.063494,0.10485351,0.0,86.35394456289978,0
3150,33,0,0.25,9.23795329099029,8.171613814152142,7.988285352429983,-0.005760907778389148,0,0,0,0,nan,nan,0.0,0.3452673,0.24554336,58.8566,0.85275877,8.334332,1.7024404,22.516743,0.11755288,0.0,86.99360341151386,0
3150,34,0,0.25,-4.682600770809609,9.383527546954479,11.150036158631785,0.008475666321863603,0,0,0,0,nan,nan,0.0,0.3450651,0.25038952,49.94493,0.5941918,8.630025,1.6962442,20.546627,0.11060029,0.0,83.15565031982942,0
3150,35,0,0.25,4.337803783179911,-1.0127699571242275,-9.11033752619364,-0.0012402079415925488,0,0,0,0,nan,nan,0.0,0.34034246,0.11891829,43.30868,0.5108002,8.66242,1.8423042,22.101517,0.12042701,0.0,80.38379530916845,0
3150,36,0,0.25,-8.072180756930013,8.052047930876832,-1.7689484066555572,0.0027802729852832928,0,0,0,0,nan,nan,0.0,0.34846637,0.25469616,60.404938,0.9377774,8.2524,1.6975249,20.80866,0.117538214,0.0,83.5820895522388,0
3150,37,0,0.25,-5.952732704095394,-3.8808675169869495,3.1687827576758387,-0.00995382454826516,0,0,0,0,nan,nan,0.0,0.3442276,0.28435358,32.9103,0.18409142,8.757079,1.7358196,21.232668,0.11371112,0.0,82.08955223880598,0
3150,38,0,0.25,-6.464544341215365,7.1322856818475096,10.340781193408404,0.00986736996822356,0,0,1,0,nan,0.48,0.0,0.34827408,0.2338924,60.65239,0.9057712,8.205346,1.7620846,20.682814,0.105476856,0.0,91.04477611940298,0
3150,39,0,0.25,4.389259119018735,-1.3581392044979257,5.092353628097726,-0.0043820722807168975,0,0,0,0,nan,nan,0.0,0.34469223,0.11778558,58.43406,0.86034304,8.625536,1.712982,21.29181,0.110805035,0.0,88.69936034115139,0
3150,40,0,0.25,1.681959378254712,2.9969320310963994,-16.622227154404435,-0.008758737869196896,0,0,1,1,nan,0.48,0.0,0.35317424,0.345906,20.190256,-0.6613284,8.944069,2.582022,24.259935,0.11045277,0.0,98.72068230277186,0
3150,41,0,0.25,-1.683851956587807,-9.16771652276215,-0.2403672302192419,-0.0008347591692697207,0,0,0,0,nan,nan,0.0,0.33453935,0.22275893,60.949635,0.9505343,8.697811,1.6395048,21.906376,0.09939861,0.0,84.43496801705757,0
3150,42,0,0.25,-3.4027757533442937,-7.109516222679062,-15.863881291097934,-0.007419398856359165,0,0,0,0,nan,nan,0.0,0.32621777,0.19229206,64.379105,0.95209265,8.640985,1.693653,21.724005,0.118031144,0.0,87.42004264392324,0
3150,43,0,0.25,1.7528914435542404,-6.588140629262278,17.004804735071886,-0.0069534657968484855,0,0,0,0,nan,nan,0.0,0.33549085,0.2682341,60.107574,0.86076593,8.122652,1.6929543,21.886486,0.109374106,0.0,86.56716417910447,0
3150,44,0,0.25,1.621222794007899,-3.0626039093032587,3.63661965925667,0.002645656260604203,0,0,0,0,nan,nan,0.0,0.34586382,0.18758622,58.869232,0.8308666,8.252907,1.7619001,20.728851,0.117207706,0.0,86.99360341151386,0
3150,45,0,0.25,-9.54392257940605,9.171184264828906,-0.7078625222839889,-0.002141452168595334,0,0,0,0,nan,nan,0.0,0.3403966,0.110525176,61.561752,0.92120796,8.474619,1.7222503,23.311962,0.09868467,0.0,90.19189765458422,0
3150,46,0,0.25,5.654704545005725,-8.345400001551228,-0.533666766473587,0.008437049003099903,0,0,0,0,nan,nan,0.0,0.2957412,0.2712703,60.640175,0.885968,8.464897,1.6190752,21.973864,0.13084292,0.0,85.71428571428571,0
3150,47,0,0.25,-0.18586011290958204,8.756529099499659,2.8691220950430143,-0.0036168701078385986,0,0,0,0,nan,nan,0.0,0.3324381,0.1811317,61.461308,0.91023886,8.803835,1.6697507,23.128672,0.11520481,0.0,86.56716417910447,0
3150,48,0,0.25,-0.5302119788609243,-4.660486738162128,-6.737240106297913,0.0045236025676780225,0,0,0,0,nan,nan,0.0,0.3394112,0.2376721,59.70883,0.8470814,8.304347,1.6865765,21.15638,0.10183787,0.0,88.69936034115139,0
3150,49,0,0.25,0.4134480494307553,-1.2217707938990667,-19.135516804786782,-0.0007780113969018468,0,0,1,1,nan,0.48,0.0,0.3563037,0.34707466,20.485773,-0.66115415,8.8813925,2.5769253,21.800049,0.11341393,0.0,98.93390191897655,0
3150,50,0,0.25,6.525838483887156,7.923215436795335,-14.39003644005557,0.0031990260225855764,0,0,0,0,nan,nan,0.0,0.34671262,0.21904516,62.351044,0.94143945,8.998475,1.7226049,22.54958,0.11319244,0.0,88.4861407249467,0
3150,51,0,0.25,1.0807228707809884,-7.828485177291129,6.889603721592469,0.0019939071343198084,0,0,0,0,nan,nan,0.0,0.29368812,0.29325917,59.753056,0.91041636,8.004964,1.607073,21.137838,0.11962485,0.0,85.71428571428571,0
3150,52,0,0.25,-4.375324323219834,3.1884526938380358,9.079784571475304,-0.0005443205448200355,0,0,0,0,nan,nan,0.0,0.33196133,0.17435569,60.79163,0.85759044,8.356605,1.7136071,20.872423,0.11019659,0.0,84.86140724946695,0
3150,53,0,0.25,5.37294983835314,-7.845181080882069,16.640473805504314,0.009001221892488741,0,0,0,0,nan,nan,0.0,0.35135284,0.15520757,54.519447,0.7949207,8.597753,1.7021976,21.33639,0.13000381,0.0,84.22174840085287,0
3150,54,0,0.25,-5.395720182102384,-9.251748876476405,2.1940987756593344,-0.003145727144900883,0,0,0,0,nan,nan,0.0,0.30892444,0.17942403,65.7792,0.9928371,8.130739,1.6870418,21.243685,0.10567975,0.0,91.47121535181236,0
3150,55,0,0.25,-2.5815543227512254,6.595794862648262,12.330058882572075,-0.0064552899750145495,0,0,0,0,nan,nan,0.0,0.3388118,0.12217912,58.765957,0.9128177,8.549208,1.6723409,21.291523,0.11143911,0.0,85.9275053304904,0
3150,56,0,0.25,-3.6572221435456935,9.057987901394899,-8.363286474395256,0.003561881217596565,0,0,0,0,nan,nan,0.0,0.3410012,0.15451159,48.43325,0.57333654,8.215596,1.6860504,22.9225,0.11751807,0.0,82.08955223880598,0
3150,57,0,0.25,0.30114258463429167,-4.880698188647945,17.441742801958533,0.006920151226158177,0,0,0,0,nan,nan,0.0,0.33341244,0.2791814,56.31191,0.8172643,8.087881,1.650121,20.716803,0.10591495,0.0,83.36886993603412,0
3150,58,0,0.25,-6.707843648359637,-9.10178761215342,-2.5961175998784825,-0.009194925201201526,0,0,0,0,nan,nan,0.0,0.33128405,0.23519407,62.441307,0.91059786,8.126562,1.7111145,22.534624,0.12136042,0.0,81.02345415778251,0
3150,59,0,0.25,9.847511281116741,7.833545325098278,9.94432077827797,-0.001007346231546389,0,0,0,0,nan,nan,0.0,0.33633804,0.17218876,46.227608,0.54225487,8.031908,1.672598,22.679792,0.12012696,0.0,82.51599147121536,0
3150,60,0,0.25,7.8158498175704985,7.8689327939572635,0.7543344154579614,0.007849753793746526,0,0,0,0,nan,nan,0.0,0.3404476,0.12344427,55.417446,0.84442157,8.184438,1.6678855,22.03018,0.11340225,0.0,85.50106609808103,0
3150,61,0,0.25,-3.6814189633841394,5.4402486422197605,6.466450526710442,0.004992372378457351,0,0,0,0,nan,nan,0.0,0.34312987,0.29983416,60.203682,0.91208625,8.721005,1.6719126,23.115423,0.11001992,0.0,85.50106609808103,0
3150,62,0,0.25,-2.526845422525799,-8.110666638769695,9.871584453961042,0.009836154329952563,0,0,0,0,nan,nan,0.0,0.3322819,0.18063636,63.098045,0.91023344,8.358088,1.7006546,22.126568,0.12463236,0.0,88.27292110874201,0
3150,63,0,0.25,-4.750789681542706,8.736263010675586,-10.36117699977261,0.0006282762319448753,0,0,0,0,nan,nan,0.0,0.3476731,0.069780834,48.728867,0.6105115,8.347464,1.8221132,20.009993,0.110816,0.0,83.5820895522388,0
3400,0,1,0.25,0.0,0.0,0.0,0.0,0,0,1,1,nan,0.48,0.0,0.3564683,0.34582624,19.968779,-0.66132104,8.648587,2.6269398,20.250675,0.10714197,0.0,99.36034115138592,0
3400,1,0,0.25,3.9473605811872776,-8.11645304224701,19.024894065470235,-0.0013087383060461939,0,0,1,1,nan,0.48,0.0,0.35655382,0.34539253,19.861498,-0.6613858,7.886846,2.634024,21.132809,0.1265235,0.0,99.14712153518124,0
3400,2,0,0.25,5.222794039807059,5.721286105539075,-14.875454692978165,-0.007364903342158651,0,0,1,0,nan,0.48,0.0,0.35977584,0.0947072,38.70142,0.29222336,8.243534,2.1279566,21.720123,0.13421518,0.0,88.69936034115139,0
3400,3,0,0.25,-0.9922812420886569,-2.5840395153483753,17.07059955394407,-0.0074867229426292805,0,0,0,0,nan,nan,0.0,0.3495753,0.15807836,42.83638,0.38273665,8.21168,2.0177226,23.484657,0.13774455,0.0,84.22174840085287,0
3400,4,0,0.25,2.8773024016132904,6.455232265416598,-2.263432046906754,0.009044994316913668,0,0,1,1,nan,0.48,0.0,0.35921425,0.34558642,19.909273,-0.6613575,8.249682,2.6248155,22.683706,0.117509484,0.0,98.93390191897655,0
3400,5,0,0.25,-5.455225564304462,1.0916957403166965,-17.447309755832986,-0.00035938480827298926,0,0,1,1,nan,0.48,0.0,0.3594608,0.34592354,19.992695,-0.6613061,8.174184,2.628686,20.685686,0.114510536,0.0,99.14712153518124,0
3400,6,0,0.25,6.55262343985164,2.6332879824412974,10.323509603414955,0.009064110498103779,0,0,1,1,nan,0.48,0.0,0.35841864,0.34573787,19.946918,-0.6613347,8.488731,2.6258051,19.778574,0.10993183,0.0,99.14712153518124,0
3400,7,0,0.25,-2.9094806374026323,9.413960487898066,15.724844852887905,-0.006728462445797801,0,0,1,1,nan,0.48,0.0,0.35978115,0.3457989,19.962055,-0.6613254,8.751585,2.627253,20.557919,0.11284381,0.0,99.14712153518124,0
3400,8,0,0.25,5.567669941475238,-6.1072258429606485,-1.331159850918631,0.0010883310407986714,0,0,1,1,nan,0.48,0.0,0.36183685,0.3456025,19.913385,-0.6613551,8.248778,2.6336932,19.8972,0.104275584,0.0,99.36034115138592,0
3400,9,0,0.25,-9.123924684255424,-6.914210158649043,7.321958129698185,-0.005845654932969215,0,0,0,0,nan,nan,0.0,0.35135555,0.34287596,33.867355,0.043605212,8.3906555,2.0470157,21.432291,0.12846047,0.0,86.35394456289978,0
3400,10,0,0.25,4.895243118156342,9.350194648684202,-6.966985674473921,-0.004936307877467969,0,0,1,1,nan,0.48,0.0,0.36112717,0.3431937,19.298128,-0.6616769,8.430449,2.665628,20.265741,0.12176645,0.0,99.14712153518124,0
3400,11,0,0.25,-2.5908058793026223,-0.6088837744838411,-12.421145636628573,-0.009398908424776425,0,0,0,0,nan,nan,0.0,0.35236472,0.34494227,38.941967,0.36482972,8.575378,2.038121,21.873537,0.1327222,0.0,85.9275053304904,0
3400,12,0,0.25,-7.401569893290567,-0.48590147548132556,-10.923626037964635,-0.007620933785195774,0,0,1,1,nan,0.45999999999999996,0.0,0.3591922,0.3441758,19.557144,-0.6615549,8.392305,2.644746,20.89772,0.11495656,0.0,99.14712153518124,0
3400,13,0,0.25,3.396279893650206,-1.2569616225533853,13.307127842313498,0.008336968152583916,0,0,1,1,nan,0.48,0.0,0.35859457,0.3455468,19.899431,-0.66136324,7.919857,2.626226,20.157063,0.1132673,0.0,99.14712153518124,0
3400,14,0,0.25,4.005302040044983,-3.7526671723591782,13.290392055808042,-0.003569340170353366,0,0,1,1,nan,0.48,0.0,0.36336616,0.34576914,19.954676,-0.66132987,7.97311,2.6300929,19.71972,0.10596228,0.0,99.36034115138592,0
3400,15,0,0.25,6.095287149936038,-2.2504324193965104,-8.466875842790236,0.002162584238291831,0,0,1,1,nan,0.45999999999999996,0.0,0.36599797,0.34525347,19.82678,-0.66140616,7.9717426,2.637205,19.6555,0.11177158,0.0,99.36034115138592,0
3400,16,0,0.25,3.6499100794995094,-7.204950327813804,-12.003671900995666,-0.0006997173602145395,0,0,0,0,nan,nan,0.0,0.34370738,0.2396556,54.55638,0.79014885,8.183237,1.9456276,21.636555,0.13524187,0.0,84.43496801705757,0
3400,17,0,0.25,-9.85275460497989,5.738487550042768,6.594034263681287,-0.001990975095094433,0,0,1,1,nan,3.9,0.0,0.35670206,0.3482891,20.516434,-0.660804,8.1440525,2.388337,21.807238,0.11972326,0.0,94.02985074626866,0
3400,18,0,0.25,4.1033075725267025,5.614580620439359,-1.6433689784664018,0.0006377218269213621,0,0,1,1,nan,0.48,0.0,0.3562698,0.34617996,20.05494,-0.6612648,8.736785,2.6273437,20.008204,0.116392374,0.0,99.36034115138592,0
3400,19,0,0.25,1.3748239190578744,-7.204060037446851,-15.418797058561061,-0.00625522110769317,0,0,1,1,nan,0.45999999999999996,0.0,0.35551926,0.3453864,19.859291,-0.6613867,8.860954,2.634722,21.42319,0.10951984,0.0,98.93390191897655,0
3400,20,0,0.25,3.368059235809433,-0.5780758771373495,2.609444259247553,0.00977207797039153,0,0,1,1,nan,0.5,0.0,0.3587916,0.34583798,19.97166,-0.66131926,8.626514,2.6238275,19.21064,0.116705835,0.0,99.14712153518124,0
3400,21,0,0.25,5.299977148320512,2.694366400011816,2.143176026319832,0.006366157374077258,0,0,1,0,nan,0.5,0.0,0.35845062,0.32586318,35.399345,0.26461977,8.657015,2.1008239,21.37877,0.1328609,0.0,85.71428571428571,0
3400,22,0,0.25,1.1841432149082713,-3.920998038747756,-18.767286617282423,0.004832292654630305,0,0,1,1,nan,0.45999999999999996,0.0,0.36038676,0.34553057,19.895414,-0.6613657,8.042135,2.628839,21.435432,0.11900061,0.0,99.36034115138592,0
3400,23,0,0.25,-1.2656522153527519,-5.708306543609416,-3.658854251014553,-0.00062481405972095,0,0,1,1,nan,1.7599999999999998,0.0,0.35458148,0.34629774,20.083267,-0.66124433,7.888777,2.5657487,21.455673,0.1330958,0.0,98.08102345415777,0
3400,24,0,0.25,7.068061465363321,-5.321210282693185,-17.66789033243736,-0.00694245755747328,0,0,0,0,nan,nan,0.0,0.34705147,0.34189403,33.567127,0.11092679,8.563003,1.9993081,21.777174,0.13331676,0.0,84.22174840085287,0
3400,25,0,0.25,-4.372322159560069,-4.128124844666328,6.476660589075802,0.008413317165471357,0,0,1,1,nan,0.48,0.0,0.35767764,0.34556985,19.905153,-0.66135997,7.9694786,2.6261032,21.045626,0.11519545,0.0,99.36034115138592,0
3400,26,0,0.25,1.1406430468255664,5.677964182128271,6.5725416130955026,-0.003172258652365447,0,0,1,1,nan,0.48,0.0,0.35923457,0.34403628,19.523684,-0.6615722,8.31841,2.6467168,20.155855,0.11565882,0.0,99.36034115138592,0
3400,27,0,0.25,-1.8722627711985886,6.280407693320694,-13.321083203691844,-0.008997866206061324,0,0,1,1,nan,0.48,0.0,0.36625287,0.3457865,19.958996,-0.6613272,8.28169,2.6331906,20.741663,0.11881888,0.0,99.7867803837953,0
3400,28,0,0.25,-9.54575853732279,-8.199042784487165,8.894374023858013,-0.003151926463787427,0,0,0,0,nan,nan,0.0,0.35226485,0.23840693,52.95902,0.76768804,8.141277,1.9943864,21.668692,0.12819767,0.0,82.94243070362474,0
3400,29,0,0.25,-0.7624553949722532,-6.774564419327964,0.04179100413454151,0.005889140609917689,0,0,1,0,nan,0.48,0.0,0.35984173,0.21153879,50.26373,0.61536014,8.671175,2.1153972,21.286364,0.13342464,0.0,88.05970149253731,0
3400,30,0,0.25,-6.953757945736632,3.9264075015547206,-2.1537489770387737,0.002454174899764164,0,0,1,1,nan,0.48,0.0,0.35964054,0.34449232,19.634724,-0.66151327,8.86791,2.6415956,22.65618,0.1171689,0.0,99.14712153518124,0
3400,31,0,0.25,-2.3795754780703504,-3.96975821704247,5.211303724755538,0.005016771694897193,0,0,1,1,nan,0.48,0.0,0.35957724,0.34530887,19.840187,-0.661398,8.428275,2.6325645,20.20471,0.10254216,0.0,99.36034115138592,0
3400,32,0,0.25,-2.763747788932191,-8.24700161367798,-15.279763915179387,0.005872707677247549,0,0,0,0,nan,nan,0.0,0.34632364,0.24213023,30.682627,0.14745784,8.292947,1.9604071,21.634245,0.13060784,0.0,85.07462686567165,0
3400,33,0,0.25,9.23795329099029,8.171613814152142,7.988285352429983,-0.005760907778389148,0,0,1,1,nan,0.48,0.0,0.3529108,0.34528792,19.835165,-0.6614009,8.804949,2.638538,19.749016,0.110738516,0.0,99.36034115138592,0
3400,34,0,0.25,-4.682600770809609,9.383527546954479,11.150036158631785,0.008475666321863603,0,0,0,0,nan,nan,0.0,0.34615752,0.3172275,32.80273,0.12438177,8.704233,2.0393713,21.67362,0.13558453,0.0,86.99360341151386,0
3400,35,0,0.25,4.337803783179911,-1.0127699571242275,-9.11033752619364,-0.0012402079415925488,0,0,1,1,nan,0.48,0.0,0.35368297,0.34608638,20.032368,-0.66128016,8.17206,2.6263509,20.522644,0.12988907,0.0,99.36034115138592,0
3400,36,0,0.25,-8.072180756930013,8.052047930876832,-1.7689484066555572,0.0027802729852832928,0,0,1,1,nan,0.48,0.0,0.3578048,0.34574944,19.94978,-0.6613329,8.147761,2.6267378,19.515348,0.1240353,0.0,99.36034115138592,0
3400,37,0,0.25,-5.952732704095394,-3.8808675169869495,3.1687827576758387,-0.00995382454826516,0,0,0,0,nan,nan,0.0,0.34815878,0.113277376,43.091427,0.49697,8.669318,2.015584,21.435177,0.1360684,0.0,85.71428571428571,0
3400,38,0,0.25,-6.464544341215365,7.1322856818475096,10.340781193408404,0.00986736996822356,0,0,1,1,nan,0.45999999999999996,0.0,0.3571667,0.34419343,19.561378,-0.6615526,8.108372,2.6429324,20.164822,0.12290019,0.0,98.93390191897655,0
3400,39,0,0.25,4.389259119018735,-1.3581392044979257,5.092353628097726,-0.0043820722807168975,0,0,1,1,nan,0.48,0.0,0.36200404,0.34337944,19.359055,-0.6616595,8.337705,2.6607974,20.419306,0.111919284,0.0,98.93390191897655,0
3400,40,0,0.25,1.681959378254712,2.9969320310963994,-16.622227154404435,-0.008758737869196896,0,0,1,1,nan,0.48,0.0,0.3596828,0.34416842,19.555414,-0.66155547,9.016048,2.6455472,23.36332,0.1070922,0.0,99.36034115138592,0
3400,41,0,0.25,-1.683851956587807,-9.16771652276215,-0.2403672302192419,-0.0008347591692697207,0,0,1,1,nan,2.22,0.0,0.3557245,0.34700716,20.248478,-0.6611074,8.477787,2.509491,21.34401,0.122950554,0.0,96.80170575692964,0
3400,42,0,0.25,-3.4027757533442937,-7.109516222679062,-15.863881291097934,-0.007419398856359165,0,0,1,1,nan,0.48,0.0,0.3587161,0.3457874,19.95921,-0.6613271,8.694775,2.6299727,21.64916,0.11880827,0.0,99.36034115138592,0
3400,43,0,0.25,1.7528914435542404,-6.588140629262278,17.004804735071886,-0.0069534657968484855,0,0,1,0,nan,0.48,0.0,0.35767034,0.14675939,32.225925,0.08256316,8.81335,2.1270661,21.587809,0.13391161,0.0,89.55223880597015,0
3400,44,0,0.25,1.621222794007899,-3.0626039093032587,3.63661965925667,0.002645656260604203,0,0,1,0,nan,0.48,0.0,0.35818282,0.16447534,49.829727,0.66439253,8.541075,2.0617557,21.488655,0.13763553,0.0,87.84648187633263,0
3400,45,0,0.25,-9.54392257940605,9.171184264828906,-0.7078625222839889,-0.002141452168595334,0,0,1,1,nan,0.48,0.0,0.35686663,0.34534156,19.848026,-0.6613932,8.792516,2.6280565,20.118626,0.10170311,0.0,99.14712153518124,0
3400,46,0,0.25,5.654704545005725,-8.345400001551228,-0.533666766473587,0.008437049003099903,0,0,0,0,nan,nan,0.0,0.34941426,0.24542838,33.534515,0.17238276,8.181791,1.9618527,22.543667,0.13465911,0.0,85.50106609808103,0
3400,47,0,0.25,-0.18586011290958204,8.756529099499659,2.8691220950430143,-0.0036168701078385986,0,0,1,1,nan,0.48,0.0,0.35844353,0.34540278,19.86338,-0.66138434,8.763756,2.6286113,20.600725,0.109239995,0.0,99.14712153518124,0
3400,48,0,0.25,-0.5302119788609243,-4.660486738162128,-6.737240106297913,0.0045236025676780225,0,0,1,1,nan,0.48,0.0,0.35876682,0.34547517,19.881496,-0.66137385,8.698029,2.6296108,19.74537,0.10621101,0.0,99.14712153518124,0
3400,49,0,0.25,0.4134480494307553,-1.2217707938990667,-19.135516804786782,-0.0007780113969018468,0,0,1,0,nan,0.48,0.0,0.3585768,0.3313737,33.2593,0.11729441,8.19166,2.1027381,21.38992,0.12638885,0.0,88.27292110874201,0
3400,50,0,0.25,6.525838483887156,7.923215436795335,-14.39003644005557,0.0031990260225855764,0,0,1,1,nan,0.48,0.0,0.3555379,0.34563324,19.920969,-0.6613505,8.777069,2.6269355,21.48216,0.13175917,0.0,99.36034115138592,0
3400,51,0,0.25,1.0807228707809884,-7.828485177291129,6.889603721592469,0.0019939071343198084,0,0,0,0,nan,nan,0.0,0.34979302,0.3338109,33.25303,0.13854381,8.445105,1.9910812,22.949465,0.1332655,0.0,85.50106609808103,0
3400,52,0,0.25,-4.375324323219834,3.1884526938380358,9.079784571475304,-0.0005443205448200355,0,0,1,1,nan,0.48,0.0,0.35933664,0.3459918,20.009344,-0.6612953,8.734308,2.6227307,20.159412,0.12301028,0.0,99.14712153518124,0
3400,53,0,0.25,5.37294983835314,-7.845181080882069,16.640473805504314,0.009001221892488741,0,0,1,0,nan,0.45999999999999996,0.0,0.35899562,0.34812695,31.960709,0.11882147,8.155546,2.0463285,21.58381,0.13240284,0.0,85.9275053304904,0
3400,54,0,0.25,-5.395720182102384,-9.251748876476405,2.1940987756593344,-0.003145727144900883,0,0,1,1,nan,6.32,0.0,0.35225165,0.34814712,20.495598,-0.6608532,8.189544,2.1476593,21.463783,0.13922071,0.0,91.47121535181236,0
3400,55,0,0.25,-2.5815543227512254,6.595794862648262,12.330058882572075,-0.0064552899750145495,0,0,1,1,nan,0.48,0.0,0.35491514,0.34564322,19.923456,-0.66134906,8.333929,2.6290243,20.658241,0.107833266,0.0,98.93390191897655,0
3400,56,0,0.25,-3.6572221435456935,9.057987901394899,-8.363286474395256,0.003561881217596565,0,0,1,1,nan,0.48,0.0,0.35718814,0.34542468,19.868855,-0.6613813,8.600574,2.6286962,20.702505,0.1176548,0.0,99.14712153518124,0
3400,57,0,0.25,0.30114258463429167,-4.880698188647945,17.441742801958533,0.006920151226158177,0,0,1,1,nan,0.48,0.0,0.35858175,0.34534416,19.848679,-0.6613929,8.449502,2.629659,20.894123,0.11486149,0.0,99.14712153518124,0
3400,58,0,0.25,-6.707843648359637,-9.10178761215342,-2.5961175998784825,-0.009194925201201526,0,0,0,0,nan,nan,0.0,0.34609517,0.34334806,33.187874,0.16917486,8.040367,1.9881803,21.460293,0.13382542,0.0,84.00852878464818,0
3400,59,0,0.25,9.847511281116741,7.833545325098278,9.94432077827797,-0.001007346231546389,0,0,0,0,nan,nan,0.0,0.3483749,0.32539013,37.236813,0.28801388,8.202343,2.0419357,22.283194,0.13535249,0.0,86.99360341151386,0
3400,60,0,0.25,7.8158498175704985,7.8689327939572635,0.7543344154579614,0.007849753793746526,0,0,1,1,nan,0.48,0.0,0.35721856,0.3459186,19.991474,-0.66130686,8.733944,2.6258154,20.898232,0.11146325,0.0,99.14712153518124,0
3400,61,0,0.25,-3.6814189633841394,5.4402486422197605,6.466450526710442,0.004992372378457351,0,0,1,1,nan,0.48,0.0,0.35668427,0.34614953,20.047606,-0.66126984,8.622555,2.6248634,20.603067,0.10881013,0.0,99.36034115138592,0
3400,62,0,0.25,-2.526845422525799,-8.110666638769695,9.871584453961042,0.009836154329952563,0,0,1,1,nan,8.0,0.0,0.353503,0.353503,19.246887,-0.659301,7.959074,2.1121168,21.779419,0.13317066,0.0,87.42004264392324,0
3400,63,0,0.25,-4.750789681542706,8.736263010675586,-10.36117699977261,0.0006282762319448753,0,0,1,1,nan,0.45999999999999996,0.0,0.35979262,0.34329358,19.33166,-0.66166854,8.461086,2.6608052,19.334843,0.12034732,0.0,99.14712153518124,0
3650,0,1,0.25,0.0,0.0,0.0,0.0,0,0,1,1,nan,0.48,0.0,0.35548735,0.34559518,19.789036,-0.6613295,8.447934,2.6597989,19.905832,0.11274409,0.0,99.36034115138592,0
3650,1,0,0.25,3.9473605811872776,-8.11645304224701,19.024894065470235,-0.0013087383060461939,0,0,1,1,nan,0.48,0.0,0.35518643,0.34563085,19.800743,-0.6613237,8.097182,2.6609404,19.996153,0.11369598,0.0,99.14712153518124,0
3650,2,0,0.25,5.222794039807059,5.721286105539075,-14.875454692978165,-0.007364903342158651,0,0,1,1,nan,0.45999999999999996,0.0,0.35526377,0.34507707,19.619593,-0.6614107,8.85689,2.6647418,18.976585,0.12062967,0.0,99.57356076759062,0
3650,3,0,0.25,-0.9922812420886569,-2.5840395153483753,17.07059955394407,-0.0074867229426292805,0,0,1,1,nan,0.45999999999999996,0.0,0.36341184,0.34572005,19.829903,-0.6613093,8.426897,2.6563406,20.911604,0.14581752,0.0,98.72068230277186,0
3650,4,0,0.25,2.8773024016132904,6.455232265416598,-2.263432046906754,0.009044994316913668,0,0,1,1,nan,0.45999999999999996,0.0,0.36730716,0.34446868,19.420647,-0.66149974,8.177408,2.6677294,20.307945,0.11099589,0.0,99.36034115138592,0
3650,5,0,0.25,-5.455225564304462,1.0916957403166965,-17.447309755832986,-0.00035938480827298926,0,0,1,1,nan,0.45999999999999996,0.0,0.3588848,0.34640425,20.052576,-0.66119117,8.88003,2.5953066,21.48724,0.120146394,0.0,97.86780383795309,0
3650,6,0,0.25,6.55262343985164,2.6332879824412974,10.323509603414955,0.009064110498103779,0,0,1,1,nan,0.48,0.0,0.36352596,0.34554306,19.772036,-0.6613378,8.210102,2.6598723,20.54243,0.11869705,0.0,99.36034115138592,0
3650,7,0,0.25,-2.9094806374026323,9.413960487898066,15.724844852887905,-0.006728462445797801,0,0,1,1,nan,0.48,0.0,0.35721067,0.34718907,20.305204,-0.66102827,8.502661,2.535726,22.351444,0.13840854,0.0,96.80170575692964,0
3650,8,0,0.25,5.567669941475238,-6.1072258429606485,-1.331159850918631,0.0010883310407986714,0,0,1,1,nan,0.45999999999999996,0.0,0.35956413,0.34552273,19.765343,-0.6613411,8.25536,2.6608295,18.598444,0.1096344,0.0,99.36034115138592,0
3650,9,0,0.25,-9.123924684255424,-6.914210158649043,7.321958129698185,-0.005845654932969215,0,0,1,1,nan,0.45999999999999996,0.0,0.3586219,0.34513783,19.639519,-0.6614012,8.628697,2.6560338,22.90354,0.12849951,0.0,99.14712153518124,0
3650,10,0,0.25,4.895243118156342,9.350194648684202,-6.966985674473921,-0.004936307877467969,0,0,1,1,nan,0.48,0.0,0.3602443,0.3457167,19.828802,-0.66130984,8.098945,2.6579816,19.404213,0.1185894,0.0,99.36034115138592,0
3650,11,0,0.25,-2.5908058793026223,-0.6088837744838411,-12.421145636628573,-0.009398908424776425,0,0,1,1,nan,0.48,0.0,0.35196635,0.3455977,19.789848,-0.6613291,8.420399,2.6584783,20.557945,0.09961927,0.0,99.36034115138592,0
3650,12,0,0.25,-7.401569893290567,-0.48590147548132556,-10.923626037964635,-0.007620933785195774,0,0,1,1,nan,0.45999999999999996,0.0,0.36653537,0.3450705,19.617455,-0.66141164,8.791886,2.662322,20.37461,0.107290685,0.0,99.36034115138592,0
3650,13,0,0.25,3.396279893650206,-1.2569616225533853,13.307127842313498,0.008336968152583916,0,0,1,1,nan,0.45999999999999996,0.0,0.36521417,0.34495845,19.58086,-0.66142875,8.794776,2.6641116,19.7161,0.11608714,0.0,99.14712153518124,0
3650,14,0,0.25,4.005302040044983,-3.7526671723591782,13.290392055808042,-0.003569340170353366,0,0,1,1,nan,0.45999999999999996,0.0,0.36553186,0.34533492,19.703821,-0.6613707,8.548384,2.66299,19.910658,0.12293053,0.0,99.36034115138592,0
3650,15,0,0.25,6.095287149936038,-2.2504324193965104,-8.466875842790236,0.002162584238291831,0,0,1,1,nan,0.45999999999999996,0.0,0.3595399,0.3455318,19.768322,-0.66133964,8.365693,2.6599457,20.899727,0.1182214,0.0,99.36034115138592,0
3650,16,0,0.25,3.6499100794995094,-7.204950327813804,-12.003671900995666,-0.0006997173602145395,0,0,1,1,nan,1.4,0.0,0.35174704,0.3458591,19.875385,-0.66128623,8.215046,2.5986073,22.440042,0.12642467,0.0,98.08102345415777,0
3650,17,0,0.25,-9.85275460497989,5.738487550042768,6.594034263681287,-0.001990975095094433,0,0,1,1,nan,5.9399999999999995,0.0,0.35681722,0.34783477,20.510246,-0.6608922,7.888366,2.2940638,22.27611,0.13300073,0.0,91.04477611940298,0
3650,18,0,0.25,4.1033075725267025,5.614580620439359,-1.6433689784664018,0.0006377218269213621,0,0,1,1,nan,0.48,0.0,0.35637534,0.34584647,19.871264,-0.6612884,8.403281,2.6604152,19.50245,0.11174488,0.0,99.36034115138592,0
3650,19,0,0.25,1.3748239190578744,-7.204060037446851,-15.418797058561061,-0.00625522110769317,0,0,1,1,nan,0.45999999999999996,0.0,0.36225256,0.34498918,19.590933,-0.66142404,8.911941,2.6593626,21.156506,0.12539184,0.0,99.36034115138592,0
3650,20,0,0.25,3.368059235809433,-0.5780758771373495,2.609444259247553,0.00977207797039153,0,0,1,1,nan,0.48,0.0,0.35774356,0.34549466,19.756123,-0.6613454,8.687974,2.6553738,19.902037,0.108160615,0.0,99.14712153518124,0
3650,21,0,0.25,5.299977148320512,2.694366400011816,2.143176026319832,0.006366157374077258,0,0,1,1,nan,0.48,0.0,0.36332715,0.3474877,20.400433,-0.6609684,8.703707,2.4805622,21.696308,0.12733084,0.0,95.73560767590618,0
3650,22,0,0.25,1.1841432149082713,-3.920998038747756,-18.767286617282423,0.004832292654630305,0,0,1,1,nan,0.45999999999999996,0.0,0.3555342,0.34557086,19.781076,-0.6613334,7.9755964,2.6589746,19.055874,0.10745108,0.0,99.36034115138592,0
3650,23,0,0.25,-1.2656522153527519,-5.708306543609416,-3.658854251014553,-0.00062481405972095,0,0,1,1,nan,0.45999999999999996,0.0,0.35565448,0.3447763,19.52143,-0.66145587,8.788151,2.6588786,21.690657,0.10335463,0.0,99.14712153518124,0
3650,24,0,0.25,7.068061465363321,-5.321210282693185,-17.66789033243736,-0.00694245755747328,0,0,1,1,nan,1.52,0.0,0.35417438,0.34560892,19.793537,-0.6613273,8.548492,2.5947864,22.242867,0.13525063,0.0,97.86780383795309,0
3650,25,0,0.25,-4.372322159560069,-4.128124844666328,6.476660589075802,0.008413317165471357,0,0,1,1,nan,0.45999999999999996,0.0,0.3627524,0.3452755,19.684471,-0.66137993,8.278197,2.662147,19.743189,0.11113441,0.0,99.36034115138592,0
3650,26,0,0.25,1.1406430468255664,5.677964182128271,6.5725416130955026,-0.003172258652365447,0,0,1,1,nan,0.48,0.0,0.37183973,0.345333,19.703197,-0.661371,8.05688,2.6637678,20.193861,0.1131649,0.0,99.36034115138592,0
3650,27,0,0.25,-1.8722627711985886,6.280407693320694,-13.321083203691844,-0.008997866206061324,0,0,1,1,nan,0.48,0.0,0.3592024,0.34543854,19.737738,-0.6613543,8.4364605,2.6560848,20.998215,0.12195933,0.0,100.0,0
3650,28,0,0.25,-9.54575853732279,-8.199042784487165,8.894374023858013,-0.003151926463787427,0,0,1,1,nan,3.22,0.0,0.35491028,0.34657627,20.108013,-0.6611586,8.150936,2.4868324,23.517906,0.136549,0.0,95.94882729211088,0
3650,29,0,0.25,-0.7624553949722532,-6.774564419327964,0.04179100413454151,0.005889140609917689,0,0,1,1,nan,0.48,0.0,0.35761595,0.34700853,20.247316,-0.6610677,8.7867565,2.5384681,21.467472,0.12977189,0.0,96.58848614072495,0
3650,30,0,0.25,-6.953757945736632,3.9264075015547206,-2.1537489770387737,0.002454174899764164,0,0,1,1,nan,0.48,0.0,0.3612601,0.34546804,19.747377,-0.6613498,8.551872,2.655902,21.367195,0.1204952,0.0,99.36034115138592,0
3650,31,0,0.25,-2.3795754780703504,-3.96975821704247,5.211303724755538,0.005016771694897193,0,0,1,1,nan,0.45999999999999996,0.0,0.36896425,0.34435645,19.383766,-0.66151506,8.68051,2.6716137,20.489155,0.11436367,0.0,99.36034115138592,0
3650,32,0,0.25,-2.763747788932191,-8.24700161367798,-15.279763915179387,0.005872707677247549,0,0,1,1,nan,2.18,0.0,0.35270855,0.34740573,20.374296,-0.6609841,8.274651,2.4791932,22.63898,0.12773061,0.0,94.88272921108742,0
3650,33,0,0.25,9.23795329099029,8.171613814152142,7.988285352429983,-0.005760907778389148,0,0,1,1,nan,0.48,0.0,0.35530046,0.34566337,19.81142,-0.66131854,8.73967,2.661043,18.71371,0.109991014,0.0,99.36034115138592,0
3650,34,0,0.25,-4.682600770809609,9.383527546954479,11.150036158631785,0.008475666321863603,0,0,1,1,nan,0.48,0.0,0.3594954,0.34498703,19.590221,-0.66142434,7.932624,2.656279,20.125751,0.117432356,0.0,100.0,0
3650,35,0,0.25,4.337803783179911,-1.0127699571242275,-9.11033752619364,-0.0012402079415925488,0,0,1,1,nan,0.48,0.0,0.3688945,0.345341,19.705807,-0.6613698,7.938042,2.661283,20.330614,0.113690615,0.0,99.36034115138592,0
3650,36,0,0.25,-8.072180756930013,8.052047930876832,-1.7689484066555572,0.0027802729852832928,0,0,1,1,nan,0.45999999999999996,0.0,0.3596614,0.34479493,19.527494,-0.661453,8.568739,2.664182,19.888231,0.10819423,0.0,99.36034115138592,0
3650,37,0,0.25,-5.952732704095394,-3.8808675169869495,3.1687827576758387,-0.00995382454826516,0,0,1,1,nan,1.2999999999999998,0.0,0.35317922,0.34587142,19.879417,-0.6612842,8.515431,2.6011646,21.367039,0.12840188,0.0,97.6545842217484,0
3650,38,0,0.25,-6.464544341215365,7.1322856818475096,10.340781193408404,0.00986736996822356,0,0,1,1,nan,0.45999999999999996,0.0,0.3560905,0.34572798,19.832499,-0.661308,8.638208,2.6541417,20.259848,0.11396742,0.0,99.14712153518124,0
3650,39,0,0.25,4.389259119018735,-1.3581392044979257,5.092353628097726,-0.0043820722807168975,0,0,1,1,nan,0.48,0.0,0.36703113,0.34548846,19.754097,-0.66134644,8.110492,2.659789,19.776426,0.11298084,0.0,99.36034115138592,0
3650,40,0,0.25,1.681959378254712,2.9969320310963994,-16.622227154404435,-0.008758737869196896,0,0,1,1,nan,0.48,0.0,0.3562851,0.3453401,19.705511,-0.6613699,8.677626,2.6561928,22.506912,0.11281884,0.0,99.36034115138592,0
3650,41,0,0.25,-1.683851956587807,-9.16771652276215,-0.2403672302192419,-0.0008347591692697207,0,0,1,1,nan,0.45999999999999996,0.0,0.35588583,0.34542817,19.734375,-0.661356,8.314961,2.6558194,21.219208,0.122039855,0.0,98.93390191897655,0
3650,42,0,0.25,-3.4027757533442937,-7.109516222679062,-15.863881291097934,-0.007419398856359165,0,0,1,1,nan,0.48,0.0,0.3557608,0.3449901,19.591228,-0.66142386,8.513164,2.6629229,19.224714,0.11947644,0.0,99.36034115138592,0
3650,43,0,0.25,1.7528914435542404,-6.588140629262278,17.004804735071886,-0.0069534657968484855,0,0,1,1,nan,0.48,0.0,0.3559939,0.34574375,19.837683,-0.6613053,8.890299,2.6565623,20.473455,0.09964335,0.0,99.36034115138592,0
3650,44,0,0.25,1.621222794007899,-3.0626039093032587,3.63661965925667,0.002645656260604203,0,0,1,1,nan,0.48,0.0,0.35625485,0.34561336,19.79499,-0.6613265,8.711859,2.6591861,19.89533,0.0976336,0.0,99.36034115138592,0
3650,45,0,0.25,-9.54392257940605,9.171184264828906,-0.7078625222839889,-0.002141452168595334,0,0,1,1,nan,0.48,0.0,0.35491344,0.34557375,19.782011,-0.6613329,8.763197,2.6561937,19.913519,0.12003362,0.0,99.36034115138592,0
3650,46,0,0.25,5.654704545005725,-8.345400001551228,-0.533666766473587,0.008437049003099903,0,0,1,1,nan,2.18,0.0,0.35227305,0.34621552,19.991495,-0.66122514,8.082678,2.548204,23.543293,0.13449168,0.0,96.58848614072495,0
3650,47,0,0.25,-0.18586011290958204,8.756529099499659,2.8691220950430143,-0.0036168701078385986,0,0,1,1,nan,0.48,0.0,0.35565093,0.34542182,19.732304,-0.66135705,8.7097,2.6559258,19.803352,0.11212015,0.0,99.36034115138592,0
3650,48,0,0.25,-0.5302119788609243,-4.660486738162128,-6.737240106297913,0.0045236025676780225,0,0,1,1,nan,0.48,0.0,0.35744298,0.34604776,19.937002,-0.6612543,8.896139,2.6609738,19.642036,0.10768986,0.0,99.36034115138592,0
3650,49,0,0.25,0.4134480494307553,-1.2217707938990667,-19.135516804786782,-0.0007780113969018468,0,0,1,1,nan,0.48,0.0,0.35807365,0.34530735,19.694824,-0.6613748,8.043797,2.6573439,21.365046,0.12289178,0.0,99.36034115138592,0
3650,50,0,0.25,6.525838483887156,7.923215436795335,-14.39003644005557,0.0031990260225855764,0,0,1,1,nan,0.48,0.0,0.355028,0.34562716,19.799528,-0.6613243,8.828558,2.6551995,20.965532,0.12122822,0.0,99.36034115138592,0
3650,51,0,0.25,1.0807228707809884,-7.828485177291129,6.889603721592469,0.0019939071343198084,0,0,1,1,nan,1.4,0.0,0.35304308,0.34573928,19.836216,-0.6613061,7.9755297,2.6037452,22.402145,0.12240356,0.0,98.08102345415777,0
3650,52,0,0.25,-4.375324323219834,3.1884526938380358,9.079784571475304,-0.0005443205448200355,0,0,1,1,nan,0.48,0.0,0.36379802,0.34536943,19.715128,-0.6613652,8.438214,2.661528,20.536535,0.12366867,0.0,99.36034115138592,0
3650,53,0,0.25,5.37294983835314,-7.845181080882069,16.640473805504314,0.009001221892488741,0,0,1,1,nan,0.45999999999999996,0.0,0.36806214,0.34290093,18.902359,-0.66170144,7.8253646,2.7164323,21.069853,0.14628577,0.0,99.14712153518124,0
3650,54,0,0.25,-5.395720182102384,-9.251748876476405,2.1940987756593344,-0.003145727144900883,0,0,1,0,nan,3.6599999999999997,0.0,0.3529228,0.35151964,32.92003,-0.1668828,8.088859,2.122509,22.107655,0.1319533,0.0,87.20682302771856,0
3650,55,0,0.25,-2.5815543227512254,6.595794862648262,12.330058882572075,-0.0064552899750145495,0,0,1,1,nan,0.45999999999999996,0.0,0.3666911,0.34511453,19.63187,-0.6614048,8.563822,2.6605756,20.44141,0.11326504,0.0,99.14712153518124,0
3650,56,0,0.25,-3.6572221435456935,9.057987901394899,-8.363286474395256,0.003561881217596565,0,0,1,1,nan,0.48,0.0,0.35464317,0.3460006,19.921593,-0.66126245,8.83564,2.6567054,19.63367,0.110022664,0.0,99.14712153518124,0
3650,57,0,0.25,0.30114258463429167,-4.880698188647945,17.441742801958533,0.006920151226158177,0,0,1,1,nan,0.48,0.0,0.3665638,0.3453334,19.703344,-0.66137093,8.392908,2.6602643,19.91622,0.12277937,0.0,99.36034115138592,0
3650,58,0,0.25,-6.707843648359637,-9.10178761215342,-2.5961175998784825,-0.009194925201201526,0,0,1,1,nan,0.45999999999999996,0.0,0.35484692,0.345252,19.676779,-0.66138345,7.96336,2.6587374,21.530638,0.12922883,0.0,99.36034115138592,0
3650,59,0,0.25,9.847511281116741,7.833545325098278,9.94432077827797,-0.001007346231546389,0,0,1,1,nan,0.5,0.0,0.3548343,0.34559792,19.789911,-0.6613291,8.622005,2.6605084,19.729061,0.119717,0.0,99.57356076759062,0
3650,60,0,0.25,7.8158498175704985,7.8689327939572635,0.7543344154579614,0.007849753793746526,0,0,1,1,nan,0.45999999999999996,0.0,0.36664712,0.3453163,19.697725,-0.66137344,8.542776,2.6586366,19.709257,0.12064028,0.0,98.93390191897655,0
3650,61,0,0.25,-3.6814189633841394,5.4402486422197605,6.466450526710442,0.004992372378457351,0,0,1,1,nan,0.48,0.0,0.35594368,0.34571302,19.82761,-0.6613105,8.403428,2.656043,19.421608,0.11301267,0.0,99.36034115138592,0
3650,62,0,0.25,-2.526845422525799,-8.110666638769695,9.871584453961042,0.009836154329952563,0,0,1,1,nan,0.45999999999999996,0.0,0.35553077,0.3456332,19.801517,-0.6613233,7.964043,2.6569455,21.63245,0.113770306,0.0,98.93390191897655,0
3650,63,0,0.25,-4.750789681542706,8.736263010675586,-10.36117699977261,0.0006282762319448753,0,0,1,1,nan,0.45999999999999996,0.0,0.37025774,0.3438723,19.223839,-0.6615807,8.73304,2.683582,19.374344,0.13108611,0.0,99.36034115138592,0
3900,0,1,0.25,0.0,0.0,0.0,0.0,0,0,1,1,nan,0.45999999999999996,0.0,0.35528263,0.34569988,19.36725,-0.6613878,8.269807,2.6896064,20.239262,0.10312122,0.0,99.36034115138592,0
3900,1,0,0.25,3.9473605811872776,-8.11645304224701,19.024894065470235,-0.0013087383060461939,0,0,1,1,nan,0.45999999999999996,0.0,0.35549864,0.34573826,19.382679,-0.6613813,8.565212,2.6887388,19.768322,0.11726314,0.0,99.14712153518124,0
3900,2,0,0.25,5.222794039807059,5.721286105539075,-14.875454692978165,-0.007364903342158651,0,0,1,1,nan,0.45999999999999996,0.0,0.35937595,0.34553367,19.300264,-0.66141516,8.6558075,2.691205,19.312872,0.12023103,0.0,99.57356076759062,0
3900,3,0,0.25,-0.9922812420886569,-2.5840395153483753,17.07059955394407,-0.0074867229426292805,0,0,1,1,nan,0.45999999999999996,0.0,0.3698456,0.3454458,19.265038,-0.6614296,8.094995,2.6935554,21.115602,0.12252498,0.0,99.14712153518124,0
3900,4,0,0.25,2.8773024016132904,6.455232265416598,-2.263432046906754,0.009044994316913668,0,0,1,1,nan,0.45999999999999996,0.0,0.36376578,0.34581873,19.415339,-0.6613678,8.1584215,2.6841557,20.353794,0.102994084,0.0,99.36034115138592,0
3900,5,0,0.25,-5.455225564304462,1.0916957403166965,-17.447309755832986,-0.00035938480827298926,0,0,1,1,nan,0.45999999999999996,0.0,0.35826054,0.34636945,19.639778,-0.6612705,8.515239,2.6860662,21.413769,0.1164667,0.0,98.93390191897655,0
3900,6,0,0.25,6.55262343985164,2.6332879824412974,10.323509603414955,0.009064110498103779,0,0,1,1,nan,0.45999999999999996,0.0,0.3617485,0.3452993,19.206375,-0.6614534,8.811484,2.6913872,19.185307,0.12000108,0.0,99.36034115138592,0
3900,7,0,0.25,-2.9094806374026323,9.413960487898066,15.724844852887905,-0.006728462445797801,0,0,1,1,nan,0.45999999999999996,0.0,0.35670683,0.34562814,19.338238,-0.66139966,8.639863,2.6859589,20.005009,0.10912347,0.0,99.36034115138592,0
3900,8,0,0.25,5.567669941475238,-6.1072258429606485,-1.331159850918631,0.0010883310407986714,0,0,1,1,nan,0.45999999999999996,0.0,0.3565265,0.34567592,19.357586,-0.6613917,8.34625,2.689725,20.282045,0.120082796,0.0,99.36034115138592,0
3900,9,0,0.25,-9.123924684255424,-6.914210158649043,7.321958129698185,-0.005845654932969215,0,0,1,1,nan,0.45999999999999996,0.0,0.36480927,0.34458354,18.922646,-0.66156226,8.836766,2.6997764,20.709835,0.11998737,0.0,99.14712153518124,0
3900,10,0,0.25,4.895243118156342,9.350194648684202,-6.966985674473921,-0.004936307877467969,0,0,1,1,nan,0.48,0.0,0.35835335,0.34553763,19.301868,-0.6614145,8.61576,2.689202,20.846878,0.11534512,0.0,99.36034115138592,0
3900,11,0,0.25,-2.5908058793026223,-0.6088837744838411,-12.421145636628573,-0.009398908424776425,0,0,1,1,nan,1.7000000000000002,0.0,0.35675642,0.34606194,19.514162,-0.66132575,8.270829,2.622408,21.871912,0.12743956,0.0,98.08102345415777,0
3900,12,0,0.25,-7.401569893290567,-0.48590147548132556,-10.923626037964635,-0.007620933785195774,0,0,1,1,nan,0.45999999999999996,0.0,0.3652342,0.34516513,19.152802,-0.66147494,8.743563,2.6897418,20.06119,0.10638249,0.0,99.36034115138592,0
3900,13,0,0.25,3.396279893650206,-1.2569616225533853,13.307127842313498,0.008336968152583916,0,0,1,1,nan,0.45999999999999996,0.0,0.35903355,0.34559622,19.325397,-0.66140485,8.52771,2.6891847,19.879711,0.1119616,0.0,99.14712153518124,0
3900,14,0,0.25,4.005302040044983,-3.7526671723591782,13.290392055808042,-0.003569340170353366,0,0,1,1,nan,0.45999999999999996,0.0,0.35571355,0.34574276,19.384499,-0.6613805,8.25883,2.6881716,19.995487,0.1088174,0.0,99.36034115138592,0
3900,15,0,0.25,6.095287149936038,-2.2504324193965104,-8.466875842790236,0.002162584238291831,0,0,1,1,nan,0.45999999999999996,0.0,0.35897797,0.34554487,19.304796,-0.66141325,8.639875,2.6886394,19.472124,0.106865466,0.0,99.36034115138592,0
3900,16,0,0.25,3.6499100794995094,-7.204950327813804,-12.003671900995666,-0.0006997173602145395,0,0,1,1,nan,0.45999999999999996,0.0,0.35995305,0.3456134,19.33229,-0.66140205,8.418085,2.6845315,22.05409,0.13339853,0.0,98.93390191897655,0
3900,17,0,0.25,-9.85275460497989,5.738487550042768,6.594034263681287,-0.001990975095094433,0,0,1,1,nan,0.48,0.0,0.35329247,0.3456123,19.331844,-0.6614022,8.343055,2.685447,20.356382,0.13179135,0.0,99.14712153518124,0
3900,18,0,0.25,4.1033075725267025,5.614580620439359,-1.6433689784664018,0.0006377218269213621,0,0,1,1,nan,0.45999999999999996,0.0,0.3582405,0.3456845,19.361052,-0.66139024,8.52851,2.6891966,20.701447,0.12603086,0.0,99.36034115138592,0
3900,19,0,0.25,1.3748239190578744,-7.204060037446851,-15.418797058561061,-0.00625522110769317,0,0,1,1,nan,0.45999999999999996,0.0,0.36843356,0.34447837,18.881195,-0.6615774,8.646538,2.707527,21.09123,0.13952899,0.0,99.14712153518124,0
3900,20,0,0.25,3.368059235809433,-0.5780758771373495,2.609444259247553,0.00977207797039153,0,0,1,1,nan,0.48,0.0,0.35402462,0.34566095,19.351524,-0.6613941,8.715085,2.689789,19.887003,0.11793947,0.0,99.36034115138592,0
3900,21,0,0.25,5.299977148320512,2.694366400011816,2.143176026319832,0.006366157374077258,0,0,1,1,nan,0.48,0.0,0.35580376,0.3456053,19.329042,-0.66140336,8.603409,2.691814,20.068083,0.10966587,0.0,99.14712153518124,0
3900,22,0,0.25,1.1841432149082713,-3.920998038747756,-18.767286617282423,0.004832292654630305,0,0,1,1,nan,0.45999999999999996,0.0,0.359892,0.3454779,19.277834,-0.6614243,8.496517,2.6891675,22.226097,0.11922383,0.0,99.36034115138592,0
3900,23,0,0.25,-1.2656522153527519,-5.708306543609416,-3.658854251014553,-0.00062481405972095,0,0,1,1,nan,1.52,0.0,0.36278543,0.34581435,19.413572,-0.6613685,8.457651,2.6234105,21.663218,0.12666732,0.0,98.08102345415777,0
3900,24,0,0.25,7.068061465363321,-5.321210282693185,-17.66789033243736,-0.00694245755747328,0,0,1,1,nan,0.45999999999999996,0.0,0.36048964,0.34562954,19.338808,-0.6613995,8.761839,2.6869698,21.937674,0.122392535,0.0,98.93390191897655,0
3900,25,0,0.25,-4.372322159560069,-4.128124844666328,6.476660589075802,0.008413317165471357,0,0,1,1,nan,0.45999999999999996,0.0,0.36023065,0.3452961,19.205097,-0.66145396,8.563802,2.6894531,19.892488,0.11238074,0.0,99.36034115138592,0
3900,26,0,0.25,1.1406430468255664,5.677964182128271,6.5725416130955026,-0.003172258652365447,0,0,1,1,nan,0.48,0.0,0.36866087,0.34418786,18.766846,-0.6616185,8.573879,2.7118578,21.868341,0.11453092,0.0,99.36034115138592,0
3900,27,0,0.25,-1.8722627711985886,6.280407693320694,-13.321083203691844,-0.008997866206061324,0,0,1,1,nan,0.45999999999999996,0.0,0.35848522,0.3451517,19.147425,-0.661477,8.557994,2.6917691,20.719322,0.112398624,0.0,100.0,0
3900,28,0,0.25,-9.54575853732279,-8.199042784487165,8.894374023858013,-0.003151926463787427,0,0,1,1,nan,0.43999999999999995,0.0,0.35935614,0.34533414,19.22033,-0.6614478,8.288235,2.6838665,22.259424,0.13532257,0.0,99.14712153518124,0
3900,29,0,0.25,-0.7624553949722532,-6.774564419327964,0.04179100413454151,0.005889140609917689,0,0,1,1,nan,0.48,0.0,0.35344234,0.3456442,19.344742,-0.66139704,8.733112,2.6861286,20.54658,0.106898665,0.0,99.36034115138592,0
3900,30,0,0.25,-6.953757945736632,3.9264075015547206,-2.1537489770387737,0.002454174899764164,0,0,1,1,nan,0.48,0.0,0.35539833,0.34583735,19.42282,-0.6613646,8.749552,2.6832447,20.999992,0.109255075,0.0,99.36034115138592,0
3900,31,0,0.25,-2.3795754780703504,-3.96975821704247,5.211303724755538,0.005016771694897193,0,0,1,1,nan,0.45999999999999996,0.0,0.35777926,0.34568775,19.362377,-0.6613897,8.403543,2.6863089,19.660725,0.12128508,0.0,99.14712153518124,0
3900,32,0,0.25,-2.763747788932191,-8.24700161367798,-15.279763915179387,0.005872707677247549,0,0,1,1,nan,1.6,0.0,0.36209932,0.34591493,19.45437,-0.66135126,8.484339,2.622106,21.724913,0.11554897,0.0,97.6545842217484,0
3900,33,0,0.25,9.23795329099029,8.171613814152142,7.988285352429983,-0.005760907778389148,0,0,1,1,nan,1.3199999999999998,0.0,0.35938787,0.3458003,19.407883,-0.66137075,8.851178,2.6367455,22.484127,0.124337554,0.0,97.6545842217484,0
3900,34,0,0.25,-4.682600770809609,9.383527546954479,11.150036158631785,0.008475666321863603,0,0,1,1,nan,0.45999999999999996,0.0,0.35972005,0.3457352,19.381437,-0.6613818,8.3137865,2.68366,20.617016,0.11945355,0.0,100.0,0
3900,35,0,0.25,4.337803783179911,-1.0127699571242275,-9.11033752619364,-0.0012402079415925488,0,0,1,1,nan,0.48,0.0,0.3568792,0.34575778,19.390596,-0.6613781,8.239984,2.6855497,20.493187,0.11200726,0.0,99.36034115138592,0
3900,36,0,0.25,-8.072180756930013,8.052047930876832,-1.7689484066555572,0.0027802729852832928,0,0,1,1,nan,0.45999999999999996,0.0,0.3603321,0.3454719,19.275429,-0.66142523,8.71283,2.6910903,19.54293,0.120671034,0.0,99.36034115138592,0
3900,37,0,0.25,-5.952732704095394,-3.8808675169869495,3.1687827576758387,-0.00995382454826516,0,0,1,1,nan,0.48,0.0,0.3521062,0.34570295,19.368488,-0.66138726,8.5613,2.6856878,20.759113,0.10639918,0.0,99.36034115138592,0
3900,38,0,0.25,-6.464544341215365,7.1322856818475096,10.340781193408404,0.00986736996822356,0,0,1,1,nan,0.45999999999999996,0.0,0.35736448,0.34572628,19.377842,-0.6613832,8.410496,2.684606,20.52355,0.12183833,0.0,99.14712153518124,0
3900,39,0,0.25,4.389259119018735,-1.3581392044979257,5.092353628097726,-0.0043820722807168975,0,0,1,1,nan,0.48,0.0,0.3699348,0.3443171,18.81773,-0.66160035,8.442027,2.711473,20.893433,0.11450267,0.0,99.57356076759062,0
3900,40,0,0.25,1.681959378254712,2.9969320310963994,-16.622227154404435,-0.008758737869196896,0,0,1,1,nan,0.48,0.0,0.35574204,0.34577373,19.39706,-0.66137534,8.777453,2.6828961,22.149866,0.13010871,0.0,99.36034115138592,0
3900,41,0,0.25,-1.683851956587807,-9.16771652276215,-0.2403672302192419,-0.0008347591692697207,0,0,1,1,nan,0.45999999999999996,0.0,0.3634828,0.3446378,18.944143,-0.66155434,8.506418,2.6991773,21.967236,0.11807704,0.0,98.93390191897655,0
3900,42,0,0.25,-3.4027757533442937,-7.109516222679062,-15.863881291097934,-0.007419398856359165,0,0,1,1,nan,0.48,0.0,0.35382816,0.34554833,19.306181,-0.6614127,8.239008,2.6899862,20.944437,0.116711736,0.0,99.36034115138592,0
3900,43,0,0.25,1.7528914435542404,-6.588140629262278,17.004804735071886,-0.0069534657968484855,0,0,1,1,nan,0.48,0.0,0.3549611,0.34564587,19.345427,-0.66139674,8.676764,2.6897068,20.557562,0.10514814,0.0,99.36034115138592,0
3900,44,0,0.25,1.621222794007899,-3.0626039093032587,3.63661965925667,0.002645656260604203,0,0,1,1,nan,0.48,0.0,0.35292917,0.3459673,19.475576,-0.66134226,8.841276,2.6843224,20.389526,0.11766195,0.0,99.36034115138592,0
3900,45,0,0.25,-9.54392257940605,9.171184264828906,-0.7078625222839889,-0.002141452168595334,0,0,1,1,nan,0.45999999999999996,0.0,0.3584707,0.34514517,19.144842,-0.6614781,8.698109,2.6876497,22.087711,0.1126343,0.0,99.36034115138592,0
3900,46,0,0.25,5.654704545005725,-8.345400001551228,-0.533666766473587,0.008437049003099903,0,0,1,1,nan,0.45999999999999996,0.0,0.36201066,0.3448572,19.030739,-0.6615221,8.404898,2.696281,23.104883,0.12704456,0.0,98.93390191897655,0
3900,47,0,0.25,-0.18586011290958204,8.756529099499659,2.8691220950430143,-0.0036168701078385986,0,0,1,1,nan,0.48,0.0,0.36590856,0.34401333,18.698198,-0.6616424,8.4636135,2.710756,22.30404,0.11517328,0.0,99.14712153518124,0
3900,48,0,0.25,-0.5302119788609243,-4.660486738162128,-6.737240106297913,0.0045236025676780225,0,0,1,1,nan,0.48,0.0,0.3558124,0.34574008,19.383415,-0.661381,8.764432,2.6864846,19.694887,0.110127926,0.0,99.14712153518124,0
3900,49,0,0.25,0.4134480494307553,-1.2217707938990667,-19.135516804786782,-0.0007780113969018468,0,0,1,1,nan,0.48,0.0,0.3525685,0.34559068,19.323206,-0.66140586,8.428653,2.686369,20.776571,0.11352384,0.0,99.14712153518124,0
3900,50,0,0.25,6.525838483887156,7.923215436795335,-14.39003644005557,0.0031990260225855764,0,0,1,1,nan,0.48,0.0,0.35543966,0.34569952,19.367088,-0.66138786,8.722838,2.689047,20.57693,0.11803067,0.0,99.36034115138592,0
3900,51,0,0.25,1.0807228707809884,-7.828485177291129,6.889603721592469,0.0019939071343198084,0,0,1,1,nan,1.2799999999999998,0.0,0.36064386,0.34562373,19.336481,-0.6614004,8.18104,2.6355112,22.87789,0.13868439,0.0,98.08102345415777,0
3900,52,0,0.25,-4.375324323219834,3.1884526938380358,9.079784571475304,-0.0005443205448200355,0,0,1,1,nan,0.48,0.0,0.3577171,0.34568736,19.362228,-0.66138977,8.639234,2.6859093,19.40811,0.11072081,0.0,99.14712153518124,0
3900,53,0,0.25,5.37294983835314,-7.845181080882069,16.640473805504314,0.009001221892488741,0,0,1,1,nan,0.45999999999999996,0.0,0.3664391,0.34535095,19.227005,-0.6614451,8.884487,2.6928,21.123575,0.14972436,0.0,99.36034115138592,0
3900,54,0,0.25,-5.395720182102384,-9.251748876476405,2.1940987756593344,-0.003145727144900883,0,0,1,1,nan,1.2999999999999998,0.0,0.36001658,0.3454843,19.280403,-0.66142327,7.9730372,2.6346056,22.94872,0.12395811,0.0,97.44136460554371,0
3900,55,0,0.25,-2.5815543227512254,6.595794862648262,12.330058882572075,-0.0064552899750145495,0,0,1,1,nan,0.43999999999999995,0.0,0.36871734,0.34555048,19.30706,-0.66141236,8.372035,2.6880002,21.049765,0.11806011,0.0,99.14712153518124,0
3900,56,0,0.25,-3.6572221435456935,9.057987901394899,-8.363286474395256,0.003561881217596565,0,0,1,1,nan,0.48,0.0,0.35487974,0.34581196,19.412624,-0.66136885,8.654011,2.6810896,20.694738,0.11448133,0.0,99.36034115138592,0
3900,57,0,0.25,0.30114258463429167,-4.880698188647945,17.441742801958533,0.006920151226158177,0,0,1,1,nan,0.48,0.0,0.36318728,0.34458125,18.92174,-0.6615627,8.776512,2.7009766,20.924417,0.11708486,0.0,99.14712153518124,0
3900,58,0,0.25,-6.707843648359637,-9.10178761215342,-2.5961175998784825,-0.009194925201201526,0,0,1,1,nan,0.45999999999999996,0.0,0.36298138,0.34487924,19.039434,-0.66151863,8.328083,2.6910574,22.700842,0.11948717,0.0,99.36034115138592,0
3900,59,0,0.25,9.847511281116741,7.833545325098278,9.94432077827797,-0.001007346231546389,0,0,1,1,nan,0.48,0.0,0.35488397,0.34569472,19.365183,-0.66138864,8.618876,2.6900165,21.052858,0.11906922,0.0,99.57356076759062,0
3900,60,0,0.25,7.8158498175704985,7.8689327939572635,0.7543344154579614,0.007849753793746526,0,0,1,1,nan,0.45999999999999996,0.0,0.37113023,0.34541047,19.250835,-0.6614353,8.439932,2.6903799,19.371063,0.121314764,0.0,98.93390191897655,0
3900,61,0,0.25,-3.6814189633841394,5.4402486422197605,6.466450526710442,0.004992372378457351,0,0,1,1,nan,0.45999999999999996,0.0,0.35463235,0.34567073,19.355476,-0.6613925,8.36484,2.689379,19.855742,0.12270039,0.0,99.36034115138592,0
3900,62,0,0.25,-2.526845422525799,-8.110666638769695,9.871584453961042,0.009836154329952563,0,0,1,1,nan,0.45999999999999996,0.0,0.36626273,0.34432477,18.82071,-0.66159934,8.693262,2.7083323,22.102732,0.1118263,0.0,98.93390191897655,0
3900,63,0,0.25,-4.750789681542706,8.736263010675586,-10.36117699977261,0.0006282762319448753,0,0,1,1,nan,0.45999999999999996,0.0,0.36695704,0.34468073,18.960981,-0.661548,8.473697,2.6997116,18.631495,0.12599969,0.0,99.14712153518124,0
4150,0,1,0.25,0.0,0.0,0.0,0.0,0,0,1,1,nan,0.45999999999999996,0.0,0.35480514,0.34610146,18.251173,-0.6614635,9.083729,2.6895275,20.45471,0.12648398,0.0,99.36034115138592,0
4150,1,0,0.25,3.9473605811872776,-8.11645304224701,19.024894065470235,-0.0013087383060461939,0,0,1,1,nan,0.45999999999999996,0.0,0.35640717,0.34643775,18.398966,-0.6614047,9.104937,2.6907756,20.531588,0.119302034,0.0,99.14712153518124,0
4150,2,0,0.25,5.222794039807059,5.721286105539075,-14.875454692978165,-0.007364903342158651,0,0,1,1,nan,0.45999999999999996,0.0,0.3591397,0.34624442,18.313776,-0.6614389,9.162858,2.6899483,19.568874,0.11114371,0.0,99.57356076759062,0
4150,3,0,0.25,-0.9922812420886569,-2.5840395153483753,17.07059955394407,-0.0074867229426292805,0,0,1,1,nan,0.43999999999999995,0.0,0.36050683,0.34634325,18.357233,-0.6614216,8.964379,2.68777,21.081238,0.13726532,0.0,99.36034115138592,0
4150,4,0,0.25,2.8773024016132904,6.455232265416598,-2.263432046906754,0.009044994316913668,0,0,1,1,nan,0.45999999999999996,0.0,0.35915142,0.34645438,18.406332,-0.6614017,8.894728,2.6831365,19.8874,0.108210325,0.0,99.36034115138592,0
4150,5,0,0.25,-5.455225564304462,1.0916957403166965,-17.447309755832986,-0.00035938480827298926,0,0,1,1,nan,0.45999999999999996,0.0,0.35467654,0.3465276,18.438774,-0.6613886,9.394316,2.6845553,21.144543,0.12847686,0.0,99.14712153518124,0
4150,6,0,0.25,6.55262343985164,2.6332879824412974,10.323509603414955,0.009064110498103779,0,0,1,1,nan,0.45999999999999996,0.0,0.355882,0.3463698,18.36901,-0.6614168,9.566932,2.6907933,20.55773,0.12014818,0.0,99.36034115138592,0
4150,7,0,0.25,-2.9094806374026323,9.413960487898066,15.724844852887905,-0.006728462445797801,0,0,1,1,nan,0.45999999999999996,0.0,0.36114702,0.34620282,18.295467,-0.6614462,8.966089,2.6894076,20.205763,0.11007786,0.0,99.36034115138592,0
4150,8,0,0.25,5.567669941475238,-6.1072258429606485,-1.331159850918631,0.0010883310407986714,0,0,1,1,nan,0.45999999999999996,0.0,0.35816234,0.34607777,18.240871,-0.66146743,9.260082,2.6883419,19.667166,0.12401974,0.0,99.36034115138592,0
4150,9,0,0.25,-9.123924684255424,-6.914210158649043,7.321958129698185,-0.005845654932969215,0,0,1,1,nan,0.43999999999999995,0.0,0.360554,0.34578383,18.113697,-0.66151583,8.642782,2.692929,23.414932,0.11736512,0.0,99.36034115138592,0
4150,10,0,0.25,4.895243118156342,9.350194648684202,-6.966985674473921,-0.004936307877467969,0,0,1,1,nan,0.45999999999999996,0.0,0.3600837,0.34630486,18.3403,-0.6614284,9.298838,2.6861484,20.275988,0.1173079,0.0,99.36034115138592,0
4150,11,0,0.25,-2.5908058793026223,-0.6088837744838411,-12.421145636628573,-0.009398908424776425,0,0,1,1,nan,0.45999999999999996,0.0,0.3546034,0.3462466,18.314726,-0.6614385,8.768461,2.6847668,20.760847,0.11968076,0.0,99.36034115138592,0
4150,12,0,0.25,-7.401569893290567,-0.48590147548132556,-10.923626037964635,-0.007620933785195774,0,0,1,1,nan,0.43999999999999995,0.0,0.3595435,0.3462004,18.294428,-0.66144663,8.624444,2.6855595,19.50285,0.11763942,0.0,99.36034115138592,0
4150,13,0,0.25,3.396279893650206,-1.2569616225533853,13.307127842313498,0.008336968152583916,0,0,1,1,nan,0.45999999999999996,0.0,0.35637477,0.3463206,18.34721,-0.66142565,8.782646,2.6931896,20.198925,0.109131694,0.0,99.14712153518124,0
4150,14,0,0.25,4.005302040044983,-3.7526671723591782,13.290392055808042,-0.003569340170353366,0,0,1,1,nan,0.45999999999999996,0.0,0.36101717,0.34630403,18.339922,-0.66142845,9.034392,2.6877208,19.426908,0.11579406,0.0,99.36034115138592,0
4150,15,0,0.25,6.095287149936038,-2.2504324193965104,-8.466875842790236,0.002162584238291831,0,0,1,1,nan,0.45999999999999996,0.0,0.35561827,0.34620112,18.294727,-0.6614465,9.180475,2.6903584,20.393225,0.11682141,0.0,99.36034115138592,0
4150,16,0,0.25,3.6499100794995094,-7.204950327813804,-12.003671900995666,-0.0006997173602145395,0,0,1,1,nan,0.45999999999999996,0.0,0.36582696,0.3450821,17.815771,-0.66162544,8.420775,2.7143965,22.677414,0.1200012,0.0,99.36034115138592,0
4150,17,0,0.25,-9.85275460497989,5.738487550042768,6.594034263681287,-0.001990975095094433,0,0,1,1,nan,0.48,0.0,0.3535573,0.3465015,18.42725,-0.6613933,8.9124975,2.6812472,20.977875,0.12284756,0.0,98.93390191897655,0
4150,18,0,0.25,4.1033075725267025,5.614580620439359,-1.6433689784664018,0.0006377218269213621,0,0,1,1,nan,0.45999999999999996,0.0,0.35568938,0.34640214,18.38325,-0.66141105,8.394122,2.6890094,20.868158,0.11428261,0.0,98.72068230277186,0
4150,19,0,0.25,1.3748239190578744,-7.204060037446851,-15.418797058561061,-0.00625522110769317,0,0,1,1,nan,0.43999999999999995,0.0,0.36711392,0.34602275,18.216927,-0.6614767,9.126324,2.6937315,20.955309,0.12726378,0.0,99.36034115138592,0
4150,20,0,0.25,3.368059235809433,-0.5780758771373495,2.609444259247553,0.00977207797039153,0,0,1,1,nan,0.45999999999999996,0.0,0.36071315,0.34591255,18.169203,-0.66149485,8.177892,2.6933143,20.13132,0.1261673,0.0,99.57356076759062,0
4150,21,0,0.25,5.299977148320512,2.694366400011816,2.143176026319832,0.006366157374077258,0,0,1,1,nan,0.45999999999999996,0.0,0.36454815,0.34637073,18.369404,-0.6614167,8.798374,2.6849911,21.354582,0.12145269,0.0,99.36034115138592,0
4150,22,0,0.25,1.1841432149082713,-3.920998038747756,-18.767286617282423,0.004832292654630305,0,0,1,1,nan,0.45999999999999996,0.0,0.3565073,0.34629574,18.336302,-0.66143,9.0931225,2.6875288,20.209787,0.11357111,0.0,99.36034115138592,0
4150,23,0,0.25,-1.2656522153527519,-5.708306543609416,-3.658854251014553,-0.00062481405972095,0,0,1,1,nan,0.45999999999999996,0.0,0.35371545,0.34661943,18.479689,-0.661372,9.619692,2.6809685,21.288374,0.13654244,0.0,99.36034115138592,0
4150,24,0,0.25,7.068061465363321,-5.321210282693185,-17.66789033243736,-0.00694245755747328,0,0,1,1,nan,0.45999999999999996,0.0,0.36746818,0.345136,17.83846,-0.66161734,9.229213,2.715298,22.374018,0.121469975,0.0,98.93390191897655,0
4150,25,0,0.25,-4.372322159560069,-4.128124844666328,6.476660589075802,0.008413317165471357,0,0,1,1,nan,0.45999999999999996,0.0,0.3585415,0.34574732,18.098179,-0.66152155,8.900865,2.6943307,19.470875,0.12624228,0.0,99.36034115138592,0
4150,26,0,0.25,1.1406430468255664,5.677964182128271,6.5725416130955026,-0.003172258652365447,0,0,1,1,nan,0.45999999999999996,0.0,0.3594025,0.34631115,18.343063,-0.6614273,9.2854595,2.6879792,19.257515,0.12809193,0.0,99.57356076759062,0
4150,27,0,0.25,-1.8722627711985886,6.280407693320694,-13.321083203691844,-0.008997866206061324,0,0,1,1,nan,0.45999999999999996,0.0,0.35736343,0.3464444,18.401909,-0.6614036,8.425502,2.6845872,21.333452,0.12526214,0.0,99.57356076759062,0
4150,28,0,0.25,-9.54575853732279,-8.199042784487165,8.894374023858013,-0.003151926463787427,0,0,1,1,nan,0.43999999999999995,0.0,0.36164758,0.34600285,18.208263,-0.6614799,8.974775,2.6902795,23.077366,0.13931489,0.0,99.14712153518124,0
4150,29,0,0.25,-0.7624553949722532,-6.774564419327964,0.04179100413454151,0.005889140609917689,0,0,1,1,nan,0.45999999999999996,0.0,0.3547684,0.34668374,18.508436,-0.66136026,8.601545,2.68318,20.409325,0.11517936,0.0,99.36034115138592,0
4150,30,0,0.25,-6.953757945736632,3.9264075015547206,-2.1537489770387737,0.002454174899764164,0,0,1,1,nan,0.45999999999999996,0.0,0.35543182,0.3462723,18.326069,-0.6614342,8.233525,2.6866596,21.402508,0.11191797,0.0,98.93390191897655,0
4150,31,0,0.25,-2.3795754780703504,-3.96975821704247,5.211303724755538,0.005016771694897193,0,0,1,1,nan,0.45999999999999996,0.0,0.3624038,0.34545767,17.974659,-0.6615679,8.787679,2.704538,19.624739,0.12217939,0.0,99.36034115138592,0
4150,32,0,0.25,-2.763747788932191,-8.24700161367798,-15.279763915179387,0.005872707677247549,0,0,1,1,nan,0.45999999999999996,0.0,0.36550155,0.34530106,17.908337,-0.66159195,8.233392,2.7040246,23.012274,0.124819696,0.0,99.36034115138592,0
4150,33,0,0.25,9.23795329099029,8.171613814152142,7.988285352429983,-0.005760907778389148,0,0,1,1,nan,0.45999999999999996,0.0,0.3549087,0.34610283,18.251755,-0.66146326,8.310528,2.6957722,21.039362,0.10707396,0.0,99.57356076759062,0
4150,34,0,0.25,-4.682600770809609,9.383527546954479,11.150036158631785,0.008475666321863603,0,0,1,1,nan,0.45999999999999996,0.0,0.35946074,0.34591672,18.171005,-0.66149414,8.826134,2.6873393,20.204857,0.11665118,0.0,99.7867803837953,0
4150,35,0,0.25,4.337803783179911,-1.0127699571242275,-9.11033752619364,-0.0012402079415925488,0,0,1,1,nan,0.45999999999999996,0.0,0.35681435,0.34635228,18.361252,-0.6614199,8.390721,2.686779,20.567457,0.120890915,0.0,99.36034115138592,0
4150,36,0,0.25,-8.072180756930013,8.052047930876832,-1.7689484066555572,0.0027802729852832928,0,0,1,1,nan,0.45999999999999996,0.0,0.35666376,0.34585604,18.144875,-0.661504,9.109056,2.693419,19.653355,0.122226596,0.0,99.36034115138592,0
4150,37,0,0.25,-5.952732704095394,-3.8808675169869495,3.1687827576758387,-0.00995382454826516,0,0,1,1,nan,0.45999999999999996,0.0,0.3545273,0.34634182,18.356592,-0.66142184,8.330964,2.686072,20.943117,0.12046087,0.0,99.36034115138592,0
4150,38,0,0.25,-6.464544341215365,7.1322856818475096,10.340781193408404,0.00986736996822356,0,0,1,1,nan,0.43999999999999995,0.0,0.35903847,0.3462976,18.337116,-0.6614296,8.752755,2.6817803,20.463926,0.11916852,0.0,98.93390191897655,0
4150,39,0,0.25,4.389259119018735,-1.3581392044979257,5.092353628097726,-0.0043820722807168975,0,0,1,1,nan,0.45999999999999996,0.0,0.36325976,0.34618837,18.289171,-0.66144866,9.653433,2.6859007,20.565002,0.12646663,0.0,99.57356076759062,0
4150,40,0,0.25,1.681959378254712,2.9969320310963994,-16.622227154404435,-0.008758737869196896,0,0,1,1,nan,0.45999999999999996,0.0,0.35652843,0.34627205,18.32594,-0.6614342,8.212951,2.6885536,21.30958,0.124917746,0.0,99.36034115138592,0
4150,41,0,0.25,-1.683851956587807,-9.16771652276215,-0.2403672302192419,-0.0008347591692697207,0,0,1,1,nan,0.43999999999999995,0.0,0.36391538,0.345283,17.900663,-0.6615947,8.625177,2.707192,22.488556,0.122440696,0.0,98.93390191897655,0
4150,42,0,0.25,-3.4027757533442937,-7.109516222679062,-15.863881291097934,-0.007419398856359165,0,0,1,1,nan,0.45999999999999996,0.0,0.35267395,0.34610015,18.250587,-0.6614638,8.578313,2.6899416,20.181332,0.12443894,0.0,99.36034115138592,0
4150,43,0,0.25,1.7528914435542404,-6.588140629262278,17.004804735071886,-0.0069534657968484855,0,0,1,1,nan,0.48,0.0,0.35652956,0.3462747,18.327137,-0.66143364,9.015041,2.6860628,21.292944,0.11641157,0.0,99.36034115138592,0
4150,44,0,0.25,1.621222794007899,-3.0626039093032587,3.63661965925667,0.002645656260604203,0,0,1,1,nan,0.45999999999999996,0.0,0.35817158,0.34600517,18.209255,-0.6614796,8.819762,2.6882012,20.094398,0.106539965,0.0,99.36034115138592,0
4150,45,0,0.25,-9.54392257940605,9.171184264828906,-0.7078625222839889,-0.002141452168595334,0,0,1,1,nan,0.45999999999999996,0.0,0.35610506,0.3464058,18.38483,-0.66141045,8.416413,2.6820498,20.481558,0.1138438,0.0,99.57356076759062,0
4150,46,0,0.25,5.654704545005725,-8.345400001551228,-0.533666766473587,0.008437049003099903,0,0,1,1,nan,0.43999999999999995,0.0,0.36252245,0.3458914,18.160027,-0.66149825,9.305014,2.6969466,23.374643,0.11270046,0.0,98.93390191897655,0
4150,47,0,0.25,-0.18586011290958204,8.756529099499659,2.8691220950430143,-0.0036168701078385986,0,0,1,1,nan,0.45999999999999996,0.0,0.35487005,0.34622118,18.30352,-0.661443,8.3971615,2.684007,20.73983,0.120951355,0.0,99.57356076759062,0
4150,48,0,0.25,-0.5302119788609243,-4.660486738162128,-6.737240106297913,0.0045236025676780225,0,0,1,1,nan,0.45999999999999996,0.0,0.35586423,0.3463264,18.349775,-0.66142464,8.381953,2.6861775,20.867739,0.120274305,0.0,99.36034115138592,0
4150,49,0,0.25,0.4134480494307553,-1.2217707938990667,-19.135516804786782,-0.0007780113969018468,0,0,1,1,nan,0.45999999999999996,0.0,0.35640934,0.34644315,18.401352,-0.66140383,8.938756,2.6853755,20.84741,0.11439812,0.0,98.72068230277186,0
4150,50,0,0.25,6.525838483887156,7.923215436795335,-14.39003644005557,0.0031990260225855764,0,0,1,1,nan,0.45999999999999996,0.0,0.35945827,0.346369,18.368647,-0.66141695,8.46634,2.6862159,21.237963,0.10771048,0.0,98.93390191897655,0
4150,51,0,0.25,1.0807228707809884,-7.828485177291129,6.889603721592469,0.0019939071343198084,0,0,1,1,nan,0.43999999999999995,0.0,0.36200732,0.34572098,18.086836,-0.6615259,9.260344,2.6941843,22.855888,0.12792015,0.0,99.14712153518124,0
4150,52,0,0.25,-4.375324323219834,3.1884526938380358,9.079784571475304,-0.0005443205448200355,0,0,1,1,nan,0.45999999999999996,0.0,0.3587916,0.3462819,18.330267,-0.66143245,9.238929,2.6846454,19.798386,0.123111725,0.0,99.36034115138592,0
4150,53,0,0.25,5.37294983835314,-7.845181080882069,16.640473805504314,0.009001221892488741,0,0,1,1,nan,0.45999999999999996,0.0,0.35565892,0.34640184,18.383102,-0.66141105,8.781493,2.684879,21.188877,0.12626642,0.0,99.36034115138592,0
4150,54,0,0.25,-5.395720182102384,-9.251748876476405,2.1940987756593344,-0.003145727144900883,0,0,1,1,nan,0.43999999999999995,0.0,0.36358064,0.3462285,18.306753,-0.66144174,8.46051,2.6884959,22.936169,0.121545434,0.0,98.50746268656717,0
4150,55,0,0.25,-2.5815543227512254,6.595794862648262,12.330058882572075,-0.0064552899750145495,0,0,1,1,nan,0.43999999999999995,0.0,0.36549187,0.3463749,18.371254,-0.66141593,8.448962,2.6833756,20.576084,0.12938213,0.0,99.36034115138592,0
4150,56,0,0.25,-3.6572221435456935,9.057987901394899,-8.363286474395256,0.003561881217596565,0,0,1,1,nan,0.45999999999999996,0.0,0.35553688,0.34627235,18.326075,-0.6614342,8.775433,2.6815999,21.634588,0.12128383,0.0,99.36034115138592,0
4150,57,0,0.25,0.30114258463429167,-4.880698188647945,17.441742801958533,0.006920151226158177,0,0,1,1,nan,0.45999999999999996,0.0,0.35973358,0.34599444,18.204607,-0.66148126,8.312565,2.6908932,19.29274,0.117744565,0.0,99.36034115138592,0
4150,58,0,0.25,-6.707843648359637,-9.10178761215342,-2.5961175998784825,-0.009194925201201526,0,0,1,1,nan,0.43999999999999995,0.0,0.36718398,0.34581456,18.126978,-0.6615107,9.3383665,2.6952505,22.621641,0.11471093,0.0,99.36034115138592,0
4150,59,0,0.25,9.847511281116741,7.833545325098278,9.94432077827797,-0.001007346231546389,0,0,1,1,nan,0.48,0.0,0.3598318,0.3462225,18.304108,-0.6614428,9.123196,2.6872432,22.229912,0.1208961,0.0,99.57356076759062,0
4150,60,0,0.25,7.8158498175704985,7.8689327939572635,0.7543344154579614,0.007849753793746526,0,0,1,1,nan,0.45999999999999996,0.0,0.36721388,0.34627047,18.325241,-0.6614345,8.450934,2.6865962,19.416475,0.11973119,0.0,99.36034115138592,0
4150,61,0,0.25,-3.6814189633841394,5.4402486422197605,6.466450526710442,0.004992372378457351,0,0,1,1,nan,0.45999999999999996,0.0,0.35833952,0.34640127,18.38285,-0.6614111,8.772593,2.6807716,20.636131,0.118620515,0.0,99.14712153518124,0
4150,62,0,0.25,-2.526845422525799,-8.110666638769695,9.871584453961042,0.009836154329952563,0,0,1,1,nan,0.43999999999999995,0.0,0.36839366,0.345753,18.100586,-0.6615206,9.274267,2.6976397,22.730268,0.14165485,0.0,98.93390191897655,0
4150,63,0,0.25,-4.750789681542706,8.736263010675586,-10.36117699977261,0.0006282762319448753,0,0,1,1,nan,0.45999999999999996,0.0,0.3567938,0.34643605,18.398224,-0.6614051,8.812825,2.6841543,20.227726,0.110913634,0.0,99.36034115138592,0
