iteration,elapsed_total_s,base_height,head_height,assisted_logged_success,max_qdot,max_torque,action_scale,pull_force,task,regu,style,target
0,168.58257174491882,0.14162768959999084,-0.014210316628450528,0.0,84.86798095703125,20.0,1.0,15.0,0.02761023517232388,-0.7882020218903198,-0.004235775542911142,0.0104065094422549
1,171.51708030700684,0.16567491561174394,-0.012270259810611606,0.03037974728813654,89.24925994873047,20.0,1.0,15.0,0.05466366916894913,-1.4676252388954163,-0.019573057442903517,0.004249514215625822
2,174.4499683380127,0.16648200184106826,-0.006971179805696011,0.0339425593497859,100.689453125,20.0,1.0,15.0,0.06716476812958717,-1.4813869500160217,-0.015936228036880492,0.004686993435025215
3,177.39333581924438,0.16726378470659256,-0.006800061822868884,0.02284263991538038,89.07523345947266,20.0,1.0,15.0,0.06842530384659767,-1.4765524458885193,-0.01243666235357523,0.0049138930533081295
4,180.34420251846313,0.16556605011224745,-0.006992375375702977,0.009367681778007704,98.02735900878906,20.0,1.0,15.0,0.07062440693378448,-1.4747108006477356,-0.011209713444113732,0.0049503864487633106
5,183.29498481750488,0.16492851793766022,-0.005575248240493238,0.019047619562063897,93.01211547851562,20.0,1.0,15.0,0.07309252202510834,-1.4721565628051758,-0.009545771796256304,0.00511061686091125
6,186.23774409294128,0.16385264396667482,-0.005177443873835727,0.01639344291957815,87.82177734375,20.0,1.0,15.0,0.07559311091899872,-1.4672814464569093,-0.007017977777868509,0.005351163949817419
7,189.1908450126648,0.16243507117033004,-0.005214111737441272,0.016666667003716742,87.17459106445312,20.0,1.0,15.0,0.0760290776193142,-1.4756608200073242,-0.0063266724534332755,0.005120278391987085
8,192.14202404022217,0.1609606498479843,-0.005469739744439721,0.014563107175879109,96.26750946044922,20.0,1.0,15.0,0.07539209768176079,-1.4831903243064881,-0.005443408535793424,0.0049089002422988415
9,195.10819721221924,0.15958669513463974,-0.0039547848992515355,0.002564102564102564,95.12322998046875,20.0,1.0,15.0,0.07868586763739586,-1.4899846172332765,-0.004271223195828498,0.005005946476012468
10,198.06737971305847,0.15887203454971313,-0.0038884663535282016,0.011961722630633121,93.53101348876953,20.0,1.0,15.0,0.0805407266318798,-1.4847588205337525,-0.003429650217294693,0.005028052465058863
11,201.0235743522644,0.15860001504421234,-0.0037462508952012287,0.005000000149011612,92.32128143310547,20.0,1.0,15.0,0.08059171006083489,-1.4831678462028504,-0.0028054876322858037,0.005064159650355577
12,203.987478017807,0.15958618730306626,-0.001555391667643562,0.013123359853827109,93.72382354736328,20.0,1.0,15.0,0.08396452695131301,-1.4859495520591737,-0.0025237257685512306,0.005336026214063167
13,206.94762420654297,0.15952805817127227,-0.0018454488448332994,0.01511335027608223,96.44951629638672,20.0,1.0,15.0,0.08526129528880119,-1.4782803750038147,-0.002232397864572704,0.005473502408713102
14,209.91253781318665,0.15991655647754668,-0.0014573626965284348,0.014251781844328248,90.92578125,20.0,1.0,15.0,0.0861190515756607,-1.4773690509796142,-0.0019646559725515545,0.005619148244149983
15,212.8748698234558,0.1587784081697464,-0.00044838942761998623,0.0047281323965136885,88.53778839111328,20.0,1.0,15.0,0.0903689543902874,-1.4716193342208863,-0.0016693030763417483,0.005835476499050855
16,215.8363265991211,0.1580058193206787,-0.00018815401213942095,0.004694835855647432,91.59339904785156,20.0,1.0,15.0,0.09021879315376281,-1.4767680859565735,-0.0016959246748592704,0.005600175792351365
17,218.7897653579712,0.15867888778448105,0.002030961134005338,0.023866348911014548,96.0985336303711,20.0,1.0,15.0,0.0948258300125599,-1.47902663230896,-0.0015050097811035812,0.005763703091070056
18,221.75521564483643,0.1602686360478401,0.0039024126576259733,0.021739130974679752,88.56229400634766,20.0,1.0,15.0,0.09969207718968391,-1.4824582958221435,-0.0013642723567318172,0.006284970827400684
19,224.7134816646576,0.15873760759830474,0.004618290156358853,0.015463917833013633,89.97156524658203,20.0,1.0,15.0,0.10067608386278153,-1.4762402749061585,-0.0011984295921865851,0.006071567051112652
20,227.66853594779968,0.161751426756382,0.005950486338697374,0.01690821299230419,94.04842376708984,20.0,1.0,15.0,0.10270031213760376,-1.4751506662368774,-0.0009923893454833888,0.006625057030469179
21,230.65193939208984,0.16169464111328125,0.006673396341502666,0.01970443404807246,91.80916595458984,20.0,1.0,15.0,0.10677867859601975,-1.4765831875801085,-0.001046228424529545,0.006750483978539706
22,233.62597918510437,0.16461245238780975,0.011072920812293887,0.013157895168191509,96.9181900024414,20.0,1.0,15.0,0.11400613054633141,-1.4827277565002441,-0.00088368276192341,0.007295212605968117
23,236.59963369369507,0.1666934844851494,0.013618045523762702,0.015151515377290321,85.60469055175781,20.0,1.0,15.0,0.11822966903448105,-1.4835793089866638,-0.0007471149522461928,0.007698951493948698
24,239.56930589675903,0.16877465516328813,0.015112026166170835,0.007009345968471509,96.06783294677734,20.0,1.0,15.0,0.12174282595515251,-1.4878254270553588,-0.0005067325997515582,0.008312478559091688
25,242.54373335838318,0.16931967198848724,0.016734160017222166,0.016908212830335046,89.53063201904297,20.0,1.0,15.0,0.12667431384325029,-1.489985589981079,-0.0005341068218695,0.009050547024235129
26,245.52176666259766,0.1709136474132538,0.01853510646149516,0.006993007288251445,91.89517974853516,20.0,1.0,15.0,0.12952162206172943,-1.4848153162002564,-0.0005449549664626829,0.009192112740129233
27,248.48730158805847,0.17523808747529984,0.023732468485832214,0.01193317447328909,93.678955078125,20.0,1.0,15.0,0.135707805454731,-1.4976364827156068,-0.00026670416176784786,0.010356416944414377
28,251.45189905166626,0.17652448385953903,0.024303826838731765,0.012165450484213167,88.16700744628906,20.0,1.0,15.0,0.1396644276380539,-1.5018499875068665,-0.00035301283744047394,0.010241529177874327
29,254.42723870277405,0.17693386763334273,0.027019473165273665,0.015267175667310185,97.06086730957031,20.0,1.0,15.0,0.14553078800439834,-1.4987859797477723,-0.00022792080882936717,0.010834562107920647
30,257.38964915275574,0.1795605766773224,0.029423013776540757,0.0024390244992767893,88.14481353759766,20.0,1.0,15.0,0.153371522128582,-1.4973066830635071,-6.235987035324797e-05,0.011728828717023134
31,260.3629548549652,0.18087575554847718,0.032807108387351035,0.00737100755406832,92.36280059814453,20.0,1.0,15.0,0.15994135022163392,-1.4911835241317748,8.025240953429602e-05,0.012383915912359954
32,263.3330249786377,0.18205052971839905,0.03369397778064012,0.015748031965390905,100.03707885742188,20.0,1.0,15.0,0.16383666664361954,-1.4983292961120604,0.00019659374484035653,0.01269366281107068
33,266.30526518821716,0.18327208787202834,0.03559107467532158,0.010101010458487453,94.46263885498047,20.0,1.0,15.0,0.16689682334661485,-1.5016767954826356,0.00027134940377436577,0.01301552403718233
34,269.2721428871155,0.18745271384716033,0.03989072442054749,0.011764706110253053,102.52600860595703,20.0,1.0,15.0,0.17651546210050584,-1.5025449895858765,0.0004562586621614173,0.015090737082064152
35,272.2472131252289,0.18928235411643982,0.03806992717087269,0.007228915949901903,96.1752700805664,20.0,1.0,15.0,0.16872560739517212,-1.5253007435798644,0.0007061133396928198,0.014403296802192926
36,275.2235760688782,0.19087690144777297,0.03604290150105953,0.002320185649422648,96.33670806884766,20.0,1.0,15.0,0.16601365625858308,-1.5411066102981568,0.0007554269018874037,0.01489988949149847
37,278.19609785079956,0.19179192960262298,0.03851652435958385,0.009569378017167155,98.01531219482422,20.0,1.0,15.0,0.17173736542463303,-1.5355427742004395,0.0005211326212156564,0.014907951578497886
38,281.1772789955139,0.19368081092834472,0.04257143571972847,0.00485436911287817,101.5222396850586,20.0,1.0,15.0,0.18094693422317504,-1.5362021589279176,0.0008019363626954146,0.016017325203865767
39,284.15972995758057,0.19313180088996887,0.04348451934754848,0.0076335879189670846,99.3578109741211,20.0,1.0,15.0,0.18483271598815917,-1.53467422246933,0.0007676061926758848,0.01645919566974044
40,287.17346000671387,0.19293157905340194,0.04511408425867557,0.009685230294815276,97.59117126464844,20.0,1.0,15.0,0.1899346160888672,-1.5339282321929932,0.0010112834448227658,0.016500871907919646
41,290.17550230026245,0.19643951535224916,0.045787013471126556,0.007444169011808211,94.95724487304688,20.0,1.0,15.0,0.1865240976214409,-1.5457658314704894,0.0009481652113026939,0.017218826226890086
42,293.17852210998535,0.19654308050870894,0.04453232616186142,0.0026246719942318174,97.86566162109375,20.0,1.0,15.0,0.18843570441007615,-1.5494091248512267,0.0008646051141840872,0.017556951828300953
43,296.19158267974854,0.1959368658065796,0.047340744286775586,0.010126582523689994,100.08132934570312,20.0,1.0,15.0,0.19791277706623078,-1.5445674180984497,0.001022052668267861,0.0188899265229702
44,299.18347454071045,0.19602941662073137,0.04863775722682476,0.007009345933655712,97.24345397949219,20.0,1.0,15.0,0.19743121594190596,-1.5362574195861816,0.0011582043464295566,0.018352010920643806
45,302.1740822792053,0.19455574810504914,0.04888802461326122,0.004866180157429401,97.91596221923828,20.0,1.0,15.0,0.20198928266763688,-1.524198067188263,0.001335290977731347,0.019116875231266022
46,305.1561121940613,0.18929048538208007,0.045418119579553606,0.006960557069275053,98.87812042236328,20.0,1.0,15.0,0.19676923543214797,-1.5255020117759706,0.0014998258638661355,0.01771111328154802
47,308.1528754234314,0.19391349077224732,0.05033374488353729,0.002352941176470588,101.24195861816406,20.0,1.0,15.0,0.20217789620161056,-1.5215454411506653,0.001703047197079286,0.018610184602439402
48,311.1305921077728,0.20004646360874176,0.05500335745513439,0.0073891626166299055,101.60414123535156,20.0,1.0,15.0,0.20931106328964233,-1.5232718062400818,0.0013294053880963475,0.019768409356474878
49,314.0961763858795,0.20025083422660828,0.053631745427846905,0.005025125665580807,93.4054183959961,20.0,1.0,15.0,0.20887583941221238,-1.5290847039222717,0.0012233458895934747,0.020063089244067668
50,317.06577491760254,0.20256984680891038,0.05519124478101731,0.004901960912142314,98.7104721069336,20.0,1.0,15.0,0.20837951809167862,-1.5390640497207642,0.0005064671934815124,0.01958277653902769
51,320.04128980636597,0.2034406465291977,0.05498716652393341,0.0073529413956053115,98.63301086425781,20.0,1.0,15.0,0.20836810439825057,-1.5363361263275146,0.001041462970606517,0.020669663809239864
52,323.00312328338623,0.20424609690904616,0.056426970735192296,0.0,97.44962310791016,20.0,1.0,15.0,0.21309906482696533,-1.5398619508743285,0.001128091687860433,0.020772355012595653
53,325.95872735977173,0.20442693144083024,0.05755457937717438,0.0,103.60655212402344,20.0,1.0,15.0,0.21605045974254608,-1.532658793926239,0.001325634386157617,0.02062715221196413
54,328.9197976589203,0.20567530930042266,0.05990222133696079,0.002358490653898356,98.4437484741211,20.0,1.0,15.0,0.22029016971588133,-1.526789824962616,0.0013904386764625088,0.022049104310572148
55,331.86645245552063,0.20624068051576613,0.06025840662419796,0.0,101.0816421508789,20.0,1.0,15.0,0.21951298475265502,-1.5166305589675904,0.0014742067776387557,0.022478069625794888
56,334.8138897418976,0.20795794665813447,0.06447020046412945,0.0023041474826050244,95.84024047851562,20.0,1.0,15.0,0.22892280787229538,-1.5192426323890686,0.001759698746027425,0.023538712114095688
57,337.767703294754,0.20921939015388488,0.06612910754978657,0.004683840889003852,94.51151275634766,20.0,1.0,15.0,0.23177972227334975,-1.5170398545265198,0.0019222447229549288,0.02396708108484745
58,340.7145504951477,0.21019361138343812,0.06766616880893707,0.0024752475431945066,100.54497528076172,20.0,1.0,15.0,0.23688301533460618,-1.5144548988342286,0.002155881490325555,0.025127714276313783
59,343.681565284729,0.21060015439987181,0.07201071724295616,0.0,97.47321319580078,20.0,1.0,15.0,0.24632108002901076,-1.50325514793396,0.002324314008001238,0.02581185329705477
60,346.6138780117035,0.20952403366565706,0.06993724703788758,0.004914005097065862,101.50691986083984,20.0,1.0,15.0,0.24363242208957672,-1.5056564497947693,0.0023634289822075517,0.025313481315970422
61,349.55616903305054,0.2118326586484909,0.072655129134655,0.0,100.6838150024414,20.0,1.0,15.0,0.24682650804519654,-1.5128831839561463,0.0026277719368226825,0.026222874261438846
62,352.5029501914978,0.21110444843769074,0.07354948148131371,0.0025906736523376227,95.84159851074219,20.0,1.0,15.0,0.2542735674977303,-1.504953486919403,0.0026942088035866616,0.026308574043214322
63,355.44987177848816,0.21208239048719407,0.074320457726717,0.002564102659622828,99.35135650634766,20.0,1.0,15.0,0.25116403102874757,-1.511291790008545,0.0026939060003496706,0.02601477488875389
64,358.39355063438416,0.21421791911125182,0.07321495622396469,0.0,104.21906280517578,20.0,1.0,15.0,0.24550186097621918,-1.5250475215911865,0.0026972166798077523,0.026265227161347868
65,361.3334765434265,0.2131709411740303,0.07597330942749977,0.0,99.71102142333984,20.0,1.0,15.0,0.25946058571338654,-1.4972288703918457,0.002858856248203665,0.028412426076829433
66,364.26705169677734,0.21279277473688127,0.07810690611600876,0.0,95.14019012451172,20.0,1.0,15.0,0.26346479296684266,-1.494874231815338,0.003260621908120811,0.02857882559299469
67,367.21690678596497,0.21439987301826477,0.07805344179272651,0.0,98.96502685546875,20.0,1.0,15.0,0.26118612408638,-1.5034397220611573,0.0031029761722311377,0.02881068304181099
68,370.1532971858978,0.21530139774084092,0.0769635933637619,0.0,95.10417938232422,20.0,1.0,15.0,0.2571870052814484,-1.5192869472503663,0.0037326249992474915,0.028949765525758266
69,373.08176851272583,0.21606549501419067,0.07838279411196708,0.0,100.84923553466797,20.0,1.0,15.0,0.2613841873407364,-1.5136319422721862,0.003784035034477711,0.02979557741433382
70,376.0134301185608,0.21882082790136337,0.08164078414440155,0.0,100.77324676513672,20.0,1.0,15.0,0.26813983619213105,-1.5265039825439453,0.0037434844207018614,0.03159451320767403
71,378.94638204574585,0.21693984687328338,0.07927868127822876,0.0,101.63683319091797,20.0,1.0,15.0,0.261456595659256,-1.5374421167373657,0.004036510293371975,0.030244340635836125
72,381.87544107437134,0.21701240479946138,0.07892363473773002,0.0,99.63440704345703,20.0,1.0,15.0,0.26109772980213164,-1.5400648522377014,0.004122530883178115,0.02942522004246712
73,384.7971832752228,0.2176477500796318,0.08303190484642982,0.0,97.28412628173828,20.0,1.0,15.0,0.2705148285627365,-1.51721444606781,0.004033514172770083,0.03159409936517477
74,387.73207664489746,0.2185992431640625,0.08342476829886436,0.0023364486677624353,103.28469848632812,20.0,1.0,15.0,0.27194673240184786,-1.5183828711509704,0.004278748142533004,0.032185325361788274
75,390.65858697891235,0.21802814781665802,0.0868717747926712,0.0,101.37861633300781,20.0,1.0,15.0,0.2812939649820328,-1.4917853593826294,0.004226796459406614,0.03295264791697264
76,393.5699360370636,0.21858716875314713,0.08482763215899468,0.002341920444501926,96.4521255493164,20.0,1.0,15.0,0.2758387726545334,-1.5059176349639893,0.004255990986712277,0.03231468539685011
77,396.5090260505676,0.2194626146554947,0.0851693731546402,0.0,101.23519134521484,20.0,1.0,15.0,0.2761903250217438,-1.513762457370758,0.00439003283623606,0.032226527109742165
78,399.4489948749542,0.22138989239931106,0.08903722181916236,0.0,102.6095962524414,20.0,1.0,15.0,0.28603787839412687,-1.5067826008796692,0.0046638418827205895,0.033595261834561824
79,402.3763515949249,0.21902389585971832,0.08635342314839363,0.0,100.78050231933594,20.0,1.0,15.0,0.27898666381835935,-1.5109205389022826,0.004456455130130052,0.03305929481983185
80,405.3077778816223,0.22188104689121246,0.08928640589118003,0.0,100.82398986816406,20.0,1.0,15.0,0.2853664022684097,-1.5190682888031006,0.004833916490897536,0.03408554621040821
81,408.2420301437378,0.22131332606077195,0.09085827559232712,0.0,96.52465057373047,20.0,1.0,15.0,0.2898713904619217,-1.5042466735839843,0.004955784766934812,0.03439664833247662
82,411.1689224243164,0.22030992448329925,0.08825708597898484,0.0025641026023106696,101.87033081054688,20.0,0.9999879765510559,14.9909912109375,0.28378342688083646,-1.5120726752281188,0.004795420127920807,0.03320838134735823
83,414.1321597099304,0.22241286158561707,0.09411958411335945,0.0,97.62271118164062,20.0,0.9999853372573853,14.989013671875,0.2983786278963089,-1.4958131504058838,0.005244168424978852,0.035785460025072095
84,417.04573249816895,0.22454569220542908,0.09690813258290291,0.0,109.85093688964844,20.0,0.9999853372573853,14.989013671875,0.30461958289146424,-1.4925927376747132,0.0057772509288042785,0.03705803126096725
85,419.9604160785675,0.22465965956449507,0.09877734929323197,0.0,106.12525177001953,20.0,0.9999853372573853,14.989013671875,0.30742150485515596,-1.4873662638664245,0.0055980358179658655,0.03720512732863426
86,422.8743817806244,0.22503990441560745,0.09941320106387139,0.0023310023483696517,103.86018371582031,20.0,0.9999853372573853,14.989013671875,0.3080744343996048,-1.499203190803528,0.005842656455934047,0.038301529735326766
87,425.7963442802429,0.2274845013022423,0.10131489753723144,0.0,104.99151611328125,20.0,0.9999853372573853,14.989013671875,0.3126837927103043,-1.498735785484314,0.006035887142643332,0.03981172189116478
88,428.6994414329529,0.22805613934993743,0.10328478738665581,0.0,101.75471496582031,20.0,0.9999853372573853,14.989013671875,0.3141669636964798,-1.4978105020523071,0.006133920373395085,0.03944901026785374
89,431.61221170425415,0.22888994812965394,0.10490518063306808,0.0,100.47628784179688,20.0,0.9999853372573853,14.989013671875,0.319417809844017,-1.5005507206916808,0.00658509929664433,0.04083329528570175
90,434.5213420391083,0.22981673806905747,0.10604073837399483,0.0,99.07970428466797,20.0,0.9999853372573853,14.989013671875,0.3250687313079834,-1.504174258708954,0.00639179365709424,0.04117948822677135
91,437.4423518180847,0.22796483486890792,0.10447076603770256,0.0,102.56368255615234,20.0,0.9999853372573853,14.989013671875,0.32334811210632325,-1.495317084789276,0.006443580249324441,0.04018210865557194
92,440.3654112815857,0.2308910995721817,0.10853097647428513,0.0,96.1531753540039,20.0,0.9999853372573853,14.989013671875,0.3312640178203583,-1.4929834699630737,0.006975632999092341,0.04281913295388222
93,443.2761788368225,0.2311762911081314,0.11016086354851723,0.0,100.66637420654297,20.0,0.9999853372573853,14.989013671875,0.3376273685693741,-1.4795151257514954,0.006972858356311918,0.04326371155679226
94,446.1793911457062,0.227968932390213,0.10816583439707755,0.0,100.69062805175781,20.0,0.9999853372573853,14.989013671875,0.33094457030296326,-1.4883253931999207,0.0061684291344136,0.041367870643734934
95,449.07060956954956,0.22900911450386047,0.11041917666792869,0.0,101.02024841308594,20.0,0.9999853372573853,14.989013671875,0.3331428277492523,-1.4876431345939636,0.006461884845048189,0.0428973675519228
96,451.9793601036072,0.22633517652750015,0.10974907904863357,0.004662004783575907,95.26090240478516,20.0,0.9999853372573853,14.989013671875,0.3346160054206848,-1.4974707245826722,0.0065466692391783,0.0440021525323391
97,454.8889648914337,0.23031618475914,0.11495050430297851,0.0,97.71871948242188,20.0,0.9999853372573853,14.989013671875,0.3447961413860321,-1.4884558057785033,0.007943746643140912,0.045973469465970994
98,457.7911696434021,0.23301735758781433,0.11927913308143616,0.0,96.96598815917969,20.0,0.9999853372573853,14.989013671875,0.357033896446228,-1.4807066535949707,0.00806122800335288,0.04733479328453541
99,460.7000243663788,0.2345701515674591,0.12017616301774979,0.0,111.78622436523438,20.0,0.9999853372573853,14.989013671875,0.35776247560977936,-1.4800835371017456,0.007716834340244532,0.04831914588809014
100,463.60334944725037,0.2357184574007988,0.12195890501141549,0.0,99.59616088867188,20.0,0.9999853372573853,14.989013671875,0.3627761149406433,-1.4873622179031372,0.008434260124340653,0.04924711041152477
101,466.5179617404938,0.23775804847478865,0.12382168114185334,0.0,100.7664566040039,20.0,0.9999853372573853,14.989013671875,0.3658426815271378,-1.4820665001869202,0.00810407212935388,0.049599743336439135
102,469.4196922779083,0.23446789145469665,0.12225333645939827,0.0,98.82554626464844,20.0,0.9999853372573853,14.989013671875,0.3641731697320938,-1.4879549646377563,0.008967827865853905,0.04855710126459598
103,472.31813859939575,0.23582655757665635,0.12500298157334327,0.0,96.10861206054688,20.0,0.9999853372573853,14.989013671875,0.3707567262649536,-1.4856723690032958,0.008963964469730855,0.049122829660773276
104,475.21599316596985,0.23777860999107361,0.1268041443824768,0.0,96.86860656738281,20.0,0.9999853372573853,14.989013671875,0.3739813899993896,-1.4839129328727723,0.00850929155945778,0.05062338650226593
105,478.12729716300964,0.2392302617430687,0.12529547333717347,0.0,97.69734954833984,20.0,0.9999853372573853,14.989013671875,0.3704080700874329,-1.4820328092575072,0.009017238393425941,0.052166948691010476
106,481.0214273929596,0.24046579092741013,0.12837941735982894,0.0,97.74346160888672,20.0,0.9999853372573853,14.989013671875,0.37935622930526736,-1.4808602666854858,0.00899486276321113,0.052618171125650405
107,483.93703389167786,0.2403654545545578,0.1316349869966507,0.0,96.82025146484375,20.0,0.9999853372573853,14.989013671875,0.38700286626815794,-1.4806098866462707,0.009830997604876757,0.05423198200762272
108,486.84490060806274,0.23703287154436112,0.13045525729656218,0.0,107.55533599853516,20.0,0.9999853372573853,14.989013671875,0.3848898130655289,-1.5157303714752197,0.010196951469406485,0.05313701011240482
109,489.7682008743286,0.23766394525766374,0.1327120065689087,0.0024752475616365375,99.03622436523438,20.0,0.9999853372573853,14.989013671875,0.3889269679784775,-1.5085800909996032,0.010423855613917113,0.05340275526046753
110,492.6680724620819,0.23954375743865966,0.1346069121360779,0.002518891800260664,101.73870849609375,20.0,0.9999853372573853,14.989013671875,0.3936400657892227,-1.5220678091049193,0.01079149343073368,0.05526815712451935
111,495.57658338546753,0.24107297629117966,0.13784274727106094,0.0,102.42665100097656,20.0,0.9999853372573853,14.989013671875,0.40014701545238496,-1.5280866742134094,0.011764678079634905,0.05870644584298134
112,498.4891278743744,0.24096956193447114,0.1390116646885872,0.0,97.48435974121094,20.0,0.9999853372573853,14.989013671875,0.4051268965005875,-1.5449518585205078,0.011835406012833118,0.05739053651690483
113,501.4048433303833,0.24100151509046555,0.14009055733680725,0.0,110.05538940429688,20.0,0.9999853372573853,14.989013671875,0.40850232779979706,-1.5454329037666321,0.012692120298743248,0.05907406210899353
114,504.3188133239746,0.240942165851593,0.1363593101501465,0.0,101.54779815673828,20.0,0.9999853372573853,14.989013671875,0.4027668535709381,-1.5395193219184875,0.011626549903303385,0.0575157069414854
115,507.2327718734741,0.24109796196222305,0.13715724736452103,0.0,107.942626953125,20.0,0.9999853372573853,14.989013671875,0.40393313705921174,-1.534263391494751,0.011777170151472092,0.058052579313516615
116,510.1399652957916,0.24422355830669404,0.14177062898874282,0.0,94.85948181152344,20.0,0.9999853372573853,14.989013671875,0.4143493455648422,-1.5260822558403015,0.012098479326814413,0.060121482238173485
117,513.0417928695679,0.24024314284324647,0.14195803731679915,0.0,98.36498260498047,20.0,0.9999853372573853,14.989013671875,0.41517677664756775,-1.5508721017837523,0.013072030544281006,0.05932899139821529
118,515.9396862983704,0.23897966861724854,0.14479570865631103,0.0,107.82072448730469,20.0,0.9999853372573853,14.989013671875,0.4214645135402679,-1.557527322769165,0.01306641025468707,0.0598293699324131
119,518.8459370136261,0.24316691517829894,0.1485277897119522,0.0,99.84290313720703,20.0,0.9999853372573853,14.989013671875,0.42965647757053377,-1.5585375094413758,0.014132235534489154,0.06300780951976775
120,521.7620651721954,0.223721264898777,0.1402621054649353,0.0,100.20348358154297,20.0,0.9999853372573853,14.989013671875,0.403636354804039,-1.7115567827224731,0.012138038836419583,0.05585435584187508
121,524.6729378700256,0.19550947189331055,0.12671121180057526,0.0024691358944516125,101.50727844238281,20.0,0.9999853372573853,14.989013671875,0.36904525578022,-1.7837407493591309,0.008831549389287829,0.04320456139743328
122,527.5790414810181,0.21288974970579147,0.14249121710658075,0.0,95.64039611816406,20.0,0.9999853372573853,14.989013671875,0.4117234879732132,-1.696968240737915,0.010685521326959133,0.05203019559383392
123,530.4800851345062,0.23055702567100525,0.15038585603237153,0.0,97.97439575195312,20.0,0.9999853372573853,14.989013671875,0.43129790902137755,-1.6512513160705566,0.013113978691399098,0.05984384804964066
124,533.3858690261841,0.23828635722398758,0.15182672441005707,0.002415459027180925,95.4526138305664,20.0,0.9999683284759522,14.97626953125,0.4349717330932617,-1.6361011672019958,0.014343726262450219,0.06294795528054237
125,536.2937777042389,0.222430619597435,0.14244303852319717,0.0,98.09756469726562,20.0,0.9999560117721558,14.967041015625,0.4099415427446365,-1.719983479976654,0.013136563077569007,0.0562025910615921
126,539.2285633087158,0.20101316660642624,0.13135429739952087,0.0,103.58089447021484,20.0,0.9999560117721558,14.967041015625,0.3828715258836746,-1.7932949709892272,0.011020483169704675,0.04740807741880417
127,542.1501424312592,0.19275083869695664,0.13084038645029067,0.0,92.06805419921875,20.0,0.9999560117721558,14.967041015625,0.3788366049528122,-1.817787947654724,0.01008156631141901,0.044156911447644234
128,545.060868024826,0.19647916823625564,0.13398122787475586,0.0,94.58175659179688,20.0,0.9999560117721558,14.967041015625,0.38646557748317717,-1.802344102859497,0.01005135890096426,0.04624671041965485
129,547.9727098941803,0.21096621692180634,0.14314488917589188,0.0,102.81749725341797,20.0,0.9999560117721558,14.967041015625,0.4104625678062439,-1.7506212139129638,0.011859316881746053,0.05305355317890644
130,550.8967208862305,0.23311958432197571,0.1529313400387764,0.0,95.1665267944336,20.0,0.9999560117721558,14.967041015625,0.43767418563365934,-1.672395067214966,0.014618948083370924,0.06059204362332821
131,553.871541261673,0.22751598179340363,0.14584078788757324,0.0,100.92139434814453,20.0,0.9999560117721558,14.967041015625,0.4179830855131149,-1.7251142239570618,0.013774030841886997,0.058212734162807464
132,556.7902271747589,0.23891600012779235,0.15440816909074784,0.0,101.50638580322266,20.0,0.9999560117721558,14.967041015625,0.440943608880043,-1.6634685397148132,0.01509170213714242,0.06441742941737175
133,559.7110016345978,0.25240745276212695,0.15770222038030624,0.0,96.4289321899414,20.0,0.9999560117721558,14.967041015625,0.4510855007171631,-1.6101087546348571,0.016482826452702284,0.07006003111600875
134,562.6254832744598,0.2543711245059967,0.15558318704366683,0.0,100.9111328125,20.0,0.9999560117721558,14.967041015625,0.4469120156764984,-1.6121712279319764,0.01637817107141018,0.07033815175294876
135,565.5448498725891,0.2504371878504753,0.15268089592456818,0.0,105.68201446533203,20.0,0.9999560117721558,14.967041015625,0.43825884878635407,-1.6208947205543518,0.01717919036746025,0.06864274770021439
136,568.463874578476,0.2495824322104454,0.15312332451343535,0.0,100.31366729736328,20.0,0.9999560117721558,14.967041015625,0.44035036385059356,-1.6381588530540467,0.01688025264069438,0.06793871328234673
137,571.3817901611328,0.24646247386932374,0.15293554335832596,0.0,101.22503662109375,20.0,0.9999560117721558,14.967041015625,0.439308597445488,-1.6499780082702638,0.01655971961095929,0.06621279671788216
138,574.2979488372803,0.25256180435419084,0.15668764501810073,0.0,96.981201171875,20.0,0.9999560117721558,14.967041015625,0.44706798434257505,-1.6253260064125061,0.017367370687425138,0.06962510734796525
139,577.2199800014496,0.2533847838640213,0.15458405613899232,0.0,97.67508697509766,20.0,0.9999560117721558,14.967041015625,0.4441050583124161,-1.6029968881607055,0.01733640432357788,0.06963568478822708
140,580.1437795162201,0.2522048410773277,0.15426845163106917,0.0,95.67124938964844,20.0,0.9999560117721558,14.967041015625,0.44401111781597136,-1.6448773550987243,0.017929682843387126,0.06948382005095483
141,583.0501744747162,0.25060119926929475,0.15533978700637818,0.0,108.9327621459961,20.0,0.9999560117721558,14.967041015625,0.4464508140087128,-1.6542043662071229,0.018130302280187607,0.07006231158971786
142,585.9670445919037,0.24797039330005646,0.1569959917664528,0.0,101.13197326660156,20.0,0.9999560117721558,14.967041015625,0.4483576560020447,-1.6856360816955567,0.01766514863818884,0.06919110432267189
143,588.8865637779236,0.25215993732213976,0.1603923523426056,0.0,98.20442962646484,20.0,0.9999560117721558,14.967041015625,0.45800369918346406,-1.6669717407226563,0.018497542925179005,0.07141537994146346
144,591.8077142238617,0.25224586635828017,0.1575867849588394,0.0,99.97799682617188,20.0,0.9999560117721558,14.967041015625,0.4533618402481079,-1.6674552083015441,0.018233751244843006,0.07114427149295807
145,594.7201769351959,0.25227709352970124,0.1596186551451683,0.0,103.40081787109375,20.0,0.9999560117721558,14.967041015625,0.45613874614238736,-1.66261554479599,0.01940560929477215,0.07210410267114639
146,597.6402506828308,0.25480987191200255,0.15916110813617707,0.0,102.96987915039062,20.0,0.9999560117721558,14.967041015625,0.4574108630418777,-1.646854498386383,0.017936603277921678,0.07358182743191719
147,600.5449569225311,0.2526967591047287,0.1564285573363304,0.0,99.845703125,20.0,0.9999560117721558,14.967041015625,0.45148984253406527,-1.6496475172042846,0.018510543815791605,0.07108348965644837
148,603.4594020843506,0.25442223370075223,0.15882263511419295,0.0,97.53227233886719,20.0,0.9999560117721558,14.967041015625,0.45569427371025084,-1.652627182006836,0.018961188197135926,0.07310557126998901
149,606.3817763328552,0.25566201269626615,0.16032045781612397,0.0,106.75953674316406,20.0,0.9999560117721558,14.967041015625,0.45802011609077453,-1.659155423641205,0.018963000178337096,0.07422984316945076
150,609.2911710739136,0.2545298302173615,0.15968507289886474,0.0,99.87320709228516,20.0,0.9999560117721558,14.967041015625,0.45715485513210297,-1.6677862644195556,0.01814217960461974,0.0725109800696373
151,612.2143671512604,0.25491023540496827,0.161477270424366,0.0,96.82128143310547,20.0,0.9999560117721558,14.967041015625,0.4588162487745285,-1.6679478883743286,0.018082606196403502,0.07339067861437798
152,615.1265449523926,0.2552585834264755,0.16236752837896348,0.0,100.9707260131836,20.0,0.9999364614486694,14.952392578125,0.4621234732866287,-1.6723697543144227,0.019546903520822525,0.074290551841259
153,618.0407655239105,0.2565646719932556,0.16325503885746,0.0,98.41419982910156,20.0,0.9999315738677979,14.94873046875,0.46423828542232515,-1.67483891248703,0.01973826836794615,0.07526367560029029
154,620.9558427333832,0.2571339970827103,0.1613529771566391,0.0,99.2892837524414,20.0,0.9999315738677979,14.94873046875,0.4614432483911514,-1.6814455318450927,0.02023953977972269,0.07580401688814163
155,623.8839778900146,0.25606382489204405,0.15974134981632232,0.0,93.36669921875,20.0,0.9999315738677979,14.94873046875,0.45781930804252624,-1.6774536609649657,0.02030444346368313,0.07560722053050994
156,626.8643426895142,0.2591081202030182,0.16341389656066896,0.0,96.45417785644531,20.0,0.9999315738677979,14.94873046875,0.4660170209407806,-1.6834833788871766,0.020918425731360914,0.07762516796588897
157,629.7940595149994,0.2594416457414627,0.16550736159086227,0.0,101.91297912597656,20.0,0.9999315738677979,14.94873046875,0.4695624202489853,-1.6813407063484191,0.020336110666394232,0.0782106426358223
158,632.710186958313,0.258728461265564,0.16972925007343292,0.0,101.60791778564453,20.0,0.9999315738677979,14.94873046875,0.48086671888828275,-1.6998093819618225,0.021064616590738296,0.07918354794383049
159,635.6158246994019,0.25382447004318237,0.16559257090091706,0.0,98.39620208740234,20.0,0.9999315738677979,14.94873046875,0.46943033277988433,-1.7343615865707398,0.01870370976626873,0.07525277122855187
160,638.5195016860962,0.25765932977199557,0.16956019699573516,0.0,107.79557800292969,20.0,0.9999315738677979,14.94873046875,0.4786171668767929,-1.730391082763672,0.019896368123590948,0.07788238137960433
161,641.4395117759705,0.25116755306720734,0.1642977511882782,0.0,97.17471313476562,20.0,0.9999315738677979,14.94873046875,0.46428302109241487,-1.7427996397018433,0.018598456382751465,0.0739272464811802
162,644.352737903595,0.24728204369544982,0.16369216352701188,0.0,99.30475616455078,20.0,0.9999315738677979,14.94873046875,0.4618822675943375,-1.761630926132202,0.017386539503932,0.07145715162158012
163,647.2695999145508,0.24463771432638168,0.1637102696299553,0.0,96.20365905761719,20.0,0.9999315738677979,14.94873046875,0.4616891211271286,-1.7727792835235596,0.01716496905311942,0.07213767930865288
164,650.1831042766571,0.25166597425937653,0.16965095072984696,0.0,97.61507415771484,20.0,0.9999315738677979,14.94873046875,0.476924529671669,-1.741060574054718,0.019532641507685185,0.07605189219117164
165,653.0945158004761,0.254691486954689,0.17109781324863435,0.0,101.62752532958984,20.0,0.9999315738677979,14.94873046875,0.48050342857837675,-1.7207217860221862,0.02085300788283348,0.07900721684098244
166,656.0135695934296,0.24558637350797652,0.16613454163074493,0.0,102.2973861694336,20.0,0.9999315738677979,14.94873046875,0.46700687766075133,-1.7651211500167847,0.019795615784823896,0.07462445825338364
167,658.9305102825165,0.25474607944488525,0.1742497953772545,0.0,102.27011108398438,20.0,0.9999315738677979,14.94873046875,0.4874242234230042,-1.7190845942497253,0.0199479678273201,0.07880471915006637
168,661.8448262214661,0.2632883352041244,0.1768568980693817,0.0,95.7269287109375,20.0,0.9999315738677979,14.94873046875,0.494045627117157,-1.6971091437339783,0.022184950709342958,0.08327434450387955
169,664.7649390697479,0.26895382046699523,0.17705950915813445,0.0,101.40817260742188,20.0,0.9999315738677979,14.94873046875,0.494325664639473,-1.6584208011627197,0.022052192464470863,0.08327643409371376
170,667.689649105072,0.2665033578872681,0.17096385449171067,0.0,97.15785217285156,20.0,0.9999315738677979,14.94873046875,0.48238322854042054,-1.6494710850715637,0.022282347604632376,0.08005531668663025
171,670.6148550510406,0.2665887838602066,0.17129195749759674,0.0,98.91578674316406,20.0,0.9999315738677979,14.94873046875,0.4828078943490982,-1.6404778695106506,0.02084101777523756,0.08012472063302994
172,673.5381624698639,0.2709209030866623,0.1767881166934967,0.0,96.63859558105469,20.0,0.9999315738677979,14.94873046875,0.49564941942691804,-1.6429056644439697,0.02147830255329609,0.08385574355721474
173,676.4658010005951,0.26805375337600706,0.17218427777290343,0.0,101.46693420410156,20.0,0.9999315738677979,14.94873046875,0.48580760836601256,-1.6412962865829468,0.02256801415234804,0.0813153775036335
174,679.3947360515594,0.2700299268960953,0.17488902419805527,0.0,99.51100158691406,20.0,0.9999315738677979,14.94873046875,0.49051039457321166,-1.6429356861114501,0.02292573541402817,0.08178500488400459
175,682.3137784004211,0.268194437623024,0.1791568946838379,0.0,98.00550079345703,20.0,0.9999315738677979,14.94873046875,0.496040643453598,-1.6181484842300415,0.023132557049393654,0.082166877835989
176,685.2303354740143,0.2677245134115219,0.17945583760738373,0.0,99.61280822753906,20.0,0.9999315738677979,14.94873046875,0.49742518544197084,-1.6052280020713807,0.023966055810451508,0.08305134922266007
177,688.1513600349426,0.2685116386413574,0.18040117591619492,0.0,101.96025848388672,20.0,0.9999315738677979,14.94873046875,0.5000972282886506,-1.6105660462379456,0.024220641031861306,0.08331180736422539
178,691.0687692165375,0.27023165941238403,0.18049849659204484,0.0,95.44683837890625,20.0,0.9999315738677979,14.94873046875,0.5003796607255936,-1.6074796938896179,0.024108684100210668,0.08426766097545624
179,693.986763715744,0.2676229250431061,0.18031548470258713,0.0,100.53591918945312,20.0,0.9999315738677979,14.94873046875,0.4990879124403,-1.605686891078949,0.02480916041880846,0.08311506748199463
180,696.8939576148987,0.26971900403499605,0.18352170139551163,0.0,94.01868438720703,20.0,0.9999315738677979,14.94873046875,0.507544065117836,-1.6167681503295899,0.02527038484811783,0.08533821851015091
181,699.8211340904236,0.26697563409805297,0.17690151542425156,0.0,93.68840026855469,20.0,0.9999315738677979,14.94873046875,0.4919349235296249,-1.6183990454673767,0.024893894866108893,0.08164075046777725
182,702.7443144321442,0.26995181500911714,0.1823388108611107,0.0,96.05878448486328,20.0,0.9999315738677979,14.94873046875,0.5046328556537628,-1.616964840888977,0.025303190648555754,0.08556730657815934
183,705.6612722873688,0.27037402987480164,0.1850394004583359,0.0,98.5837631225586,20.0,0.9999259388446808,14.944482421875,0.5098102867603302,-1.6141279911994935,0.026116758286952972,0.08669409722089767
184,708.5827271938324,0.2704693579673767,0.18620141267776488,0.0,98.16899871826172,20.0,0.9999218583106995,14.94140625,0.5135572624206542,-1.617809896469116,0.02757363434880972,0.08757621228694916
185,711.4988279342651,0.27121783018112183,0.18594449907541274,0.0,97.14945983886719,20.0,0.9999218583106995,14.94140625,0.5129247224330902,-1.6133577990531922,0.026941483058035374,0.08759114876389504
186,714.4113161563873,0.26864449739456175,0.18507477551698684,0.0,97.12376403808594,20.0,0.9999156403541565,14.93671875,0.5129440820217133,-1.6172852087020875,0.026914329566061497,0.08698713645339012
187,717.322197675705,0.26892260789871214,0.18504345417022705,0.0,102.06401824951172,20.0,0.9999121427536011,14.93408203125,0.5109053969383239,-1.6134025764465332,0.027642376571893692,0.08640454843640327
188,720.2294692993164,0.2716751080751419,0.1877680540084839,0.0,95.27112579345703,20.0,0.9999121427536011,14.93408203125,0.5156548321247101,-1.6228100752830505,0.027948030680418016,0.08752322778105735
189,723.146632194519,0.27201714396476745,0.18750377625226974,0.0,100.03247833251953,20.0,0.9999121427536011,14.93408203125,0.5170027542114258,-1.6189073657989501,0.027864113599061966,0.08781063437461853
190,726.0505969524384,0.27117030918598173,0.1889398941397667,0.0,93.95475769042969,20.0,0.9999121427536011,14.93408203125,0.5208857071399688,-1.6246792697906494,0.028297671750187874,0.0890379385650158
191,728.9701426029205,0.27352803468704223,0.18962719798088074,0.0,103.492431640625,20.0,0.9999121427536011,14.93408203125,0.520275354385376,-1.6183144497871398,0.02820787623524666,0.08956276446580887
192,731.8894000053406,0.2752113437652588,0.1891987618803978,0.0,101.47738647460938,20.0,0.9999121427536011,14.93408203125,0.5205468320846558,-1.6270492362976074,0.02675429083406925,0.08885504737496376
193,734.8092906475067,0.27382691025733946,0.18654696345329286,0.0,95.28215789794922,20.0,0.9999121427536011,14.93408203125,0.5173715925216675,-1.6230568647384644,0.026345695108175277,0.08826380148530007
194,737.7214813232422,0.2757579928636551,0.19089579433202744,0.0,100.07353210449219,20.0,0.9999121427536011,14.93408203125,0.5268654704093934,-1.6252580547332764,0.027782764211297037,0.09266853630542755
195,740.6270673274994,0.2748244309425354,0.19041701674461364,0.0,98.6943588256836,20.0,0.9999077439308166,14.9307861328125,0.5244842267036438,-1.6143611001968383,0.029109740108251573,0.0929906877875328
196,743.539529800415,0.2754016864299774,0.19097388237714769,0.0,90.98206329345703,20.0,0.9998660039901733,14.89951171875,0.5279322838783265,-1.613804042339325,0.030371826365590094,0.09533422261476517
197,746.4518122673035,0.2725265544652939,0.1893002963066101,0.0,95.296142578125,20.0,0.9998468446731568,14.88515625,0.5245852768421173,-1.6093690752983094,0.030499020107090474,0.09294823050498963
198,749.3869030475616,0.2729282206296921,0.18975769966840744,0.0,94.12187194824219,20.0,0.9998339414596558,14.87548828125,0.5258284056186676,-1.6243780541419983,0.029790331386029722,0.09286684587597847
199,752.2952287197113,0.2756961464881897,0.19436953961849213,0.0,96.50213623046875,20.0,0.9998339414596558,14.87548828125,0.5351192700862885,-1.612649393081665,0.03133886761963368,0.0972501054406166
200,755.2029407024384,0.275607773065567,0.19513561993837356,0.0,99.03878784179688,20.0,0.9998339414596558,14.87548828125,0.5364533841609955,-1.613798828125,0.03210443668067455,0.09631001621484757
201,758.1325733661652,0.271904838681221,0.19100954324007036,0.0,98.0593032836914,20.0,0.9998339414596558,14.87548828125,0.5272071409225464,-1.6059529733657838,0.03259524770081043,0.09354599684476853
202,761.0355741977692,0.26993344247341156,0.1886534622311592,0.0,97.42345428466797,20.0,0.9998339414596558,14.87548828125,0.5233359718322754,-1.6077338719367982,0.0328779175132513,0.09074674412608147
203,763.9317591190338,0.2690587246417999,0.18860830307006837,0.0,90.5882797241211,20.0,0.9998339414596558,14.87548828125,0.5224829530715942,-1.5977850341796875,0.03345279335975647,0.09166651248931884
204,766.8390028476715,0.26931360125541687,0.19051268696784973,0.0,99.13214874267578,20.0,0.9998327684402466,14.874609375,0.525735456943512,-1.6045289206504822,0.035104962661862374,0.09211034715175628
205,769.7494974136353,0.2680714446306229,0.18937945902347564,0.0,94.47982025146484,20.0,0.9998241662979126,14.8681640625,0.5204416489601136,-1.5880718183517457,0.03585217773914337,0.0924311725795269
206,772.6412024497986,0.2686691516637802,0.1915552571415901,0.0,96.56710815429688,20.0,0.9998241662979126,14.8681640625,0.5243900442123413,-1.5915831351280212,0.03522324442863464,0.09263094112277032
207,775.5372414588928,0.26990248560905455,0.19297463983297347,0.0,99.43115234375,20.0,0.9998241662979126,14.8681640625,0.5265288162231445,-1.5910120677947999,0.03616689674556255,0.09530348658561706
208,778.4428315162659,0.2716885733604431,0.19507100969552993,0.0,91.93572998046875,20.0,0.9998241662979126,14.8681640625,0.5302735149860383,-1.6041079211235045,0.036092404946684836,0.09645108193159103
209,781.3313963413239,0.27278948545455933,0.19655803233385086,0.0,95.477783203125,20.0,0.9998074841499328,14.8556396484375,0.5335119247436524,-1.5969651103019715,0.03814046673476696,0.09754874348640442
210,784.2066705226898,0.27194009959697724,0.19736500471830368,0.0,99.403076171875,20.0,0.9997656345367432,14.82421875,0.5329570448398591,-1.6036696529388428,0.03974680863320827,0.09770685762166977
211,787.0779314041138,0.269058985710144,0.19437335699796676,0.0,89.69540405273438,20.0,0.9997656345367432,14.82421875,0.5295065760612487,-1.5775554895401,0.039849935695528985,0.09585365608334541
212,789.9568121433258,0.27098974645137786,0.19872300893068315,0.0,95.60248565673828,20.0,0.9997656345367432,14.82421875,0.5385371732711792,-1.5780288147926331,0.039513726532459256,0.09841592371463775
213,792.828449010849,0.2732320868968964,0.2013806501030922,0.0,96.54316711425781,20.0,0.9997476482391358,14.8107421875,0.5474064350128174,-1.5713809037208557,0.037212333232164385,0.10050682693719865
214,795.7124552726746,0.27199880361557005,0.20121475636959077,0.0,94.03585052490234,20.0,0.9997460842132568,14.8095703125,0.5465296351909638,-1.5747187209129334,0.033995562195777894,0.10006516590714455
215,798.590738773346,0.2718061202764511,0.2017192006111145,0.0,87.97745513916016,20.0,0.9997460842132568,14.8095703125,0.548227756023407,-1.5653897500038148,0.03305219043046236,0.10166977882385254
216,801.4609122276306,0.2726465529203415,0.20251987129449844,0.0,94.60565948486328,20.0,0.9997460842132568,14.8095703125,0.5499414598941803,-1.563712911605835,0.03441372562199831,0.10132599771022796
217,804.3381233215332,0.2719164001941681,0.20191162526607515,0.0,91.0308609008789,20.0,0.9997460842132568,14.8095703125,0.5484796631336212,-1.5659782457351685,0.03423563610762358,0.1018280953168869
218,807.2168154716492,0.27340607464313504,0.2053755161166191,0.0,88.04204559326172,20.0,0.9997460842132568,14.8095703125,0.5566277313232422,-1.5677539539337157,0.03602558709681034,0.10439887717366218
219,810.0924212932587,0.27409464538097383,0.20580492466688155,0.0,92.30852508544922,20.0,0.9997320079803467,14.7990234375,0.5568989801406861,-1.5660250401496887,0.036522723734378815,0.10481161013245582
220,812.9577848911285,0.27476774394512177,0.20718153327703476,0.0,94.43338775634766,20.0,0.9997069835662842,14.7802734375,0.5611022710800171,-1.573731417655945,0.03902035810053348,0.10527740210294724
221,815.8202610015869,0.2737266170978546,0.20744304895401,0.0,96.2071533203125,20.0,0.9997069835662842,14.7802734375,0.5598387849330902,-1.5648173570632935,0.04138715744018555,0.10531555816531181
222,818.6848888397217,0.2734664100408554,0.2074673980474472,0.0,92.54127502441406,20.0,0.9997069835662842,14.7802734375,0.5609941792488098,-1.5711610102653504,0.042813266292214394,0.10525607064366341
223,821.555814743042,0.2755775493383408,0.2103542947769165,0.0,92.52619934082031,20.0,0.9997069835662842,14.7802734375,0.5677346396446228,-1.5659558224678038,0.042591466158628466,0.10799673721194267
224,824.4113731384277,0.2754117256402969,0.21140092432498933,0.0,93.05300903320312,20.0,0.9997069835662842,14.7802734375,0.5691388130187989,-1.565072500705719,0.042255945801734925,0.10776351124048233
225,827.2751770019531,0.2750556445121765,0.20978596031665803,0.0,94.72108459472656,20.0,0.9997069835662842,14.7802734375,0.5658534944057465,-1.5578259587287904,0.04351988010108471,0.10812886416912079
226,830.1280448436737,0.27576352715492247,0.2105061763525009,0.0,95.15245056152344,20.0,0.9997069835662842,14.7802734375,0.5672360992431641,-1.553288962841034,0.04404763981699943,0.10865116864442825
227,832.9889464378357,0.2748297959566116,0.21049072921276094,0.0,94.065185546875,20.0,0.9997069835662842,14.7802734375,0.5677483642101288,-1.547565848827362,0.043979302644729615,0.1080073057115078
228,835.8273296356201,0.2769503027200699,0.2148396736383438,0.0,92.50182342529297,20.0,0.9997069835662842,14.7802734375,0.5756956648826599,-1.5525185894966125,0.04374513424932957,0.10983335211873055
229,838.6728332042694,0.2778914177417755,0.21567483365535736,0.0,97.88607788085938,20.0,0.9997069835662842,14.7802734375,0.5789760494232178,-1.5534177207946778,0.04461556449532509,0.11130156189203262
230,841.4979705810547,0.27833364605903627,0.2161778399348259,0.0,97.48053741455078,20.0,0.9997069835662842,14.7802734375,0.5802574908733368,-1.5536358428001404,0.04580006293952465,0.11226780921220779
231,844.3457193374634,0.27589110493659974,0.2144394639134407,0.0,90.88552856445312,20.0,0.9997069835662842,14.7802734375,0.5760743546485901,-1.5478989458084107,0.044356684312224386,0.11083372786641121
232,847.1950981616974,0.277340852022171,0.21631102114915848,0.0,92.60538482666016,20.0,0.9997044420242309,14.778369140625,0.5796312177181244,-1.550053253173828,0.04526014387607574,0.11189117312431335
233,850.0396411418915,0.2788810729980469,0.21610917538404464,0.0,94.4892578125,20.0,0.999697208404541,14.77294921875,0.5810744941234589,-1.5550720477104187,0.04602327346801758,0.11230838522315026
234,852.8783304691315,0.27947059392929074,0.2190958148241043,0.0,98.7903823852539,20.0,0.999697208404541,14.77294921875,0.5865158593654632,-1.5569094610214234,0.045291778296232224,0.11359552517533303
235,855.7023644447327,0.27924419701099396,0.21741893798112868,0.0,89.71497344970703,20.0,0.9996937990188599,14.7703857421875,0.5830247509479523,-1.5509862184524537,0.045003443136811254,0.1147333474457264
236,858.5411338806152,0.28003199994564054,0.21836221039295198,0.0,94.30329132080078,20.0,0.9996578359603882,14.747314453125,0.58385861992836,-1.5485700798034667,0.04570719145238399,0.11491710394620895
237,861.400244474411,0.28034788310527803,0.21752941489219665,0.0,95.06016540527344,20.0,0.9996533393859863,14.747314453125,0.5829822099208832,-1.551550452709198,0.04538288727402687,0.11544036105275154
238,864.2430109977722,0.2801734888553619,0.21807402312755586,0.0,89.68433380126953,20.0,0.9996533393859863,14.747314453125,0.5858315563201905,-1.5637334156036378,0.04401262544095516,0.11467126607894898
239,867.0796039104462,0.28027157843112943,0.21720826148986816,0.0,97.42700958251953,20.0,0.9996504068374634,14.7451171875,0.58457568526268,-1.5586644387245179,0.04406545586884022,0.11428278565406799
240,869.9115958213806,0.2819117546081543,0.21951087057590485,0.0,92.32979583740234,20.0,0.999640142917633,14.7374267578125,0.5919996845722199,-1.5673546838760375,0.04363905020058155,0.11592531278729439
241,872.7522532939911,0.281297504901886,0.218496458530426,0.0,93.55340576171875,20.0,0.9995940065383911,14.7028564453125,0.5886998832225799,-1.5704198837280274,0.04380470968782902,0.11503508672118187
242,875.5978422164917,0.282778907418251,0.22038108646869659,0.0,95.5884017944336,20.0,0.9995175838470459,14.6455078125,0.592942281961441,-1.5702089476585388,0.04411240816116333,0.11671648845076561
243,878.4575333595276,0.2834772515296936,0.22130618900060653,0.0,98.36602783203125,20.0,0.9995019435882568,14.6337890625,0.5948136854171753,-1.5679871726036072,0.045664216727018356,0.11633772298693656
244,881.30575299263,0.2832854515314102,0.2210232526063919,0.0,89.80508422851562,20.0,0.9995019435882568,14.6337890625,0.5944647920131684,-1.578007209300995,0.046314320042729375,0.11677664250135422
245,884.1567919254303,0.28319341480731963,0.21937791109085084,0.0,94.55712127685547,20.0,0.9995019435882568,14.6337890625,0.5901172113418579,-1.564685389995575,0.04617626838386059,0.1168398493528366
246,887.0079650878906,0.2833459240198135,0.22216639548540115,0.0,96.77688598632812,20.0,0.9995019435882568,14.6337890625,0.5953911685943604,-1.5669380712509156,0.04704594396054745,0.11906386077404023
247,889.8422131538391,0.2833682918548584,0.2226664525270462,0.0,89.67068481445312,20.0,0.9995019435882568,14.6337890625,0.5972722578048706,-1.563705451488495,0.04739705063402653,0.11864444062113762
248,892.6871316432953,0.2850134611129761,0.22608642548322677,0.0,98.41022491455078,20.0,0.9994848370552063,14.6209716796875,0.6044184601306916,-1.563829836845398,0.04752355881035328,0.12003803953528404
249,895.5253493785858,0.2845850396156311,0.22462221652269362,0.0,99.31068420410156,20.0,0.9994742798805237,14.615478515625,0.6011111164093017,-1.5596946692466735,0.04911694645881653,0.1198742225766182
250,898.38796043396,0.28581660985946655,0.2266620433330536,0.0,90.73477172851562,20.0,0.9994628429412842,14.615478515625,0.6027448511123658,-1.5859360766410828,0.050111463218927385,0.12168801844120025
251,901.2399547100067,0.28511271595954896,0.22604989111423493,0.0,102.12708282470703,20.0,0.9994628429412842,14.615478515625,0.6003873431682587,-1.577931056022644,0.05302638858556748,0.12171841844916344
252,904.0835974216461,0.28699658513069154,0.2280264177918434,0.0,92.8031005859375,20.0,0.9994365239143371,14.595703125,0.6053037703037262,-1.584905924797058,0.05228460036218166,0.12277773082256317
253,906.9254333972931,0.28787909865379335,0.2281177031993866,0.0,97.83113861083984,20.0,0.9994189739227295,14.58251953125,0.6048274993896484,-1.5772053813934326,0.053793188259005545,0.1227147051692009
254,909.7603430747986,0.28768158733844756,0.22875380873680115,0.0,100.48723602294922,20.0,0.9994099807739257,14.57578125,0.605654685497284,-1.5776554679870605,0.05396591104567051,0.12297606900334358
255,912.6098198890686,0.2873794507980347,0.2267685502767563,0.0,92.13011932373047,20.0,0.9994019651412964,14.569775390625,0.6011669409275054,-1.5710801315307616,0.05414295345544815,0.12187923356890679
256,915.4456870555878,0.28805056810379026,0.22778726994991302,0.0,104.43802642822266,20.0,0.9993749856948853,14.549560546875,0.6049965560436249,-1.5701147174835206,0.05424733392894268,0.12310541421175003
257,918.2884228229523,0.2871078324317932,0.22617436796426774,0.0,93.30587005615234,20.0,0.9993653213977813,14.5423095703125,0.601202791929245,-1.5656146502494812,0.054656277000904085,0.12223570093512535
258,921.1132564544678,0.2886881190538406,0.2297965607047081,0.0,96.99352264404297,20.0,0.9993068516254425,14.4984375,0.6094319641590118,-1.5700791740417481,0.05355624884366989,0.12314019083976746
259,923.9241425991058,0.28889469504356385,0.2291630446910858,0.0,91.1674575805664,20.0,0.9992889857292175,14.4872314453125,0.6063840854167938,-1.5615769052505493,0.056324805915355686,0.12265661865472793
260,926.7499299049377,0.29102378904819487,0.23349423348903656,0.0,95.04515075683594,20.0,0.9992724657058716,14.483642578125,0.6158330082893372,-1.574023733139038,0.05670166701078415,0.12585958033800126
261,929.5933744907379,0.29027011394500735,0.23175105035305024,0.0,104.00867462158203,20.0,0.9992120552062989,14.43837890625,0.6115116918087006,-1.5667714762687683,0.0566096255928278,0.1247430044412613
262,932.4465706348419,0.28932625353336333,0.23053558349609374,0.0,93.26388549804688,20.0,0.9991991519927979,14.4287109375,0.6096026074886322,-1.5772866582870484,0.05666958868503571,0.12453666418790817
263,935.29527592659,0.29145312786102295,0.233777634203434,0.0,91.45938110351562,20.0,0.9991991519927979,14.4287109375,0.6157234644889832,-1.5714870929718017,0.05767141655087471,0.12745635986328124
264,938.1451637744904,0.2902659547328949,0.2317933139204979,0.0,95.37992858886719,20.0,0.9991991519927979,14.4287109375,0.6116908192634583,-1.5758728575706482,0.05777639210224152,0.12555222421884538
265,940.9803366661072,0.2876977586746216,0.22928739339113235,0.0,91.15367126464844,20.0,0.999187273979187,14.423583984375,0.6068888473510742,-1.5617910146713256,0.05845198631286621,0.12520630061626434
266,943.816733121872,0.2897811883687973,0.23321358412504195,0.0,95.83888244628906,20.0,0.9991650581359863,14.410400390625,0.6150415098667145,-1.5671044850349427,0.059738418757915496,0.12883756399154664
267,946.6608703136444,0.2888184624910355,0.2314016056060791,0.0,90.58911895751953,20.0,0.9991556739807129,14.403369140625,0.6089054071903228,-1.5635743856430053,0.06145466417074204,0.12736499711871146
268,949.5186378955841,0.28941901624202726,0.2339158260822296,0.0,94.330078125,20.0,0.9991357326507568,14.388427734375,0.6141991579532623,-1.560289022922516,0.0612650103867054,0.12811678677797317
269,952.3509724140167,0.28976983070373535,0.23434588849544524,0.0,97.28219604492188,20.0,0.9991357326507568,14.388427734375,0.6139461696147919,-1.5636787056922912,0.06189530938863754,0.1293976576626301
270,955.1844501495361,0.29192805647850034,0.2384566968679428,0.0,93.00209045410156,20.0,0.9991104352474213,14.3731201171875,0.624595433473587,-1.566920576095581,0.06042758896946907,0.13239997893571853
271,958.0259397029877,0.2901626360416412,0.23621163338422776,0.0,91.47270202636719,20.0,0.9990673661231995,14.3408203125,0.620439213514328,-1.5572841119766236,0.06085600584745407,0.13038539618253708
272,960.8740191459656,0.29158274829387665,0.23821460247039794,0.0,91.66118621826172,20.0,0.9990673661231995,14.3408203125,0.6246844923496246,-1.56682222366333,0.06218083187937737,0.1327355521917343
273,963.7134220600128,0.2914759051799774,0.23713032633066178,0.0,96.80052947998047,20.0,0.9990673661231995,14.3408203125,0.6229309606552124,-1.5671471238136292,0.062259266898036,0.13020914003252984
274,966.5579261779785,0.2899156451225281,0.23663355141878128,0.0,98.92322540283203,20.0,0.9990673661231995,14.3408203125,0.6202917456626892,-1.5691997027397155,0.06216646894812584,0.13055634170770644
275,969.3987658023834,0.2886272144317627,0.23384212106466293,0.0,94.30976867675781,20.0,0.9990401303768158,14.3203857421875,0.6150039052963256,-1.5540938472747803,0.061535359844565395,0.12981125116348266
276,972.2268154621124,0.2896909189224243,0.23605142802000045,0.0,91.08000183105469,20.0,0.998977929353714,14.277099609375,0.6204902219772339,-1.5563624572753907,0.061692570745944975,0.13166096687316894
277,975.0641896724701,0.28887811839580535,0.2359245625138283,0.0,94.21015167236328,20.0,0.9989363312721252,14.249853515625,0.6193497431278229,-1.5562661409378051,0.06113178677856922,0.13152801513671875
278,977.9092178344727,0.2903450113534927,0.2373815506696701,0.0,97.55889892578125,20.0,0.9989039206504822,14.225537109375,0.6238401889801025,-1.560326693058014,0.061441731974482536,0.13327505677938462
279,980.7398881912231,0.28976422667503354,0.23758050799369812,0.0,94.15350341796875,20.0,0.9988183975219727,14.161376953125,0.6237280261516571,-1.5574802827835084,0.061132542863488196,0.13268188625574112
280,983.5576510429382,0.29104367971420286,0.2392192542552948,0.0,95.02394104003906,20.0,0.9988183975219727,14.161376953125,0.6273072016239166,-1.5631231832504273,0.06274311900138856,0.13397513538599015
281,986.3985097408295,0.2915681850910187,0.23947007298469544,0.0,95.04039001464844,20.0,0.9987595653533936,14.11728515625,0.6270974326133728,-1.553653471469879,0.06261547937989236,0.134915007352829
282,989.2143633365631,0.2919385439157486,0.24165146708488464,0.0,98.54393005371094,20.0,0.9986824262142181,14.059423828125,0.6320639109611511,-1.5625432968139648,0.05923219367861748,0.13524319469928742
283,992.0533790588379,0.291937552690506,0.24132132202386855,0.0,92.62887573242188,20.0,0.9986112117767334,14.0060302734375,0.6325518596172333,-1.5563682222366333,0.06034059926867485,0.13698905378580092
284,994.8755443096161,0.2915541285276413,0.24284418374300004,0.0,88.96154022216797,20.0,0.998483270406723,13.9100830078125,0.6351289594173432,-1.556881251335144,0.06172831527888775,0.13701598674058915
285,997.7146890163422,0.28921288907527926,0.23920781403779984,0.0,94.49345397949219,20.0,0.9984185600280762,13.8720703125,0.6272562575340271,-1.5471739506721496,0.05979441560804844,0.13504131883382797
286,1000.5357148647308,0.289763503074646,0.24028205573558808,0.0,90.86111450195312,20.0,0.9984048748016358,13.8720703125,0.630309693813324,-1.5469816708564759,0.05863808900117874,0.134779936671257
287,1003.3603694438934,0.289688304066658,0.24067717134952546,0.0,95.26185607910156,20.0,0.9983591556549072,13.842626953125,0.6299253726005554,-1.5405006718635559,0.05831845529377461,0.13573110073804856
288,1006.1945004463196,0.2906484019756317,0.24249367862939836,0.0,96.42193603515625,20.0,0.9982312226295471,13.7466796875,0.6355268049240113,-1.5355646204948425,0.05903151445090771,0.13759321630001067
289,1009.0242981910706,0.2906020587682724,0.2424684065580368,0.0,94.3089370727539,20.0,0.9981903052330017,13.7174560546875,0.6344418919086456,-1.531541757583618,0.06020409896969795,0.13761190116405486
290,1011.8494346141815,0.29122756242752074,0.24427713185548783,0.0,90.8480453491211,20.0,0.9981197094917298,13.670361328125,0.6391275417804718,-1.5380486512184144,0.06084819860756397,0.1382403004169464
291,1014.6947762966156,0.29233365833759306,0.24318426787853242,0.0,91.92762756347656,20.0,0.9980490148067475,13.617333984375,0.6365533423423767,-1.5331491446495056,0.06100719138979912,0.13811882883310317
292,1017.5227575302124,0.29315737664699554,0.24436623096466065,0.0,88.23272705078125,20.0,0.9980255651473999,13.599755859375,0.6388653492927552,-1.5401091241836549,0.06131787493824959,0.13878432512283326
293,1020.3543565273285,0.2939430457353592,0.24496066570281982,0.0,90.50489044189453,20.0,0.9979567432403564,13.5481201171875,0.6393368422985077,-1.537106032371521,0.06178919665515423,0.13853243827819825
294,1023.1835381984711,0.29194767117500303,0.2433648717403412,0.0,90.9803237915039,20.0,0.9979437685012817,13.53837890625,0.6360752201080322,-1.5397398853302002,0.0630534352362156,0.13715093851089477
295,1026.0182502269745,0.29227378249168395,0.24290053457021712,0.0,94.7703857421875,20.0,0.9979021334648133,13.5262939453125,0.6347363865375519,-1.5262022376060487,0.06279188759624958,0.13790235847234725
296,1028.860068321228,0.29044138848781587,0.24133638709783553,0.0,86.11949157714844,20.0,0.997842812538147,13.49560546875,0.6308338403701782,-1.5337964725494384,0.06330716505646705,0.13693024814128876
297,1031.6881663799286,0.2915654510259628,0.2419275164604187,0.0,89.05274200439453,20.0,0.9977847480773926,13.452099609375,0.63168004155159,-1.5268109226226807,0.06476714082062245,0.1376890707015991
298,1034.519688129425,0.2934330028295517,0.24495755940675734,0.0,87.48719024658203,20.0,0.9977257871627807,13.407861328125,0.6366291010379791,-1.5299395489692689,0.06565138645470142,0.1389814645051956
299,1037.350341796875,0.2926707029342651,0.24315502107143402,0.0,90.76333618164062,20.0,0.9976914167404175,13.382080078125,0.6329902708530426,-1.5248500108718872,0.06520860686898232,0.1389726874232292
300,1040.1784710884094,0.2939921003580093,0.246276176571846,0.0,88.80579376220703,20.0,0.9976516318321228,13.355712890625,0.6402183079719543,-1.5354199647903441,0.06517802208662032,0.13988034039735794
301,1043.0123329162598,0.2932526725530624,0.24490067660808562,0.0,89.91036224365234,20.0,0.9976506567001343,13.3552001953125,0.6379293310642242,-1.5327415037155152,0.06519604749977588,0.13902206987142562
302,1045.8358907699585,0.2949568945169449,0.24693069279193877,0.0,96.75110626220703,20.0,0.9976025819778442,13.319091796875,0.6411377608776092,-1.5308506870269776,0.06416144654154778,0.14091303288936616
303,1048.669498205185,0.29427882671356204,0.24731500297784806,0.0,92.03816223144531,20.0,0.9975722789764404,13.29638671875,0.6424477159976959,-1.527729206085205,0.0658378206193447,0.14081153452396392
304,1051.4847218990326,0.2943446010351181,0.24797029346227645,0.0,92.90852355957031,20.0,0.9975417804718018,13.27353515625,0.6440677547454834,-1.524933168888092,0.06631961688399315,0.1419105213880539
305,1054.3128695487976,0.2927833938598633,0.24525985687971116,0.0,92.03416442871094,20.0,0.9975265312194824,13.262109375,0.6380980920791626,-1.517802128791809,0.06528341963887214,0.1407071778178215
306,1057.1459107398987,0.29401650607585905,0.24753160953521727,0.0,89.1982650756836,20.0,0.9974749994277954,13.245849609375,0.642620290517807,-1.5203551983833312,0.06701722174882889,0.1417064055800438
307,1059.9434821605682,0.2932759481668472,0.24537231504917145,0.0,88.41216278076172,20.0,0.9974370121955871,13.2279052734375,0.63623251080513,-1.5191686749458313,0.0692961873114109,0.14004168570041656
308,1062.77246260643,0.2934887903928757,0.24559163808822632,0.0,87.60040283203125,20.0,0.9973955094814301,13.19677734375,0.6382425153255462,-1.5229611921310424,0.06905021250247956,0.1404367431998253
309,1065.5904235839844,0.29435443580150605,0.24635839611291885,0.0,90.21669006347656,20.0,0.9973228561878205,13.14228515625,0.6399708652496338,-1.5274060082435608,0.06766920611262321,0.14076830238103866
310,1068.4048609733582,0.2934293293952942,0.2465449121594429,0.0,90.41618347167969,20.0,0.9972818303108215,13.1115234375,0.6401678764820099,-1.5313780856132508,0.06999775171279907,0.14040813118219375
311,1071.2194066047668,0.29063016176223755,0.2419082075357437,0.0,91.94744873046875,20.0,0.9972548842430115,13.09130859375,0.629498862028122,-1.530690472126007,0.07055950358510017,0.13656944066286086
312,1074.0388388633728,0.29286413252353666,0.24575348168611527,0.0,91.25501251220703,20.0,0.9972161042690277,13.0622314453125,0.636242607831955,-1.5277870965003968,0.07097355902194977,0.1391867184638977
313,1076.8725073337555,0.2933804768323898,0.24730608463287354,0.0,92.11063385009766,20.0,0.9971275317668915,12.99580078125,0.6392070555686951,-1.5300009036064148,0.07239701077342034,0.1405923131108284
314,1079.6931462287903,0.29230331420898437,0.24599691420793535,0.0,96.11318969726562,20.0,0.9970660257339478,12.949658203125,0.6367760300636292,-1.524324872493744,0.07307476580142974,0.13938530415296554
315,1082.4895598888397,0.2910117852687836,0.24445905566215514,0.0,89.41206359863281,20.0,0.9970175981521606,12.913330078125,0.6336475336551666,-1.5157619500160218,0.07231309741735459,0.13779769897460936
316,1085.3121292591095,0.29128157556056977,0.24492818623781204,0.0,94.28863525390625,20.0,0.9969629049301147,12.872314453125,0.6340768933296204,-1.5188455176353455,0.07288050651550293,0.13931518495082856
317,1088.1054718494415,0.29093445956707,0.24380098700523375,0.0,90.46846771240234,20.0,0.9969499039649964,12.8625732421875,0.6322848010063171,-1.5182997870445252,0.07140619590878487,0.13803373724222184
318,1090.9278576374054,0.290974417924881,0.24433066099882125,0.0,93.22211456298828,20.0,0.9969282031059266,12.8466796875,0.633156830072403,-1.522796220779419,0.07384257316589356,0.13898478001356124
319,1093.7480654716492,0.293457196354866,0.24622870117425918,0.0,88.73922729492188,20.0,0.9969238042831421,12.8466796875,0.6375314569473267,-1.5234363961219788,0.07271974191069602,0.14094395488500594
320,1096.555856704712,0.293591325879097,0.24760062634944915,0.0,90.97301483154297,20.0,0.9968917000293732,12.8225830078125,0.6400298142433166,-1.528820765018463,0.07341692790389061,0.1407800543308258
321,1099.3760352134705,0.2919618535041809,0.24622705489397048,0.0,86.2317886352539,20.0,0.9968896508216858,12.821044921875,0.6377467775344848,-1.520980486869812,0.07378210261464119,0.14031323045492172
322,1102.2024264335632,0.292654070854187,0.24669503182172775,0.0,92.0186767578125,20.0,0.9968329143524169,12.7790771484375,0.6389643478393555,-1.5221182084083558,0.07481469810009003,0.14191311329603196
323,1105.017452955246,0.2944896250963211,0.24879454284906388,0.0,87.4540023803711,20.0,0.9967945170402527,12.75703125,0.6429622685909271,-1.5286645889282227,0.07657502874732018,0.14332228392362595
324,1107.8372738361359,0.29338748812675475,0.24799199968576432,0.0,87.7589111328125,20.0,0.9967197418212891,12.700927734375,0.6407855439186096,-1.521902220249176,0.0761599925160408,0.14266139537096023
325,1110.6773645877838,0.29380411565303804,0.24812382340431213,0.0,87.713134765625,20.0,0.9967041015625,12.689208984375,0.6426754140853882,-1.5141033625602722,0.07458254292607308,0.14235942602157592
326,1113.5068678855896,0.2927769196033478,0.24700924456119538,0.0,91.09668731689453,20.0,0.9966998994350433,12.6886962890625,0.6388347518444061,-1.5206432604789735,0.07532020851969719,0.14173025518655777
327,1116.3246939182281,0.29268991827964785,0.24698235034942628,0.0,92.86902618408203,20.0,0.9966437757015228,12.65126953125,0.6395997858047485,-1.5182348203659057,0.07447531446814537,0.1421687462925911
328,1119.1531870365143,0.2938292038440704,0.2477016806602478,0.0,96.70775604248047,20.0,0.9965882956981659,12.60966796875,0.6402213108539582,-1.5184439301490784,0.07563563138246536,0.14313495635986329
329,1121.9856288433075,0.294594532251358,0.24823093116283418,0.0,91.56201171875,20.0,0.996502947807312,12.545654296875,0.6423861443996429,-1.51165531873703,0.07466583073139191,0.14395585745573045
330,1124.8160803318024,0.2940411311388016,0.2503060668706894,0.0,86.4167251586914,20.0,0.9964849853515625,12.535400390625,0.6454455196857453,-1.5171754574775695,0.07672193497419358,0.14436956852674485
331,1127.6482779979706,0.29408370971679687,0.2492767807841301,0.0,92.45866394042969,20.0,0.9964558732509613,12.514013671875,0.6447599601745605,-1.5133121395111084,0.07644133552908898,0.14409493535757065
332,1130.4757928848267,0.2928937339782715,0.2484844747185707,0.0,84.40643310546875,20.0,0.9964062571525574,12.476806640625,0.6417603421211243,-1.500832018852234,0.07765418604016304,0.14418046563863754
333,1133.2901854515076,0.29430658638477325,0.25068739980459215,0.0,88.89173126220703,20.0,0.9963953256607055,12.470654296875,0.6456507539749146,-1.507366008758545,0.08138472363352775,0.14477966517210006
334,1136.091724872589,0.2932160949707031,0.25023583710193636,0.0,86.1398696899414,20.0,0.9963429737091064,12.451171875,0.6435476636886597,-1.5085297441482544,0.08014591932296752,0.1445657095313072
335,1138.918363571167,0.29249167919158936,0.24917647182941438,0.0,85.38162994384766,20.0,0.9962008595466614,12.379541015625,0.6426127195358277,-1.498966851234436,0.07861821621656417,0.14379220366477966
336,1141.7315814495087,0.29186353921890257,0.2488263612985611,0.0,89.08134460449219,20.0,0.9960785949230194,12.3043212890625,0.6409212064743042,-1.5068072032928468,0.07873000487685204,0.14240980803966521
337,1144.5601825714111,0.2924600958824158,0.24892170071601868,0.0,89.79669952392578,20.0,0.9960546493530273,12.286376953125,0.6401259338855744,-1.5068636679649352,0.07739200547337532,0.14357044279575348
338,1147.3879387378693,0.2936839187145233,0.2506173399090767,0.0,86.96170043945312,20.0,0.9960396587848663,12.281103515625,0.6436113572120666,-1.5064194703102112,0.07851210698485374,0.14504172384738923
339,1150.1946234703064,0.29458060026168825,0.2519083192944527,0.0,88.17233276367188,20.0,0.9959625101089478,12.224560546875,0.6465161180496216,-1.5062624025344848,0.0801569400727749,0.14661479651927947
340,1153.0202460289001,0.2958415830135345,0.25339908242225645,0.0,92.26588439941406,20.0,0.9958893942832947,12.1728515625,0.6502650916576386,-1.5135083413124084,0.07774854883551598,0.14745160460472106
341,1155.8322489261627,0.29486486315727234,0.2524070540070534,0.0,98.45829010009766,20.0,0.9958355414867401,12.1330078125,0.6482326424121857,-1.5103412055969239,0.07870813116431236,0.14718513041734696
342,1158.6474840641022,0.2960232639312744,0.2542044025659561,0.0,94.5614242553711,20.0,0.9957562780380249,12.07353515625,0.6513316869735718,-1.5130620908737182,0.07678026229143142,0.14897042512893677
343,1161.4569911956787,0.29587386786937714,0.2547090846300125,0.0,92.09272003173828,20.0,0.9956725704669952,12.0107666015625,0.6526892983913422,-1.5145545744895934,0.076768057346344,0.14739373207092285
344,1164.2908401489258,0.2942365527153015,0.2512945345044136,0.0,86.76665496826172,20.0,0.9954944431781769,11.8771728515625,0.6448242485523223,-1.5167018508911132,0.078633264452219,0.14550384968519212
345,1167.1077599525452,0.294081329703331,0.25022297143936156,0.0,88.23539733886719,20.0,0.9954336988925934,11.8316162109375,0.6424012541770935,-1.5064807200431825,0.07823102474212647,0.14486102044582366
346,1169.9232766628265,0.2946885085105896,0.2517444398999214,0.0,90.26109313964844,20.0,0.9953683733940124,11.8005615234375,0.6459359192848205,-1.5150902652740479,0.07859604224562645,0.14609506487846374
347,1172.7525556087494,0.2941265964508057,0.2508963307738304,0.0,93.79348754882812,20.0,0.9952151465415955,11.6860107421875,0.6438462650775909,-1.5031944608688355,0.0774538603425026,0.1456259459257126
348,1175.5779321193695,0.29615048706531527,0.25323961973190307,0.0,84.44449615478516,20.0,0.9951710867881775,11.652978515625,0.6488574051856995,-1.5078461360931397,0.07643735200166703,0.14764707207679748
349,1178.3863298892975,0.29531426906585695,0.25080471754074096,0.0,90.80036163330078,20.0,0.9950746941566467,11.5806884765625,0.6428423976898193,-1.5074536204338074,0.07817646339535714,0.14503844171762467
350,1181.2116606235504,0.2960431563854218,0.25337947249412535,0.0,88.37704467773438,20.0,0.9950210976600647,11.5435546875,0.648928415775299,-1.5117337560653688,0.0784192343056202,0.14625489205121994
351,1184.053214788437,0.29604955852031706,0.2528957188129425,0.0,86.1620864868164,20.0,0.9950074410438537,11.53388671875,0.6491421103477478,-1.5078829669952392,0.0768078801035881,0.1469467169046402
352,1186.8845102787018,0.29645338118076325,0.25346700876951217,0.0,100.88795471191406,20.0,0.9949902892112732,11.52099609375,0.6502300107479095,-1.506276581287384,0.07738359272480011,0.14792209893465041
353,1189.7115778923035,0.2976762652397156,0.2550231724977493,0.0,88.46742248535156,20.0,0.9949902892112732,11.52099609375,0.6540169405937195,-1.506139895915985,0.0777695195376873,0.14856849372386932
354,1192.5494484901428,0.2970338332653046,0.2542104524374008,0.0,90.23085021972656,20.0,0.9949902892112732,11.52099609375,0.6516121482849121,-1.503377492427826,0.07807529449462891,0.15018156468868255
355,1195.3765563964844,0.29674069046974183,0.25250425904989243,0.0,90.59712982177734,20.0,0.9949517953395843,11.504736328125,0.6478920269012451,-1.4964111375808715,0.07614819228649139,0.14949507176876067
356,1198.1983551979065,0.2952913028001785,0.2516026943922043,0.0,95.80382537841797,20.0,0.9948756003379822,11.4609375,0.6484738004207611,-1.5025708699226379,0.07521876648068428,0.14742313116788863
357,1201.0310809612274,0.29591332376003265,0.2530851423740387,0.0,88.09494018554688,20.0,0.9948179769515991,11.424755859375,0.6504040598869324,-1.4979033088684082,0.07493987649679185,0.15050267904996872
358,1203.8502879142761,0.2967441046237946,0.2530734527111054,0.0,89.3740234375,20.0,0.9947587966918945,11.38037109375,0.6501045525074005,-1.4980787324905396,0.0770560772716999,0.14989467680454255
359,1206.6612668037415,0.29766357481479644,0.25495129704475405,0.0,89.70752716064453,20.0,0.9947118759155273,11.34521484375,0.6544999063014985,-1.4943969058990478,0.07383722484111786,0.15028857946395874
360,1209.492413520813,0.2980216646194458,0.25546015620231627,0.0,88.29967498779297,20.0,0.9946650648117066,11.31005859375,0.6562056767940522,-1.5000959753990173,0.0749214144051075,0.1497901514172554
361,1212.3112168312073,0.297465158700943,0.2544776380062103,0.0,94.09261322021484,20.0,0.994630959033966,11.2844970703125,0.6548108386993409,-1.4978269410133362,0.07537054151296615,0.15004286855459215
362,1215.1121582984924,0.2969443941116333,0.25396526396274566,0.0,94.7438735961914,20.0,0.9946206951141358,11.276806640625,0.6537599611282349,-1.4985261344909668,0.07771413177251815,0.15008655399084092
363,1217.90927195549,0.29791727900505066,0.25533661007881164,0.0,87.10427856445312,20.0,0.9945995807647705,11.260986328125,0.6559541511535645,-1.4947121739387512,0.07800525099039078,0.15019133567810058
364,1220.708651304245,0.298226410150528,0.2563552892208099,0.0,86.40260314941406,20.0,0.9945704889297485,11.243408203125,0.6579835665225983,-1.49527184009552,0.07945235654711723,0.15036546736955642
365,1223.496764421463,0.2969995701313019,0.2544556349515915,0.0,89.40373992919922,20.0,0.9944842171669006,11.21337890625,0.6535603427886962,-1.484562838077545,0.07992134228348732,0.14923353731632233
366,1226.3086640834808,0.29651953220367433,0.25431694597005844,0.0,96.5884017944336,20.0,0.9944496130943299,11.192431640625,0.6523951220512391,-1.4892066359519958,0.08056654185056686,0.14935315102338792
367,1229.0915961265564,0.2959559774398804,0.2529373478889465,0.0,90.22917175292969,20.0,0.994407229423523,11.16064453125,0.6492519557476044,-1.481658730506897,0.08144246205687523,0.14885693967342375
368,1231.912288427353,0.29752793550491335,0.25466980516910553,0.0,89.68189239501953,20.0,0.9943388962745666,11.13017578125,0.6530411946773529,-1.4884193897247315,0.07959311291575431,0.15056808918714523
369,1234.7155485153198,0.2965031307935715,0.2534604901075363,0.0,85.52815246582031,20.0,0.9942421841621399,11.066455078125,0.6516030752658843,-1.489062159061432,0.07903122127056122,0.14780862122774124
370,1237.5261363983154,0.29762510538101195,0.25455425202846527,0.0,90.77468872070312,20.0,0.9941387689113617,11.0117431640625,0.6525346028804779,-1.500956003665924,0.08173246487975121,0.14902473300695418
371,1240.3130660057068,0.2966482537984848,0.25370131611824037,0.0,86.4444580078125,20.0,0.994046094417572,10.948388671875,0.6526493012905121,-1.4949801135063172,0.07973347395658494,0.14922498762607575
372,1243.1133165359497,0.2991052508354187,0.25672859251499175,0.0,87.98688507080078,20.0,0.9939746499061585,10.894775390625,0.6589817941188812,-1.4937527966499329,0.07940497279167175,0.15127050518989563
373,1245.9081809520721,0.2986442244052887,0.25620782136917114,0.0,89.38797760009766,20.0,0.9938898372650147,10.831201171875,0.6592966747283936,-1.4992976951599122,0.07958600431680679,0.1501831117272377
374,1248.6912863254547,0.2977294117212296,0.2543510437011719,0.0,89.72932434082031,20.0,0.9938573837280273,10.806884765625,0.6542947089672089,-1.4964910459518432,0.08011415913701057,0.14892304599285125
375,1251.4835903644562,0.29764274537563323,0.2540725612640381,0.0,91.77072143554688,20.0,0.9938125765323639,10.7732666015625,0.6530675125122071,-1.4865678119659425,0.08012801438570022,0.15015842646360397
376,1254.279281616211,0.29777277052402495,0.25433626472949983,0.0,88.86631774902344,20.0,0.9937695264816284,10.740966796875,0.6531459558010101,-1.486615948677063,0.08059124052524566,0.15002776712179183
377,1257.094734430313,0.2977957719564438,0.25346903413534166,0.0,90.41435241699219,20.0,0.993748061656952,10.724853515625,0.6497462856769561,-1.4862209725379945,0.07896011397242546,0.15106218725442885
378,1259.8924098014832,0.29818991124629973,0.2547383189201355,0.0,89.18629455566406,20.0,0.9936492156982422,10.660400390625,0.6532531666755677,-1.488163447380066,0.07986803382635116,0.15107064694166183
379,1262.6748733520508,0.2994198101758957,0.2561522901058197,0.0,83.9415283203125,20.0,0.9936285138130188,10.649853515625,0.656118334531784,-1.4846671319007874,0.07949751392006874,0.15336070507764815
380,1265.4491267204285,0.29937213778495786,0.25714368164539336,0.0,91.08492279052734,20.0,0.9935701227188111,10.6089111328125,0.6592237532138825,-1.4906907987594604,0.07986495479941368,0.1521601441502571
381,1268.2361869812012,0.2989259737730026,0.25658695757389066,0.0,90.50724792480469,20.0,0.9935058355331421,10.5615234375,0.6570602035522461,-1.4878717803955077,0.08212162017822265,0.1519003015756607
382,1271.04257106781,0.30006952822208405,0.25858023643493655,0.0,92.70719146728516,20.0,0.9934142625331879,10.492822265625,0.6624813675880432,-1.4904474115371704,0.07990000143647194,0.15313660919666292
383,1273.8576049804688,0.29847968578338624,0.25644238710403444,0.0,93.26899719238281,20.0,0.993360345363617,10.4736328125,0.6580549848079681,-1.4947649335861206,0.0834264723956585,0.15098215967416764
384,1276.6692054271698,0.2975694912672043,0.25475180327892305,0.0,84.1925048828125,20.0,0.9933224380016327,10.460595703125,0.6521690821647644,-1.4928023982048035,0.08264388889074326,0.15061972588300704
385,1279.482423067093,0.29802132725715635,0.2554167604446411,0.0,90.79466247558594,20.0,0.9932553768157959,10.4102783203125,0.6570540797710419,-1.4841428804397583,0.07903341427445412,0.15202974677085876
386,1282.2929167747498,0.29700818955898284,0.2547766935825348,0.0,97.21806335449219,20.0,0.9932178258895874,10.382080078125,0.6540022575855255,-1.4837531042099,0.07984789654612541,0.15089771658182144
387,1285.1047394275665,0.2965060156583786,0.2534375509619713,0.0,94.24909973144531,20.0,0.9930956172943115,10.3027587890625,0.6517659294605255,-1.4806279850006103,0.07932147651910781,0.15097010314464568
388,1287.91756939888,0.2965633577108383,0.2546464741230011,0.0,85.87060546875,20.0,0.9929529261589051,10.21435546875,0.6544417822360993,-1.4831651115417481,0.07875299960374832,0.15131224632263185
389,1290.715627193451,0.29709535002708437,0.25488768458366395,0.0,88.92499542236328,20.0,0.992900664806366,10.1772216796875,0.654198693037033,-1.4876376914978027,0.08060908555984497,0.15171828508377075
390,1293.5049829483032,0.2964277559518814,0.2564279299974441,0.0,88.12246704101562,20.0,0.992840256690979,10.13466796875,0.657916032075882,-1.4895974564552308,0.08052056953310967,0.15182377129793168
391,1296.3161597251892,0.29709942400455475,0.25543896317481996,0.0,95.19783020019531,20.0,0.9928002190589905,10.106103515625,0.6559289944171905,-1.4896638894081116,0.08146945968270301,0.15252450495958328
392,1299.1162974834442,0.29683751344680787,0.2560218846797943,0.0,89.3572006225586,20.0,0.9927303993701935,10.0699951171875,0.6581068670749665,-1.4933817648887635,0.08075565531849861,0.1518856939673424
393,1301.9262883663177,0.2975288712978363,0.2560888940095902,0.0,90.91659545898438,20.0,0.9927002191543579,10.05615234375,0.6574682676792145,-1.493585503101349,0.0807646757364273,0.15293886601924897
394,1304.712884426117,0.2972634184360504,0.2560453575849533,0.0,89.80134582519531,20.0,0.9926625037193298,10.032568359375,0.6554454827308654,-1.4936517143249513,0.08109098568558692,0.15340794116258621
395,1307.5096113681793,0.2977636843919754,0.2566069805622101,0.0,90.56087493896484,20.0,0.9925693452358246,9.96533203125,0.6585919392108918,-1.4861504673957824,0.08081279098987579,0.15490749418735505
396,1310.318588733673,0.29624313056468965,0.2545591181516647,0.0,91.10269165039062,20.0,0.9925168895721436,9.947021484375,0.6533027350902557,-1.4870888423919677,0.08158124953508378,0.1536647993326187
397,1313.102533340454,0.2949762988090515,0.2534342566132545,0.0,85.86963653564453,20.0,0.9924218654632568,9.88037109375,0.6522038745880127,-1.483054633140564,0.08188463732600212,0.1521046555042267
398,1315.919531583786,0.2970335042476654,0.2559043616056442,0.0,94.38095092773438,20.0,0.9924124813079834,9.87333984375,0.6564156925678253,-1.4888756251335145,0.07903983891010284,0.15381680220365523
399,1318.708949804306,0.2971737450361252,0.25675529181957246,0.0,88.62867736816406,20.0,0.9923816251754761,9.8501953125,0.659499317407608,-1.4851109170913697,0.08087928473949432,0.15434691309928894
400,1321.499374628067,0.2944796055555344,0.25380353987216947,0.0,101.97657012939453,20.0,0.9923377227783203,9.8199462890625,0.6515732550621033,-1.4771078062057494,0.08880328133702278,0.15138781756162645
401,1324.314365386963,0.2941338509321213,0.2523599180579186,0.0,105.8294677734375,20.0,0.9923173904418945,9.8056640625,0.6490584301948548,-1.4719737839698792,0.0895073153078556,0.15103000342845918
402,1327.1165208816528,0.2951824367046356,0.254318340420723,0.0,87.13101196289062,20.0,0.9922900199890137,9.78515625,0.654134806394577,-1.474885468482971,0.0888983242213726,0.1519664227962494
403,1329.9065582752228,0.29506292641162873,0.25487243354320527,0.0,84.45509338378906,20.0,0.9922273349761963,9.738134765625,0.6541259956359863,-1.4717166376113893,0.09070449814200401,0.152438223361969
404,1332.6949198246002,0.29534226655960083,0.2543000057339668,0.0,88.82238006591797,20.0,0.9921870112419129,9.7078857421875,0.6538349795341492,-1.470524353981018,0.09134153813123704,0.1510698103904724
405,1335.4906611442566,0.2953832018375397,0.25385923534631727,0.0,91.65174865722656,20.0,0.9921113204956055,9.651123046875,0.6520933163166046,-1.4628487992286683,0.08936127185821534,0.15207136422395706
406,1338.2949759960175,0.294520800113678,0.25320315957069395,0.0,91.57569885253906,20.0,0.9920494306087494,9.6145751953125,0.6503393089771271,-1.4710371041297912,0.08766435727477073,0.15225546032190324
407,1341.112746477127,0.29372925937175753,0.252437981069088,0.0,88.3705062866211,20.0,0.992006447315216,9.60205078125,0.6489421188831329,-1.4645300936698913,0.08700086668133736,0.15157231360673903
408,1343.904203414917,0.2951195693016052,0.2544803953170776,0.0,84.63298797607422,20.0,0.9919696927070618,9.5888671875,0.6540545880794525,-1.466038842201233,0.08726065203547478,0.1525256234407425
409,1346.7059581279755,0.29549895524978637,0.254781908094883,0.0,95.22232818603516,20.0,0.9919495964050293,9.573779296875,0.6528226375579834,-1.4621839666366576,0.08873254969716073,0.1533070608973503
410,1349.4973936080933,0.2962749683856964,0.2568837213516235,0.0,90.48291015625,20.0,0.9919072353839874,9.5419921875,0.658324830532074,-1.4717289519309997,0.08715622693300247,0.15578125774860382
411,1352.293984413147,0.29531794488430024,0.25514879941940305,0.0,85.6270751953125,20.0,0.9918664288520813,9.511376953125,0.6547989141941071,-1.4669534873962402,0.08974230408668518,0.15399390667676927
412,1355.0872993469238,0.29523237884044645,0.25490256905555725,0.0,91.48454284667969,20.0,0.9917869102954865,9.46640625,0.6532722187042236,-1.4675582671165466,0.0902316127717495,0.15345942556858064
413,1357.868944644928,0.29544169127941133,0.25559561312198636,0.0,90.60297393798828,20.0,0.9917394459247589,9.430810546875,0.6554049849510193,-1.4694810676574708,0.092411457747221,0.1539238089323044
414,1360.6796572208405,0.2945443081855774,0.2540827059745789,0.0,88.87928771972656,20.0,0.9916910076141358,9.397412109375,0.650525507926941,-1.4677227973937987,0.09176947832107545,0.1531506222486496
415,1363.46311044693,0.29342648804187776,0.25277991145849227,0.0,86.26405334472656,20.0,0.9916579675674438,9.385986328125,0.6488616263866425,-1.4593857765197753,0.09133399590849876,0.15171740621328353
416,1366.2286031246185,0.2927919781208038,0.2527186945080757,0.0,87.96446990966797,20.0,0.9916499543190003,9.385986328125,0.6482246768474579,-1.46330011844635,0.09362835168838501,0.15283753633499145
417,1369.0174486637115,0.2931382703781128,0.25275319278240205,0.0,99.70785522460938,20.0,0.9915882921218873,9.354052734375,0.6483299779891968,-1.462548885345459,0.09070613637566566,0.15298104107379915
418,1371.8087644577026,0.2950992846488953,0.25572184443473817,0.0,86.67198944091797,20.0,0.9915089881420136,9.2994140625,0.6542468929290771,-1.4612427687644958,0.09189327329397201,0.1562557512521744
419,1374.6048574447632,0.2951634740829468,0.25648161113262175,0.0,88.22705841064453,20.0,0.9914585971832275,9.2674072265625,0.6563842689990997,-1.458917715549469,0.09140103384852409,0.156697938144207
420,1377.4038953781128,0.2951290142536163,0.256886864900589,0.0,90.04275512695312,20.0,0.9914208650588989,9.239501953125,0.6565020525455475,-1.4655121326446534,0.09423968374729157,0.15623729020357133
421,1380.1632969379425,0.29578070878982543,0.25744638562202454,0.0,86.8292236328125,20.0,0.9914134585857391,9.239501953125,0.6575727248191834,-1.4602309107780456,0.09483380869030952,0.15706766486167908
422,1383.047404050827,0.29458447396755216,0.2558863371610641,0.0,90.99765014648438,20.0,0.9913495182991028,9.2061767578125,0.6528493559360504,-1.462223527431488,0.09415904566645622,0.15597693085670472
423,1385.8288021087646,0.29470765113830566,0.2567115318775177,0.0,88.2972412109375,20.0,0.991299283504486,9.1776123046875,0.6565891754627228,-1.4657926654815674,0.09589310958981515,0.15581438273191453
424,1388.6030204296112,0.29284260332584383,0.25389900505542756,0.0,85.6357421875,20.0,0.9912984037399292,9.17724609375,0.6494892501831054,-1.4661548829078674,0.09799196600914001,0.15246694535017014
425,1391.4081366062164,0.29353298544883727,0.2532187861204147,0.0,87.69580078125,20.0,0.9912513399124145,9.156298828125,0.6477113032341003,-1.4666709685325623,0.09612145200371743,0.15301184147596358
426,1394.1725301742554,0.2931960183382034,0.2541210126876831,0.0,95.01611328125,20.0,0.991136931180954,9.0796142578125,0.6495344066619873,-1.4654658818244934,0.09624297514557839,0.1534923204779625
427,1396.9654982089996,0.29356778383255006,0.25365406930446627,0.0,91.42926788330078,20.0,0.9911035299301147,9.063720703125,0.6481162941455841,-1.4667055487632752,0.09703584596514701,0.15445638358592986
428,1399.7563354969025,0.29340061247348787,0.25487593829631805,0.0,88.2645492553711,20.0,0.9910651266574859,9.0564697265625,0.649392032623291,-1.4716268277168274,0.09691040232777595,0.15367845058441162
429,1402.5439026355743,0.2959084445238113,0.25632531702518463,0.0,87.80367279052734,20.0,0.9910302758216858,9.03076171875,0.6546006441116333,-1.4674286293983458,0.09498882129788398,0.15544868469238282
430,1405.3248958587646,0.29400054216384885,0.25551598966121675,0.0,88.61436462402344,20.0,0.9909789860248566,9.010986328125,0.6527836036682129,-1.4735834836959838,0.0959858800470829,0.15375497311353684
431,1408.1022946834564,0.29525686621665953,0.2562450385093689,0.0,86.8924331665039,20.0,0.9908418035507203,8.911376953125,0.653930172920227,-1.4679680228233338,0.09694480150938034,0.15556344866752625
432,1410.8852999210358,0.29442867696285246,0.25630457878112795,0.0,85.3244857788086,20.0,0.9908007979393005,8.880615234375,0.6543165957927704,-1.467791678905487,0.09592120930552482,0.15468211740255355
433,1413.6785399913788,0.29511467218399046,0.2561951035261154,0.0,95.12461853027344,20.0,0.9907492411136627,8.849560546875,0.6551630330085755,-1.4667679214477538,0.09858291387557984,0.15425333708524705
434,1416.47540640831,0.2957099944353104,0.2567812842130661,0.0,91.25289154052734,20.0,0.9906429612636566,8.784228515625,0.6557318687438964,-1.464664924144745,0.09685610190033912,0.1550351384282112
435,1419.2607655525208,0.29453246414661405,0.25467163681983945,0.0,92.33142852783203,20.0,0.9905143344402313,8.6890869140625,0.6518363797664642,-1.4612506198883057,0.09713270500302315,0.15344921261072159
436,1422.0414745807648,0.2938363116979599,0.25471231758594515,0.0,86.51136016845703,20.0,0.9904834032058716,8.671875,0.6510033750534058,-1.4608714270591736,0.09720702484250068,0.15404393076896666
437,1424.8174216747284,0.29361954391002654,0.2541046279668808,0.0,86.85356903076172,20.0,0.9904350411891937,8.6356201171875,0.6512694251537323,-1.4578142070770264,0.09781773701310158,0.15383126139640807
438,1427.5972940921783,0.2940049421787262,0.25475391894578936,0.0,84.09126281738281,20.0,0.9903899228572846,8.6017822265625,0.6511731660366058,-1.45642240524292,0.0975341859459877,0.1539155837893486
439,1430.3814673423767,0.29391890704631807,0.25487286686897276,0.0,86.53877258300781,20.0,0.9903001856803894,8.548388671875,0.6523885440826416,-1.4516217136383056,0.09868576109409333,0.15361144363880158
440,1433.1394453048706,0.2921933126449585,0.25403909891843796,0.0,96.61294555664062,20.0,0.9902456128597259,8.5118408203125,0.6499043738842011,-1.453813762664795,0.10080589234828949,0.15219402849674224
441,1435.918291091919,0.29428703665733336,0.2558585900068283,0.0,86.68633270263672,20.0,0.9901939463615418,8.478076171875,0.6549359810352325,-1.4434580159187318,0.10086405113339424,0.1561303097009659
442,1438.7092010974884,0.2934954404830933,0.2560864281654358,0.0,85.44155883789062,20.0,0.9901597142219544,8.463134765625,0.6548549175262451,-1.4494219899177552,0.10115230232477188,0.15413223683834076
443,1441.4898846149445,0.2954065877199173,0.2584577214717865,0.0,81.42054748535156,20.0,0.9901375246047973,8.463134765625,0.6592335724830627,-1.4504223346710206,0.10175176844000816,0.15740932673215866
444,1444.2650384902954,0.2939678251743317,0.2557810926437378,0.0,87.26861572265625,20.0,0.9901054620742797,8.447021484375,0.6522710537910461,-1.447496430873871,0.10521135911345482,0.15491756200790405
445,1447.0211968421936,0.2940121692419052,0.25537474393844606,0.0,87.15106201171875,20.0,0.9900289237499237,8.4160400390625,0.6509000551700592,-1.4392243385314942,0.10464179337024689,0.1538096523284912
446,1449.783011674881,0.2938330179452896,0.25560111105442046,0.0,91.44145202636719,20.0,0.9899517488479614,8.364697265625,0.651215273141861,-1.438034517765045,0.10331387862563134,0.15547991096973418
447,1452.5487909317017,0.2924805998802185,0.25351195454597475,0.0,91.76842498779297,20.0,0.9898814582824706,8.311962890625,0.6485058093070983,-1.4339151358604432,0.10392564281821251,0.15321528822183608
448,1455.3187565803528,0.29494553804397583,0.2564335483312607,0.0,89.06615447998047,20.0,0.9898427844047546,8.287353515625,0.6535635721683503,-1.4344584655761718,0.10262879103422165,0.1564208248257637
449,1458.0998525619507,0.2952824425697327,0.25778616964817047,0.0,88.70470428466797,20.0,0.9898012065887452,8.25908203125,0.6582636439800262,-1.4278087759017943,0.10243110716342926,0.15714577883481978
450,1460.8683815002441,0.2921369993686676,0.253922421336174,0.0,93.80278778076172,20.0,0.9897098016738891,8.19052734375,0.6486525464057923,-1.4352362608909608,0.10469511821866036,0.15299442112445832
451,1463.6396007537842,0.2956459313631058,0.2575502949953079,0.0,96.32748413085938,20.0,0.9896320414543152,8.1322265625,0.6575470280647278,-1.4267338514328003,0.10352322697639466,0.15801972538232803
452,1466.389948129654,0.29634940028190615,0.2587278550863266,0.0,90.72908020019531,20.0,0.9895557165145874,8.074951171875,0.6601817548274994,-1.4294634366035461,0.10278744757175445,0.1591217413544655
453,1469.1658127307892,0.2932295125722885,0.2560349118709564,0.0,91.87908935546875,20.0,0.9895481896400452,8.0693115234375,0.6545623362064361,-1.4317985916137694,0.10594790861010552,0.15547146916389465
454,1471.943442583084,0.294304319024086,0.25650873363018034,0.0,92.31014251708984,20.0,0.9894635140895843,8.005810546875,0.6554322302341461,-1.42790114402771,0.10381304815411568,0.15617271184921264
455,1474.710061788559,0.2947669380903244,0.25676225960254667,0.0,86.09553527832031,20.0,0.9894205474853516,7.973583984375,0.6586858034133911,-1.4219950604438782,0.09788240417838097,0.1570957174897194
456,1477.4684565067291,0.29382764279842377,0.2552478492259979,0.0,88.34138488769531,20.0,0.9893487548828125,7.9244384765625,0.6545779359340668,-1.4172359108924866,0.09882063239812851,0.15656348139047624
457,1480.2205183506012,0.29377317607402803,0.25652084589004515,0.0,80.99838256835938,20.0,0.9892618548870087,7.8692138671875,0.6576814031600953,-1.412965772151947,0.10012459129095078,0.15775944143533707
458,1482.98219871521,0.29453926384449003,0.256692333817482,0.0,89.79388427734375,20.0,0.9892041087150574,7.825927734375,0.6578045654296875,-1.4170608854293822,0.09753912180662155,0.15820071011781692
459,1485.7516667842865,0.2943351012468338,0.2569659477472305,0.0,87.92207336425781,20.0,0.9892041087150574,7.825927734375,0.659952642917633,-1.4193645405769348,0.09471424162387848,0.15819973051548003
