run,iteration,episode_class,n_episodes,joint,samples,mean_abs_qd,p95_abs_qd,p99_abs_qd,max_abs_qd,frac_above_4,frac_above_6.28,frac_above_10,frac_above_20,events_above_6p28_per_episode,event_6p28_duration_ms_median,event_6p28_duration_ms_p95,event_6p28_duration_ms_max,events_above_20_per_episode,event_20_duration_ms_median,event_20_duration_ms_p95,event_20_duration_ms_max
it_2500,2500,success,38,r_hip_pitch,1366480,1.02686,3.21607,18.77621,40.93968,0.04336,0.03126,0.02099,0.00879,12.44737,28.0,121.2,152.0,5.34211,29.0,68.95,78.5
it_2500,2500,success,38,r_hip_roll,1366480,0.51147,1.70273,5.43067,19.5747,0.01565,0.00785,0.00133,0.0,4.18421,37.0,62.55,74.0,0.0,nan,nan,0.0
it_2500,2500,success,38,r_thigh,1366480,0.48735,2.32381,4.48405,26.46456,0.01363,0.00408,0.00127,0.00018,4.55263,12.5,46.7,79.0,0.34211,8.5,20.0,21.5
it_2500,2500,success,38,r_calf,1366480,1.40302,6.93381,18.42328,37.86493,0.07889,0.05434,0.03421,0.0076,18.65789,39.5,132.6,172.5,6.57895,16.0,42.275,49.0
it_2500,2500,success,38,r_ankle_pitch,1366480,2.17199,7.58437,12.33007,30.95328,0.19728,0.08179,0.02123,0.0015,73.26316,12.5,61.5,119.5,1.92105,12.0,29.0,31.0
it_2500,2500,success,38,r_ankle_roll,1366480,0.56284,1.90247,4.65438,31.12733,0.01195,0.00736,0.00404,0.0006,4.55263,23.0,65.9,89.5,1.23684,9.0,15.85,20.0
it_2500,2500,success,38,l_hip_pitch,1366480,1.10799,3.69754,12.6846,37.41822,0.04482,0.02828,0.01488,0.00328,12.84211,27.75,108.5,198.5,2.71053,18.5,48.95,55.0
it_2500,2500,success,38,l_hip_roll,1366480,0.49361,1.74296,3.56834,14.59578,0.00825,0.00339,0.00092,0.0,2.89474,16.5,54.0,57.5,0.0,nan,nan,0.0
it_2500,2500,success,38,l_thigh,1366480,0.65348,3.23339,7.68957,27.80714,0.03387,0.01263,0.007,0.00033,6.97368,28.0,70.4,95.5,0.5,10.5,23.7,34.5
it_2500,2500,success,38,l_calf,1366480,1.99999,7.06595,12.65275,29.00833,0.17826,0.06709,0.02012,0.00137,59.18421,17.5,53.0,140.0,1.92105,11.0,28.7,36.0
it_2500,2500,success,38,l_ankle_pitch,1366480,1.94671,7.49775,10.90466,30.53546,0.18276,0.07687,0.01621,0.00049,75.84211,15.0,50.0,120.5,0.71053,11.5,24.55,30.5
it_2500,2500,success,38,l_ankle_roll,1366480,0.79161,3.12818,8.40511,31.61329,0.03091,0.01398,0.00784,0.00098,8.34211,20.0,68.0,93.5,2.26316,7.5,14.0,18.5
it_2500,2500,failed,90,r_hip_pitch,3236400,1.27439,6.1291,21.6329,40.1244,0.06041,0.0494,0.03692,0.01311,14.37778,66.0,122.5,192.5,10.22222,17.5,55.0,73.0
it_2500,2500,failed,90,r_hip_roll,3236400,0.67707,2.57531,7.39053,17.96954,0.03046,0.01503,0.00222,0.0,7.91111,36.75,63.5,76.0,0.0,nan,nan,0.0
it_2500,2500,failed,90,r_thigh,3236400,0.84694,3.1036,5.1636,31.87837,0.02247,0.00596,0.00144,0.00021,6.61111,12.5,47.15,89.5,0.28889,14.25,22.875,24.0
it_2500,2500,failed,90,r_calf,3236400,2.40986,12.8943,22.83053,39.7283,0.16038,0.11162,0.072,0.01683,34.22222,35.0,146.025,203.0,13.67778,18.0,44.75,52.0
it_2500,2500,failed,90,r_ankle_pitch,3236400,3.047,9.62354,15.62356,31.05896,0.2985,0.14845,0.04443,0.00368,101.13333,17.0,80.0,128.0,4.92222,12.5,27.45,33.5
it_2500,2500,failed,90,r_ankle_roll,3236400,0.58335,2.14876,5.47786,32.45574,0.01528,0.00859,0.00469,0.00064,5.55556,18.5,69.0,88.0,1.33333,8.25,18.05,22.0
it_2500,2500,failed,90,l_hip_pitch,3236400,1.06967,4.96755,15.00554,41.78846,0.05793,0.04141,0.02314,0.00409,17.43333,38.0,105.2,191.0,3.92222,15.0,43.0,60.0
it_2500,2500,failed,90,l_hip_roll,3236400,0.56085,2.10877,4.55847,18.12739,0.0136,0.0041,0.00093,0.0,3.98889,12.5,53.55,57.5,0.0,nan,nan,0.0
it_2500,2500,failed,90,l_thigh,3236400,1.14917,4.49626,10.28922,29.72771,0.07022,0.02181,0.01062,0.00015,12.63333,26.5,69.6,97.5,0.27778,8.5,20.0,24.0
it_2500,2500,failed,90,l_calf,3236400,2.3321,9.0174,15.17122,28.56786,0.20658,0.10909,0.03832,0.00148,80.17778,23.0,49.5,157.0,2.94444,6.0,26.5,37.0
it_2500,2500,failed,90,l_ankle_pitch,3236400,2.30468,8.48749,11.60736,30.13792,0.23178,0.11369,0.02333,0.00057,105.2,15.0,57.325,118.5,0.78889,12.0,27.5,30.0
it_2500,2500,failed,90,l_ankle_roll,3236400,1.26989,4.83014,13.92752,32.76678,0.07728,0.03444,0.01997,0.00197,19.08889,27.75,70.0,90.5,4.66667,7.0,15.0,19.5
it_2500,2500,all_valid,128,r_hip_pitch,4602880,1.20091,4.9608,21.0826,40.93968,0.05535,0.04401,0.03219,0.01182,13.80469,57.5,122.5,192.5,8.77344,19.0,57.95,78.5
it_2500,2500,all_valid,128,r_hip_roll,4602880,0.62791,2.29499,7.02533,19.5747,0.02607,0.0129,0.00195,0.0,6.80469,37.0,63.25,76.0,0.0,nan,nan,0.0
it_2500,2500,all_valid,128,r_thigh,4602880,0.74018,2.93539,4.98564,31.87837,0.01984,0.0054,0.00139,0.0002,6.0,12.5,47.0,89.5,0.30469,11.0,22.55,24.0
it_2500,2500,all_valid,128,r_calf,4602880,2.11096,11.56599,21.89094,39.7283,0.13618,0.09462,0.06078,0.01409,29.60156,36.0,144.5,203.0,11.57031,18.0,44.5,52.0
it_2500,2500,all_valid,128,r_ankle_pitch,4602880,2.78723,9.11397,14.74505,31.05896,0.26845,0.12866,0.03755,0.00303,92.85938,16.0,79.0,128.0,4.03125,12.5,27.625,33.5
it_2500,2500,all_valid,128,r_ankle_roll,4602880,0.57726,2.0647,5.25519,32.45574,0.01429,0.00822,0.00449,0.00063,5.25781,19.5,67.7,89.5,1.30469,8.5,18.0,22.0
it_2500,2500,all_valid,128,l_hip_pitch,4602880,1.08104,4.42367,14.44222,41.78846,0.05404,0.03751,0.02068,0.00385,16.07031,37.0,106.5,198.5,3.5625,15.75,44.625,60.0
it_2500,2500,all_valid,128,l_hip_roll,4602880,0.54089,1.97389,4.34454,18.12739,0.01201,0.00389,0.00093,0.0,3.66406,14.0,54.0,57.5,0.0,nan,nan,0.0
it_2500,2500,all_valid,128,l_thigh,4602880,1.00201,4.26515,9.76686,29.72771,0.05943,0.01908,0.00955,0.0002,10.95312,27.25,70.0,97.5,0.34375,9.5,22.5,34.5
it_2500,2500,all_valid,128,l_calf,4602880,2.2335,8.51346,14.6803,29.00833,0.19817,0.09662,0.03291,0.00144,73.94531,22.0,50.0,157.0,2.64062,7.0,28.5,37.0
it_2500,2500,all_valid,128,l_ankle_pitch,4602880,2.19841,8.25478,11.41478,30.53546,0.21722,0.10276,0.02121,0.00054,96.48438,15.0,56.5,120.5,0.76562,12.0,27.15,30.5
it_2500,2500,all_valid,128,l_ankle_roll,4602880,1.1279,4.43908,12.91256,32.76678,0.06351,0.02836,0.01637,0.00168,15.89844,27.0,70.0,93.5,3.95312,7.5,14.875,19.5
it_3000,3000,success,128,r_hip_pitch,4602880,0.71177,2.5969,11.62878,46.93053,0.03313,0.02085,0.01194,0.00474,11.38281,17.5,81.5,174.5,3.03906,30.5,51.0,72.0
it_3000,3000,success,128,r_hip_roll,4602880,0.33886,1.40888,3.39875,16.43035,0.00818,0.00398,0.00093,0.0,3.46094,16.0,56.45,75.0,0.0,nan,nan,0.0
it_3000,3000,success,128,r_thigh,4602880,0.22246,0.93962,3.08131,31.36416,0.00678,0.00322,0.00129,0.0002,2.89844,17.5,47.0,71.0,0.35156,9.5,22.9,24.5
it_3000,3000,success,128,r_calf,4602880,0.83497,2.9003,14.24175,39.1774,0.03996,0.02835,0.01725,0.0044,11.16406,35.0,114.5,183.5,4.10156,15.0,40.0,50.5
it_3000,3000,success,128,r_ankle_pitch,4602880,0.86106,3.65922,8.95886,31.13711,0.04167,0.01761,0.00809,0.00079,10.86719,17.0,86.25,136.5,1.14062,11.0,26.75,29.5
it_3000,3000,success,128,r_ankle_roll,4602880,0.40805,1.43413,3.73923,32.86734,0.00953,0.00694,0.00435,0.00093,3.73438,36.25,67.075,99.0,1.58594,10.0,19.5,23.0
it_3000,3000,success,128,l_hip_pitch,4602880,0.76087,2.65109,10.13748,40.04373,0.02638,0.01697,0.01017,0.00269,7.85938,18.5,138.5,179.0,2.59375,16.5,45.625,73.0
it_3000,3000,success,128,l_hip_roll,4602880,0.36289,1.61402,2.92843,18.35098,0.00657,0.00356,0.00117,0.0,2.53125,21.5,55.35,65.0,0.0,nan,nan,0.0
it_3000,3000,success,128,l_thigh,4602880,0.32414,1.18989,4.74434,29.07239,0.0127,0.00703,0.00419,0.00061,4.14062,26.0,64.0,92.5,0.84375,12.75,28.65,35.0
it_3000,3000,success,128,l_calf,4602880,1.09906,4.80837,10.54848,34.13848,0.08134,0.02352,0.01104,0.00211,14.89062,17.5,91.5,151.0,2.19531,13.0,39.0,45.0
it_3000,3000,success,128,l_ankle_pitch,4602880,0.88105,4.39232,8.94346,30.83999,0.05867,0.02297,0.00785,0.00067,20.20312,12.5,70.25,119.0,0.82031,15.5,28.8,32.0
it_3000,3000,success,128,l_ankle_roll,4602880,0.39765,1.58586,3.00396,30.82851,0.00654,0.00376,0.00167,0.00017,3.125,17.0,58.5,89.5,0.39844,7.5,15.75,20.0
it_3000,3000,all_valid,128,r_hip_pitch,4602880,0.71177,2.5969,11.62878,46.93053,0.03313,0.02085,0.01194,0.00474,11.38281,17.5,81.5,174.5,3.03906,30.5,51.0,72.0
it_3000,3000,all_valid,128,r_hip_roll,4602880,0.33886,1.40888,3.39875,16.43035,0.00818,0.00398,0.00093,0.0,3.46094,16.0,56.45,75.0,0.0,nan,nan,0.0
it_3000,3000,all_valid,128,r_thigh,4602880,0.22246,0.93962,3.08131,31.36416,0.00678,0.00322,0.00129,0.0002,2.89844,17.5,47.0,71.0,0.35156,9.5,22.9,24.5
it_3000,3000,all_valid,128,r_calf,4602880,0.83497,2.9003,14.24175,39.1774,0.03996,0.02835,0.01725,0.0044,11.16406,35.0,114.5,183.5,4.10156,15.0,40.0,50.5
it_3000,3000,all_valid,128,r_ankle_pitch,4602880,0.86106,3.65922,8.95886,31.13711,0.04167,0.01761,0.00809,0.00079,10.86719,17.0,86.25,136.5,1.14062,11.0,26.75,29.5
it_3000,3000,all_valid,128,r_ankle_roll,4602880,0.40805,1.43413,3.73923,32.86734,0.00953,0.00694,0.00435,0.00093,3.73438,36.25,67.075,99.0,1.58594,10.0,19.5,23.0
it_3000,3000,all_valid,128,l_hip_pitch,4602880,0.76087,2.65109,10.13748,40.04373,0.02638,0.01697,0.01017,0.00269,7.85938,18.5,138.5,179.0,2.59375,16.5,45.625,73.0
it_3000,3000,all_valid,128,l_hip_roll,4602880,0.36289,1.61402,2.92843,18.35098,0.00657,0.00356,0.00117,0.0,2.53125,21.5,55.35,65.0,0.0,nan,nan,0.0
it_3000,3000,all_valid,128,l_thigh,4602880,0.32414,1.18989,4.74434,29.07239,0.0127,0.00703,0.00419,0.00061,4.14062,26.0,64.0,92.5,0.84375,12.75,28.65,35.0
it_3000,3000,all_valid,128,l_calf,4602880,1.09906,4.80837,10.54848,34.13848,0.08134,0.02352,0.01104,0.00211,14.89062,17.5,91.5,151.0,2.19531,13.0,39.0,45.0
it_3000,3000,all_valid,128,l_ankle_pitch,4602880,0.88105,4.39232,8.94346,30.83999,0.05867,0.02297,0.00785,0.00067,20.20312,12.5,70.25,119.0,0.82031,15.5,28.8,32.0
it_3000,3000,all_valid,128,l_ankle_roll,4602880,0.39765,1.58586,3.00396,30.82851,0.00654,0.00376,0.00167,0.00017,3.125,17.0,58.5,89.5,0.39844,7.5,15.75,20.0
it_3500,3500,success,125,r_hip_pitch,4495000,0.93956,2.91375,11.25161,45.34412,0.03246,0.02005,0.01182,0.00398,9.416,25.0,86.5,184.5,2.904,23.5,49.0,59.5
it_3500,3500,success,125,r_hip_roll,4495000,0.50339,1.69745,4.01434,19.16086,0.01004,0.00545,0.00171,0.0,3.848,19.5,58.0,69.0,0.0,nan,nan,0.0
it_3500,3500,success,125,r_thigh,4495000,0.2769,0.97009,2.59216,32.25179,0.00509,0.00245,0.00116,0.00023,2.272,14.0,49.925,73.0,0.312,13.5,24.05,26.0
it_3500,3500,success,125,r_calf,4495000,0.89375,2.6947,12.291,37.00945,0.03133,0.02158,0.01318,0.00357,8.912,24.5,118.5,205.5,3.064,18.5,40.5,53.0
it_3500,3500,success,125,r_ankle_pitch,4495000,1.89781,6.66161,10.40708,28.18412,0.16478,0.06018,0.0114,0.00046,66.36,12.0,43.5,121.5,0.936,7.5,18.5,24.0
it_3500,3500,success,125,r_ankle_roll,4495000,0.78368,2.36127,5.17191,34.3121,0.01424,0.00815,0.00531,0.00123,4.6,35.5,67.65,86.0,2.04,11.0,19.0,21.5
it_3500,3500,success,125,l_hip_pitch,4495000,1.30832,4.18422,11.63023,41.30364,0.05556,0.02289,0.01246,0.0026,11.56,19.5,100.0,177.5,2.528,17.0,36.5,55.5
it_3500,3500,success,125,l_hip_roll,4495000,0.54078,1.82859,3.35049,20.00778,0.00725,0.00415,0.00153,0.0,2.752,22.0,58.125,70.5,0.008,0.5,0.5,0.5
it_3500,3500,success,125,l_thigh,4495000,0.35788,1.27687,4.27504,32.81447,0.01066,0.00645,0.00324,0.00034,4.072,22.5,70.3,87.5,0.552,9.0,26.2,34.0
it_3500,3500,success,125,l_calf,4495000,2.28411,7.76445,12.98068,38.18098,0.214,0.08908,0.02228,0.00214,75.144,16.0,55.5,159.0,2.536,10.5,38.5,47.0
it_3500,3500,success,125,l_ankle_pitch,4495000,1.68861,6.30412,9.79247,31.24626,0.1452,0.05059,0.00926,0.00084,65.016,11.5,32.5,119.0,1.232,11.0,28.175,31.0
it_3500,3500,success,125,l_ankle_roll,4495000,0.42951,1.4033,3.09454,33.57022,0.00569,0.00311,0.00174,0.0003,2.496,15.75,59.0,68.0,0.624,8.5,16.5,23.0
it_3500,3500,failed,3,r_hip_pitch,107880,1.6137,5.13373,12.27478,39.96822,0.06575,0.03916,0.01714,0.00418,21.33333,22.25,78.775,85.0,3.33333,19.0,40.4,44.0
it_3500,3500,failed,3,r_hip_roll,107880,0.84075,2.73775,5.80625,13.76476,0.01922,0.00822,0.00352,0.0,6.0,14.25,55.525,58.5,0.0,nan,nan,0.0
it_3500,3500,failed,3,r_thigh,107880,0.38881,1.30451,3.04967,27.9836,0.00676,0.00375,0.00161,0.00057,4.0,12.25,37.9,44.5,0.66667,15.5,23.15,24.0
it_3500,3500,failed,3,r_calf,107880,1.43996,4.93978,14.12969,32.08819,0.06938,0.03505,0.01755,0.00489,21.0,13.5,118.95,138.0,3.66667,28.0,41.5,44.0
it_3500,3500,failed,3,r_ankle_pitch,107880,3.08088,8.45647,13.91557,25.69331,0.30903,0.11525,0.029,0.00102,109.66667,13.5,60.0,119.5,2.0,9.0,16.25,18.0
it_3500,3500,failed,3,r_ankle_roll,107880,0.93071,2.8372,8.37454,30.92879,0.02603,0.01306,0.00801,0.00158,6.33333,40.5,74.4,82.5,2.33333,12.0,17.35,17.5
it_3500,3500,failed,3,l_hip_pitch,107880,1.86726,5.0264,14.11832,35.76594,0.07823,0.03395,0.01745,0.00409,19.33333,16.75,82.85,138.5,4.33333,16.5,31.7,35.0
it_3500,3500,failed,3,l_hip_roll,107880,0.89387,2.93648,4.0842,14.09176,0.01096,0.00254,0.00036,0.0,3.0,13.5,35.9,43.5,0.0,nan,nan,0.0
it_3500,3500,failed,3,l_thigh,107880,0.78732,2.59596,7.89459,23.66647,0.02425,0.01466,0.0061,0.00093,11.0,21.5,59.0,74.0,1.33333,12.75,18.925,19.0
it_3500,3500,failed,3,l_calf,107880,2.90725,8.63701,15.19766,33.7541,0.24278,0.108,0.03389,0.00389,81.33333,18.0,59.0,114.0,4.0,14.5,37.475,40.5
it_3500,3500,failed,3,l_ankle_pitch,107880,2.80813,7.44755,11.41228,23.70436,0.29731,0.09429,0.01476,0.00057,115.33333,11.5,35.875,94.5,1.0,9.5,12.65,13.0
it_3500,3500,failed,3,l_ankle_roll,107880,0.59765,2.06073,4.40021,28.62074,0.01205,0.00535,0.00314,0.00054,3.66667,11.5,64.0,65.5,1.66667,6.0,10.6,11.5
it_3500,3500,all_valid,128,r_hip_pitch,4602880,0.95536,2.96783,11.30782,45.34412,0.03325,0.0205,0.01194,0.00399,9.69531,24.5,85.0,184.5,2.91406,23.5,49.0,59.5
it_3500,3500,all_valid,128,r_hip_roll,4602880,0.5113,1.72098,4.08425,19.16086,0.01025,0.00552,0.00175,0.0,3.89844,19.5,58.05,69.0,0.0,nan,nan,0.0
it_3500,3500,all_valid,128,r_thigh,4602880,0.27952,0.97772,2.60928,32.25179,0.00513,0.00248,0.00117,0.00023,2.3125,14.0,49.625,73.0,0.32031,13.5,24.0,26.0
it_3500,3500,all_valid,128,r_calf,4602880,0.90655,2.75914,12.34366,37.00945,0.03222,0.02189,0.01329,0.0036,9.19531,23.0,118.6,205.5,3.07812,19.0,40.675,53.0
it_3500,3500,all_valid,128,r_ankle_pitch,4602880,1.92554,6.70841,10.52237,28.18412,0.16816,0.06147,0.01181,0.00047,67.375,12.0,44.0,121.5,0.96094,8.0,18.45,24.0
it_3500,3500,all_valid,128,r_ankle_roll,4602880,0.78713,2.37034,5.23814,34.3121,0.01452,0.00827,0.00537,0.00124,4.64062,35.75,68.0,86.0,2.04688,11.0,19.0,21.5
it_3500,3500,all_valid,128,l_hip_pitch,4602880,1.32142,4.20343,11.69507,41.30364,0.0561,0.02315,0.01258,0.00263,11.74219,19.5,100.0,177.5,2.57031,17.0,36.3,55.5
it_3500,3500,all_valid,128,l_hip_roll,4602880,0.54906,1.85641,3.41495,20.00778,0.00734,0.00412,0.0015,0.0,2.75781,21.5,57.0,70.5,0.00781,0.5,0.5,0.5
it_3500,3500,all_valid,128,l_thigh,4602880,0.36794,1.31968,4.38773,32.81447,0.01098,0.00664,0.00331,0.00035,4.23438,22.5,70.0,87.5,0.57031,9.0,25.8,34.0
it_3500,3500,all_valid,128,l_calf,4602880,2.29872,7.78469,13.04733,38.18098,0.21467,0.08952,0.02255,0.00218,75.28906,16.0,55.5,159.0,2.57031,10.5,38.5,47.0
it_3500,3500,all_valid,128,l_ankle_pitch,4602880,1.71485,6.34481,9.82617,31.24626,0.14877,0.05162,0.00939,0.00084,66.19531,11.5,32.7,119.0,1.22656,11.0,28.1,31.0
it_3500,3500,all_valid,128,l_ankle_roll,4602880,0.43345,1.41891,3.1275,33.57022,0.00584,0.00316,0.00177,0.00031,2.52344,15.5,59.95,68.0,0.64844,8.5,16.4,23.0
it_4000,4000,success,128,r_hip_pitch,4602880,0.80223,2.16834,10.75219,46.05611,0.02605,0.01835,0.01086,0.00402,8.28125,35.5,91.525,181.0,2.82031,22.5,52.0,57.5
it_4000,4000,success,128,r_hip_roll,4602880,0.48025,1.67334,2.90941,18.98334,0.00645,0.00344,0.00109,0.0,2.5,17.75,57.0,68.5,0.0,nan,nan,0.0
it_4000,4000,success,128,r_thigh,4602880,0.22647,0.74182,2.50834,27.00495,0.00554,0.00244,0.00111,0.00012,2.23438,12.5,58.5,76.5,0.19531,11.5,16.0,21.5
it_4000,4000,success,128,r_calf,4602880,0.88366,2.35949,12.13731,38.23536,0.0292,0.02124,0.01293,0.00349,7.75,38.0,120.0,177.0,3.25,15.0,44.625,51.5
it_4000,4000,success,128,r_ankle_pitch,4602880,1.66157,5.99201,9.02122,26.70642,0.144,0.0421,0.00766,0.0002,49.0,10.5,40.5,130.5,0.48438,6.5,14.975,21.0
it_4000,4000,success,128,r_ankle_roll,4602880,0.62783,1.76168,3.83436,33.29967,0.00969,0.00707,0.00475,0.00136,3.53906,42.5,63.5,77.5,2.07812,12.25,19.5,22.0
it_4000,4000,success,128,l_hip_pitch,4602880,1.00672,3.11259,10.91795,41.61794,0.03104,0.01865,0.01128,0.0031,8.57031,20.0,100.7,185.5,2.75,19.0,36.5,67.0
it_4000,4000,success,128,l_hip_roll,4602880,0.47516,1.67433,3.03891,20.21264,0.00553,0.00298,0.001,0.0,2.24219,21.5,54.2,72.0,0.00781,2.5,2.5,2.5
it_4000,4000,success,128,l_thigh,4602880,0.36409,1.46541,3.15699,30.40363,0.00782,0.00475,0.00248,0.0004,3.13281,23.0,62.5,79.0,0.54688,11.0,31.275,36.0
it_4000,4000,success,128,l_calf,4602880,2.00339,6.50481,10.0937,37.80297,0.19684,0.05707,0.01022,0.00233,65.125,11.0,40.5,157.0,2.42969,13.0,39.0,49.5
it_4000,4000,success,128,l_ankle_pitch,4602880,1.43677,5.43155,9.81675,31.23922,0.10694,0.03493,0.00939,0.00085,44.9375,10.0,57.0,147.0,1.14844,13.5,27.35,30.5
it_4000,4000,success,128,l_ankle_roll,4602880,0.50997,1.64399,2.80281,32.79361,0.00479,0.00235,0.00123,0.00014,1.90625,16.5,65.35,77.5,0.30469,7.0,18.0,21.5
it_4000,4000,all_valid,128,r_hip_pitch,4602880,0.80223,2.16834,10.75219,46.05611,0.02605,0.01835,0.01086,0.00402,8.28125,35.5,91.525,181.0,2.82031,22.5,52.0,57.5
it_4000,4000,all_valid,128,r_hip_roll,4602880,0.48025,1.67334,2.90941,18.98334,0.00645,0.00344,0.00109,0.0,2.5,17.75,57.0,68.5,0.0,nan,nan,0.0
it_4000,4000,all_valid,128,r_thigh,4602880,0.22647,0.74182,2.50834,27.00495,0.00554,0.00244,0.00111,0.00012,2.23438,12.5,58.5,76.5,0.19531,11.5,16.0,21.5
it_4000,4000,all_valid,128,r_calf,4602880,0.88366,2.35949,12.13731,38.23536,0.0292,0.02124,0.01293,0.00349,7.75,38.0,120.0,177.0,3.25,15.0,44.625,51.5
it_4000,4000,all_valid,128,r_ankle_pitch,4602880,1.66157,5.99201,9.02122,26.70642,0.144,0.0421,0.00766,0.0002,49.0,10.5,40.5,130.5,0.48438,6.5,14.975,21.0
it_4000,4000,all_valid,128,r_ankle_roll,4602880,0.62783,1.76168,3.83436,33.29967,0.00969,0.00707,0.00475,0.00136,3.53906,42.5,63.5,77.5,2.07812,12.25,19.5,22.0
it_4000,4000,all_valid,128,l_hip_pitch,4602880,1.00672,3.11259,10.91795,41.61794,0.03104,0.01865,0.01128,0.0031,8.57031,20.0,100.7,185.5,2.75,19.0,36.5,67.0
it_4000,4000,all_valid,128,l_hip_roll,4602880,0.47516,1.67433,3.03891,20.21264,0.00553,0.00298,0.001,0.0,2.24219,21.5,54.2,72.0,0.00781,2.5,2.5,2.5
it_4000,4000,all_valid,128,l_thigh,4602880,0.36409,1.46541,3.15699,30.40363,0.00782,0.00475,0.00248,0.0004,3.13281,23.0,62.5,79.0,0.54688,11.0,31.275,36.0
it_4000,4000,all_valid,128,l_calf,4602880,2.00339,6.50481,10.0937,37.80297,0.19684,0.05707,0.01022,0.00233,65.125,11.0,40.5,157.0,2.42969,13.0,39.0,49.5
it_4000,4000,all_valid,128,l_ankle_pitch,4602880,1.43677,5.43155,9.81675,31.23922,0.10694,0.03493,0.00939,0.00085,44.9375,10.0,57.0,147.0,1.14844,13.5,27.35,30.5
it_4000,4000,all_valid,128,l_ankle_roll,4602880,0.50997,1.64399,2.80281,32.79361,0.00479,0.00235,0.00123,0.00014,1.90625,16.5,65.35,77.5,0.30469,7.0,18.0,21.5
it_4500,4500,success,128,r_hip_pitch,4602880,0.87688,2.548,10.31155,44.54148,0.02346,0.01698,0.01037,0.00412,6.71875,51.5,96.5,195.5,2.96094,22.5,49.5,60.5
it_4500,4500,success,128,r_hip_roll,4602880,0.44248,1.60973,2.56197,16.19084,0.00477,0.00199,0.00036,0.0,1.67188,17.5,53.675,73.0,0.0,nan,nan,0.0
it_4500,4500,success,128,r_thigh,4602880,0.22912,0.84262,1.89152,27.81112,0.00421,0.00206,0.00096,0.00012,1.73438,15.0,53.475,73.0,0.21875,11.0,16.325,16.5
it_4500,4500,success,128,r_calf,4602880,0.80653,2.36697,11.13891,37.53839,0.02454,0.01796,0.01139,0.00296,5.85938,47.75,125.775,173.5,2.71875,16.0,42.325,55.5
it_4500,4500,success,128,r_ankle_pitch,4602880,2.0039,7.777,11.36777,28.16656,0.19688,0.08967,0.01837,0.00027,82.40625,16.0,41.0,119.0,0.57031,8.0,17.9,24.5
it_4500,4500,success,128,r_ankle_roll,4602880,0.51211,1.5158,3.35279,32.69397,0.00864,0.00622,0.00406,0.00091,3.10938,40.0,65.0,79.5,1.57031,10.0,18.5,19.5
it_4500,4500,success,128,l_hip_pitch,4602880,1.02284,3.45983,9.07501,47.24063,0.03443,0.01528,0.00898,0.00272,7.13281,18.0,99.9,178.0,2.63281,17.0,36.0,63.0
it_4500,4500,success,128,l_hip_roll,4602880,0.46552,1.65001,2.67539,22.72932,0.00401,0.00183,0.00072,1e-05,1.39062,20.75,52.5,68.0,0.01562,6.5,11.45,12.0
it_4500,4500,success,128,l_thigh,4602880,0.27633,1.19467,2.40129,28.44835,0.00532,0.00288,0.00144,0.00021,2.19531,20.0,54.0,83.5,0.34375,10.5,19.2,22.0
it_4500,4500,success,128,l_calf,4602880,1.63478,5.4704,9.73583,38.88241,0.13194,0.03088,0.00948,0.00209,29.17969,11.5,78.0,194.5,1.92969,17.5,38.5,48.5
it_4500,4500,success,128,l_ankle_pitch,4602880,1.54483,5.92161,9.53783,31.25028,0.1361,0.04093,0.00838,0.00088,55.63281,10.0,30.0,120.0,1.30469,11.0,26.85,29.0
it_4500,4500,success,128,l_ankle_roll,4602880,0.42953,1.44145,2.40233,30.53733,0.00313,0.00136,0.0006,4e-05,1.35156,14.5,43.2,57.0,0.14844,4.0,11.9,15.5
it_4500,4500,all_valid,128,r_hip_pitch,4602880,0.87688,2.548,10.31155,44.54148,0.02346,0.01698,0.01037,0.00412,6.71875,51.5,96.5,195.5,2.96094,22.5,49.5,60.5
it_4500,4500,all_valid,128,r_hip_roll,4602880,0.44248,1.60973,2.56197,16.19084,0.00477,0.00199,0.00036,0.0,1.67188,17.5,53.675,73.0,0.0,nan,nan,0.0
it_4500,4500,all_valid,128,r_thigh,4602880,0.22912,0.84262,1.89152,27.81112,0.00421,0.00206,0.00096,0.00012,1.73438,15.0,53.475,73.0,0.21875,11.0,16.325,16.5
it_4500,4500,all_valid,128,r_calf,4602880,0.80653,2.36697,11.13891,37.53839,0.02454,0.01796,0.01139,0.00296,5.85938,47.75,125.775,173.5,2.71875,16.0,42.325,55.5
it_4500,4500,all_valid,128,r_ankle_pitch,4602880,2.0039,7.777,11.36777,28.16656,0.19688,0.08967,0.01837,0.00027,82.40625,16.0,41.0,119.0,0.57031,8.0,17.9,24.5
it_4500,4500,all_valid,128,r_ankle_roll,4602880,0.51211,1.5158,3.35279,32.69397,0.00864,0.00622,0.00406,0.00091,3.10938,40.0,65.0,79.5,1.57031,10.0,18.5,19.5
it_4500,4500,all_valid,128,l_hip_pitch,4602880,1.02284,3.45983,9.07501,47.24063,0.03443,0.01528,0.00898,0.00272,7.13281,18.0,99.9,178.0,2.63281,17.0,36.0,63.0
it_4500,4500,all_valid,128,l_hip_roll,4602880,0.46552,1.65001,2.67539,22.72932,0.00401,0.00183,0.00072,1e-05,1.39062,20.75,52.5,68.0,0.01562,6.5,11.45,12.0
it_4500,4500,all_valid,128,l_thigh,4602880,0.27633,1.19467,2.40129,28.44835,0.00532,0.00288,0.00144,0.00021,2.19531,20.0,54.0,83.5,0.34375,10.5,19.2,22.0
it_4500,4500,all_valid,128,l_calf,4602880,1.63478,5.4704,9.73583,38.88241,0.13194,0.03088,0.00948,0.00209,29.17969,11.5,78.0,194.5,1.92969,17.5,38.5,48.5
it_4500,4500,all_valid,128,l_ankle_pitch,4602880,1.54483,5.92161,9.53783,31.25028,0.1361,0.04093,0.00838,0.00088,55.63281,10.0,30.0,120.0,1.30469,11.0,26.85,29.0
it_4500,4500,all_valid,128,l_ankle_roll,4602880,0.42953,1.44145,2.40233,30.53733,0.00313,0.00136,0.0006,4e-05,1.35156,14.5,43.2,57.0,0.14844,4.0,11.9,15.5
counterfactual_it3000_rate0p3,3000,success,120,r_hip_pitch,4315200,1.03032,5.39905,12.01456,19.64681,0.07517,0.03964,0.0174,0.0,23.05833,16.0,102.5,232.5,0.0,nan,nan,0.0
counterfactual_it3000_rate0p3,3000,success,120,r_hip_roll,4315200,0.48736,1.87792,6.83035,14.7439,0.02218,0.01189,0.00231,0.0,5.65833,43.5,63.5,75.5,0.0,nan,nan,0.0
counterfactual_it3000_rate0p3,3000,success,120,r_thigh,4315200,0.34624,1.69972,3.92136,21.8826,0.00954,0.00319,0.00098,2e-05,3.075,12.0,58.8,86.0,0.03333,9.75,13.05,13.5
counterfactual_it3000_rate0p3,3000,success,120,r_calf,4315200,1.24803,7.52786,13.32081,20.4112,0.09186,0.06236,0.03069,0.0,24.79167,20.0,145.5,189.0,0.00833,3.0,3.0,3.0
counterfactual_it3000_rate0p3,3000,success,120,r_ankle_pitch,4315200,1.39194,6.86226,11.1938,19.49165,0.10702,0.05854,0.01762,0.0,35.725,16.5,100.5,153.0,0.0,nan,nan,0.0
counterfactual_it3000_rate0p3,3000,success,120,r_ankle_roll,4315200,0.52585,1.78992,8.39473,21.51058,0.02234,0.01519,0.00686,0.0,9.98333,16.75,73.575,96.0,0.00833,3.0,3.0,3.0
counterfactual_it3000_rate0p3,3000,success,120,l_hip_pitch,4315200,1.00502,4.55366,13.06217,22.48546,0.05547,0.03791,0.02175,2e-05,13.75,26.0,152.825,219.5,0.05833,6.5,9.75,10.5
counterfactual_it3000_rate0p3,3000,success,120,l_hip_roll,4315200,0.45768,1.88105,4.58008,19.20999,0.01272,0.00513,0.00092,0.0,3.99167,20.5,52.0,74.0,0.0,nan,nan,0.0
counterfactual_it3000_rate0p3,3000,success,120,l_thigh,4315200,0.57444,2.82395,8.89869,26.42713,0.0303,0.01581,0.00832,0.00023,8.44167,29.5,73.2,102.0,0.38333,10.25,24.375,27.0
counterfactual_it3000_rate0p3,3000,success,120,l_calf,4315200,1.30932,5.77893,11.09574,18.3608,0.10921,0.04253,0.01432,0.0,26.95,21.5,80.0,173.0,0.0,nan,nan,0.0
counterfactual_it3000_rate0p3,3000,success,120,l_ankle_pitch,4315200,1.20831,6.03938,11.0106,23.99112,0.09969,0.04672,0.01496,1e-05,30.85,17.0,81.0,135.5,0.025,9.5,14.9,15.5
counterfactual_it3000_rate0p3,3000,success,120,l_ankle_roll,4315200,0.64379,2.48021,8.94387,35.33899,0.02809,0.01769,0.00759,6e-05,11.96667,15.5,74.5,112.0,0.13333,6.75,22.5,22.5
counterfactual_it3000_rate0p3,3000,failed,8,r_hip_pitch,287680,1.95883,10.03728,13.94161,19.8413,0.16889,0.10161,0.05039,0.0,45.25,20.0,106.475,192.5,0.0,nan,nan,0.0
counterfactual_it3000_rate0p3,3000,failed,8,r_hip_roll,287680,1.45316,5.47234,9.62511,17.4614,0.07818,0.03909,0.00811,0.0,20.0,37.75,61.5,72.5,0.0,nan,nan,0.0
counterfactual_it3000_rate0p3,3000,failed,8,r_thigh,287680,0.70538,3.02969,5.77441,16.78511,0.02854,0.00761,0.00138,0.0,10.5,10.0,32.0,54.0,0.0,nan,nan,0.0
counterfactual_it3000_rate0p3,3000,failed,8,r_calf,287680,2.40241,12.1333,14.98503,19.64335,0.2148,0.16025,0.08783,0.0,53.5,26.0,158.0,179.5,0.0,nan,nan,0.0
counterfactual_it3000_rate0p3,3000,failed,8,r_ankle_pitch,287680,2.61947,10.16863,12.89506,17.92979,0.2666,0.16346,0.05327,0.0,91.625,17.0,103.9,142.0,0.0,nan,nan,0.0
counterfactual_it3000_rate0p3,3000,failed,8,r_ankle_roll,287680,0.76748,4.06785,11.22057,18.62767,0.05056,0.03415,0.01455,0.0,25.0,15.5,68.525,88.0,0.0,nan,nan,0.0
counterfactual_it3000_rate0p3,3000,failed,8,l_hip_pitch,287680,1.79383,11.96616,15.1973,26.50947,0.14097,0.11541,0.0737,0.00033,29.125,61.0,163.9,203.0,0.375,14.0,23.0,24.0
counterfactual_it3000_rate0p3,3000,failed,8,l_hip_roll,287680,0.69783,3.25264,7.02352,14.69106,0.03483,0.0132,0.00296,0.0,10.625,18.5,49.6,68.0,0.0,nan,nan,0.0
counterfactual_it3000_rate0p3,3000,failed,8,l_thigh,287680,1.2796,6.46946,14.78741,22.85033,0.08907,0.05175,0.02932,0.00061,25.75,32.0,75.75,87.0,1.0,11.75,19.45,20.5
counterfactual_it3000_rate0p3,3000,failed,8,l_calf,287680,1.46426,7.82734,12.61414,17.78762,0.13989,0.07969,0.02631,0.0,47.0,28.0,62.25,138.5,0.0,nan,nan,0.0
counterfactual_it3000_rate0p3,3000,failed,8,l_ankle_pitch,287680,1.86924,9.54288,12.98937,18.72826,0.19404,0.12199,0.04286,0.0,63.25,28.0,89.625,114.0,0.0,nan,nan,0.0
counterfactual_it3000_rate0p3,3000,failed,8,l_ankle_roll,287680,1.55367,7.11008,12.6283,29.81288,0.09285,0.05833,0.02532,0.00038,36.75,16.5,77.675,90.5,1.0,4.5,16.4,18.5
counterfactual_it3000_rate0p3,3000,all_valid,128,r_hip_pitch,4602880,1.08835,5.71289,12.30938,19.8413,0.08103,0.04351,0.01946,0.0,24.44531,16.5,102.5,232.5,0.0,nan,nan,0.0
counterfactual_it3000_rate0p3,3000,all_valid,128,r_hip_roll,4602880,0.54772,2.27166,7.20684,17.4614,0.02568,0.01359,0.00268,0.0,6.55469,43.0,63.05,75.5,0.0,nan,nan,0.0
counterfactual_it3000_rate0p3,3000,all_valid,128,r_thigh,4602880,0.36868,1.80568,4.12302,21.8826,0.01073,0.00347,0.00101,2e-05,3.53906,11.5,54.4,86.0,0.03125,9.75,13.05,13.5
counterfactual_it3000_rate0p3,3000,all_valid,128,r_calf,4602880,1.32018,8.09551,13.5292,20.4112,0.09954,0.06847,0.03426,0.0,26.58594,21.0,146.5,189.0,0.00781,3.0,3.0,3.0
counterfactual_it3000_rate0p3,3000,all_valid,128,r_ankle_pitch,4602880,1.46866,7.23336,11.41488,19.49165,0.117,0.0651,0.01985,0.0,39.21875,16.5,100.5,153.0,0.0,nan,nan,0.0
counterfactual_it3000_rate0p3,3000,all_valid,128,r_ankle_roll,4602880,0.54095,1.85852,8.71284,21.51058,0.0241,0.01638,0.00734,0.0,10.92188,16.5,73.0,96.0,0.00781,3.0,3.0,3.0
counterfactual_it3000_rate0p3,3000,all_valid,128,l_hip_pitch,4602880,1.05432,5.20487,13.40741,26.50947,0.06081,0.04276,0.025,4e-05,14.71094,31.5,158.95,219.5,0.07812,7.5,19.5,24.0
counterfactual_it3000_rate0p3,3000,all_valid,128,l_hip_roll,4602880,0.47269,1.94666,4.82159,19.20999,0.0141,0.00563,0.00105,0.0,4.40625,20.5,51.925,74.0,0.0,nan,nan,0.0
counterfactual_it3000_rate0p3,3000,all_valid,128,l_thigh,4602880,0.61852,3.05563,9.78922,26.42713,0.03398,0.01806,0.00963,0.00025,9.52344,29.5,74.0,102.0,0.42188,10.25,24.175,27.0
counterfactual_it3000_rate0p3,3000,all_valid,128,l_calf,4602880,1.319,5.9303,11.25318,18.3608,0.11113,0.04485,0.01507,0.0,28.20312,22.0,76.275,173.0,0.0,nan,nan,0.0
counterfactual_it3000_rate0p3,3000,all_valid,128,l_ankle_pitch,4602880,1.24962,6.38263,11.25912,23.99112,0.10559,0.05142,0.01671,1e-05,32.875,18.0,82.5,135.5,0.02344,9.5,14.9,15.5
counterfactual_it3000_rate0p3,3000,all_valid,128,l_ankle_roll,4602880,0.70066,2.76761,9.48849,35.33899,0.03214,0.02023,0.00869,8e-05,13.51562,16.0,74.5,112.0,0.1875,6.25,22.05,22.5
counterfactual_it3000_rate0p2,3000,success,10,r_hip_pitch,359600,1.44631,6.21141,9.35226,14.37069,0.1143,0.04855,0.00597,0.0,33.5,13.5,100.0,216.5,0.0,nan,nan,0.0
counterfactual_it3000_rate0p2,3000,success,10,r_hip_roll,359600,0.54053,2.05092,7.296,12.0687,0.0284,0.01595,0.00122,0.0,7.2,44.75,62.575,80.5,0.0,nan,nan,0.0
counterfactual_it3000_rate0p2,3000,success,10,r_thigh,359600,0.42934,1.77263,3.61779,11.7605,0.00771,0.00226,0.00033,0.0,2.8,7.75,53.275,62.0,0.0,nan,nan,0.0
counterfactual_it3000_rate0p2,3000,success,10,r_calf,359600,1.41012,7.86858,10.36404,13.33459,0.12173,0.07444,0.01418,0.0,31.1,16.5,155.75,203.5,0.0,nan,nan,0.0
counterfactual_it3000_rate0p2,3000,success,10,r_ankle_pitch,359600,1.72898,6.97186,9.17603,11.31567,0.15168,0.06731,0.00345,0.0,52.5,13.5,97.5,148.5,0.0,nan,nan,0.0
counterfactual_it3000_rate0p2,3000,success,10,r_ankle_roll,359600,0.50015,1.74946,6.91514,17.89502,0.01937,0.01171,0.00293,0.0,8.8,15.0,74.3,94.5,0.0,nan,nan,0.0
counterfactual_it3000_rate0p2,3000,success,10,l_hip_pitch,359600,1.12016,6.4273,9.96242,13.73022,0.07736,0.0515,0.00965,0.0,20.8,15.5,158.275,246.0,0.0,nan,nan,0.0
counterfactual_it3000_rate0p2,3000,success,10,l_hip_roll,359600,0.51238,1.98712,5.1132,10.75754,0.01662,0.00536,0.00019,0.0,5.7,13.5,40.4,54.5,0.0,nan,nan,0.0
counterfactual_it3000_rate0p2,3000,success,10,l_thigh,359600,0.74527,3.04072,9.54178,19.56001,0.03287,0.0188,0.00895,0.0,8.9,35.5,84.3,92.5,0.0,nan,nan,0.0
counterfactual_it3000_rate0p2,3000,success,10,l_calf,359600,1.48195,6.15402,9.35741,12.19369,0.12519,0.0474,0.00538,0.0,35.2,19.5,48.725,163.0,0.0,nan,nan,0.0
counterfactual_it3000_rate0p2,3000,success,10,l_ankle_pitch,359600,1.63474,7.19693,9.80885,15.58792,0.14794,0.06994,0.00831,0.0,54.4,15.75,63.5,130.0,0.0,nan,nan,0.0
counterfactual_it3000_rate0p2,3000,success,10,l_ankle_roll,359600,0.84796,3.67374,8.97246,18.82442,0.04587,0.02619,0.00588,0.0,22.4,14.75,73.125,94.5,0.0,nan,nan,0.0
counterfactual_it3000_rate0p2,3000,failed,118,r_hip_pitch,4243280,2.29665,7.59694,10.03726,15.79161,0.20398,0.08434,0.0104,0.0,59.9661,13.5,84.5,280.5,0.0,nan,nan,0.0
counterfactual_it3000_rate0p2,3000,failed,118,r_hip_roll,4243280,1.19744,6.47346,9.26971,14.47743,0.09925,0.05351,0.00474,0.0,23.63559,44.5,62.0,74.5,0.0,nan,nan,0.0
counterfactual_it3000_rate0p2,3000,failed,118,r_thigh,4243280,0.73774,2.55461,4.32854,18.10426,0.01366,0.00243,0.00048,0.0,2.76271,10.0,55.375,87.5,0.0,nan,nan,0.0
counterfactual_it3000_rate0p2,3000,failed,118,r_calf,4243280,2.55249,9.55497,11.02508,13.92198,0.25251,0.17341,0.03433,0.0,61.73729,17.5,155.0,215.5,0.0,nan,nan,0.0
counterfactual_it3000_rate0p2,3000,failed,118,r_ankle_pitch,4243280,3.40942,8.68807,9.98005,12.65915,0.37271,0.18521,0.00958,0.0,128.77966,14.0,112.5,160.0,0.0,nan,nan,0.0
counterfactual_it3000_rate0p2,3000,failed,118,r_ankle_roll,4243280,0.63241,2.28457,8.01509,18.71726,0.02845,0.01744,0.00348,0.0,14.19492,15.5,72.3,96.5,0.0,nan,nan,0.0
counterfactual_it3000_rate0p2,3000,failed,118,l_hip_pitch,4243280,1.52625,8.20398,10.30862,17.56919,0.13859,0.09358,0.01374,0.0,44.26271,15.5,136.0,243.5,0.0,nan,nan,0.0
counterfactual_it3000_rate0p2,3000,failed,118,l_hip_roll,4243280,0.76982,3.06782,5.70365,12.20967,0.0285,0.0068,0.00033,0.0,7.38136,12.0,50.25,68.0,0.0,nan,nan,0.0
counterfactual_it3000_rate0p2,3000,failed,118,l_thigh,4243280,1.30343,5.21063,11.51593,20.30219,0.07082,0.03962,0.01665,0.0,19.38983,35.0,80.0,105.5,0.01695,5.0,7.25,7.5
counterfactual_it3000_rate0p2,3000,failed,118,l_calf,4243280,1.883,7.2046,10.08786,17.14748,0.1734,0.07252,0.01095,0.0,49.23729,22.5,51.0,208.5,0.0,nan,nan,0.0
counterfactual_it3000_rate0p2,3000,failed,118,l_ankle_pitch,4243280,2.47825,8.6571,10.42858,16.42231,0.26112,0.1479,0.01665,0.0,111.11017,16.5,71.0,140.0,0.0,nan,nan,0.0
counterfactual_it3000_rate0p2,3000,failed,118,l_ankle_roll,4243280,1.77321,7.83698,10.6382,20.83146,0.13483,0.08146,0.01635,1e-05,66.4661,15.0,71.95,108.0,0.02542,5.0,5.0,5.0
counterfactual_it3000_rate0p2,3000,all_valid,128,r_hip_pitch,4602880,2.23022,7.51394,10.00501,15.79161,0.19697,0.08154,0.01005,0.0,57.89844,13.5,85.5,280.5,0.0,nan,nan,0.0
counterfactual_it3000_rate0p2,3000,all_valid,128,r_hip_roll,4602880,1.14612,6.31296,9.20202,14.47743,0.09371,0.05057,0.00446,0.0,22.35156,44.5,62.0,80.5,0.0,nan,nan,0.0
counterfactual_it3000_rate0p2,3000,all_valid,128,r_thigh,4602880,0.71365,2.50391,4.29638,18.10426,0.0132,0.00242,0.00047,0.0,2.76562,10.0,55.175,87.5,0.0,nan,nan,0.0
counterfactual_it3000_rate0p2,3000,all_valid,128,r_calf,4602880,2.46324,9.4947,10.99698,13.92198,0.24229,0.16568,0.03275,0.0,59.34375,17.5,155.0,215.5,0.0,nan,nan,0.0
counterfactual_it3000_rate0p2,3000,all_valid,128,r_ankle_pitch,4602880,3.27814,8.62217,9.95495,12.65915,0.35545,0.176,0.0091,0.0,122.82031,14.0,112.5,160.0,0.0,nan,nan,0.0
counterfactual_it3000_rate0p2,3000,all_valid,128,r_ankle_roll,4602880,0.62208,2.23814,7.9597,18.71726,0.02775,0.01699,0.00344,0.0,13.77344,15.5,73.0,96.5,0.0,nan,nan,0.0
counterfactual_it3000_rate0p2,3000,all_valid,128,l_hip_pitch,4602880,1.49453,8.13735,10.2899,17.56919,0.13381,0.09029,0.01342,0.0,42.42969,15.5,137.25,246.0,0.0,nan,nan,0.0
counterfactual_it3000_rate0p2,3000,all_valid,128,l_hip_roll,4602880,0.74971,3.00363,5.67253,12.20967,0.02757,0.00669,0.00032,0.0,7.25,12.0,49.5,68.0,0.0,nan,nan,0.0
counterfactual_it3000_rate0p2,3000,all_valid,128,l_thigh,4602880,1.25982,5.03613,11.4308,20.30219,0.06786,0.038,0.01605,0.0,18.57031,35.0,80.1,105.5,0.01562,5.0,7.25,7.5
counterfactual_it3000_rate0p2,3000,all_valid,128,l_calf,4602880,1.85167,7.13181,10.04691,17.14748,0.16963,0.07055,0.01052,0.0,48.14062,22.0,51.0,208.5,0.0,nan,nan,0.0
counterfactual_it3000_rate0p2,3000,all_valid,128,l_ankle_pitch,4602880,2.41235,8.58914,10.39866,16.42231,0.25228,0.14181,0.016,0.0,106.67969,16.5,71.0,140.0,0.0,nan,nan,0.0
counterfactual_it3000_rate0p2,3000,all_valid,128,l_ankle_roll,4602880,1.70092,7.6928,10.58378,20.83146,0.12788,0.07714,0.01553,1e-05,63.02344,15.0,72.0,108.0,0.02344,5.0,5.0,5.0
counterfactual_it3000_rate0p1,3000,failed,128,r_hip_pitch,4602880,1.03715,3.67756,4.75421,8.25847,0.03216,0.00028,0.0,0.0,1.00781,4.5,10.8,18.5,0.0,nan,nan,0.0
counterfactual_it3000_rate0p1,3000,failed,128,r_hip_roll,4602880,0.72067,4.19008,5.93807,10.23655,0.05556,0.00605,0.0,0.0,6.75,13.0,42.35,63.0,0.0,nan,nan,0.0
counterfactual_it3000_rate0p1,3000,failed,128,r_thigh,4602880,0.34193,1.08756,2.02672,10.29184,0.0028,0.00057,0.0,0.0,0.86719,6.0,41.25,70.5,0.0,nan,nan,0.0
counterfactual_it3000_rate0p1,3000,failed,128,r_calf,4602880,0.82761,4.24726,5.20247,8.20633,0.06191,0.00038,0.0,0.0,1.39844,4.5,10.1,15.0,0.0,nan,nan,0.0
counterfactual_it3000_rate0p1,3000,failed,128,r_ankle_pitch,4602880,1.57175,4.44392,5.16312,9.28885,0.0863,5e-05,0.0,0.0,0.21875,2.75,7.95,29.5,0.0,nan,nan,0.0
counterfactual_it3000_rate0p1,3000,failed,128,r_ankle_roll,4602880,0.69003,3.98943,5.6222,15.29511,0.04966,0.00122,4e-05,0.0,4.08594,3.5,14.5,65.5,0.0,nan,nan,0.0
counterfactual_it3000_rate0p1,3000,failed,128,l_hip_pitch,4602880,0.28585,0.82175,4.48556,7.85637,0.01274,0.00059,0.0,0.0,1.61719,6.0,13.85,35.5,0.0,nan,nan,0.0
counterfactual_it3000_rate0p1,3000,failed,128,l_hip_roll,4602880,0.30719,1.18912,2.21029,11.16794,0.00229,0.00015,1e-05,0.0,0.17969,13.0,34.8,47.0,0.0,nan,nan,0.0
counterfactual_it3000_rate0p1,3000,failed,128,l_thigh,4602880,0.46822,1.69337,4.46962,13.01125,0.01243,0.00363,0.00018,0.0,3.19531,17.5,60.1,101.0,0.0,nan,nan,0.0
counterfactual_it3000_rate0p1,3000,failed,128,l_calf,4602880,1.16601,5.229,5.92351,6.97795,0.125,0.00122,0.0,0.0,4.78125,4.5,9.5,14.0,0.0,nan,nan,0.0
counterfactual_it3000_rate0p1,3000,failed,128,l_ankle_pitch,4602880,1.25666,5.20544,6.13479,8.18089,0.13608,0.00683,0.0,0.0,47.59375,1.5,10.0,52.5,0.0,nan,nan,0.0
counterfactual_it3000_rate0p1,3000,failed,128,l_ankle_roll,4602880,0.94193,3.97155,5.51394,19.40958,0.04898,0.0006,2e-05,0.0,3.05469,2.5,8.5,46.5,0.0,nan,nan,0.0
counterfactual_it3000_rate0p1,3000,all_valid,128,r_hip_pitch,4602880,1.03715,3.67756,4.75421,8.25847,0.03216,0.00028,0.0,0.0,1.00781,4.5,10.8,18.5,0.0,nan,nan,0.0
counterfactual_it3000_rate0p1,3000,all_valid,128,r_hip_roll,4602880,0.72067,4.19008,5.93807,10.23655,0.05556,0.00605,0.0,0.0,6.75,13.0,42.35,63.0,0.0,nan,nan,0.0
counterfactual_it3000_rate0p1,3000,all_valid,128,r_thigh,4602880,0.34193,1.08756,2.02672,10.29184,0.0028,0.00057,0.0,0.0,0.86719,6.0,41.25,70.5,0.0,nan,nan,0.0
counterfactual_it3000_rate0p1,3000,all_valid,128,r_calf,4602880,0.82761,4.24726,5.20247,8.20633,0.06191,0.00038,0.0,0.0,1.39844,4.5,10.1,15.0,0.0,nan,nan,0.0
counterfactual_it3000_rate0p1,3000,all_valid,128,r_ankle_pitch,4602880,1.57175,4.44392,5.16312,9.28885,0.0863,5e-05,0.0,0.0,0.21875,2.75,7.95,29.5,0.0,nan,nan,0.0
counterfactual_it3000_rate0p1,3000,all_valid,128,r_ankle_roll,4602880,0.69003,3.98943,5.6222,15.29511,0.04966,0.00122,4e-05,0.0,4.08594,3.5,14.5,65.5,0.0,nan,nan,0.0
counterfactual_it3000_rate0p1,3000,all_valid,128,l_hip_pitch,4602880,0.28585,0.82175,4.48556,7.85637,0.01274,0.00059,0.0,0.0,1.61719,6.0,13.85,35.5,0.0,nan,nan,0.0
counterfactual_it3000_rate0p1,3000,all_valid,128,l_hip_roll,4602880,0.30719,1.18912,2.21029,11.16794,0.00229,0.00015,1e-05,0.0,0.17969,13.0,34.8,47.0,0.0,nan,nan,0.0
counterfactual_it3000_rate0p1,3000,all_valid,128,l_thigh,4602880,0.46822,1.69337,4.46962,13.01125,0.01243,0.00363,0.00018,0.0,3.19531,17.5,60.1,101.0,0.0,nan,nan,0.0
counterfactual_it3000_rate0p1,3000,all_valid,128,l_calf,4602880,1.16601,5.229,5.92351,6.97795,0.125,0.00122,0.0,0.0,4.78125,4.5,9.5,14.0,0.0,nan,nan,0.0
counterfactual_it3000_rate0p1,3000,all_valid,128,l_ankle_pitch,4602880,1.25666,5.20544,6.13479,8.18089,0.13608,0.00683,0.0,0.0,47.59375,1.5,10.0,52.5,0.0,nan,nan,0.0
counterfactual_it3000_rate0p1,3000,all_valid,128,l_ankle_roll,4602880,0.94193,3.97155,5.51394,19.40958,0.04898,0.0006,2e-05,0.0,3.05469,2.5,8.5,46.5,0.0,nan,nan,0.0
