run,iteration,joint,q_min,q_max,violation_frac,episodes_with_violation,max_rad,p99_rad_of_violating,frac_lower_side,frac_with_qd_above_10,frac_target_clipped_at_that_limit,frac_policy_command_beyond_limit,frac_target_inside_by_0p05,samples_A_lift,samples_B_h1_to_h2,samples_C_stabilize,samples_D_standing
it_2500,2500,r_hip_pitch,-1.25,1.75,0.06274,126,0.15069,0.03347,0.705,0.00029,0.98517,0.98503,0.00769,179525,91793,16737,722
it_2500,2500,r_hip_roll,-0.5,0.12,0.1857,128,0.12942,0.05138,0.02724,6e-05,0.98803,0.98803,0.00974,443400,214818,44299,152217
it_2500,2500,r_thigh,-0.6,0.3,0.26131,128,0.15448,0.05916,0.00044,0.0002,0.99934,0.99934,0.00027,660786,285235,65467,191289
it_2500,2500,r_calf,-0.65,1.65,0.10144,110,0.06173,0.03155,0.36712,0.0,0.72665,0.72649,0.19687,214580,62488,20961,168893
it_2500,2500,r_ankle_pitch,-0.5,1.3,0.00107,37,0.07877,0.04991,1.0,0.00586,0.81598,0.81598,0.17674,1470,2514,691,270
it_2500,2500,r_ankle_roll,-0.3,0.8,0.10009,128,0.15376,0.05511,0.43548,9e-05,0.99827,0.99827,0.00131,270423,144860,28705,16695
it_2500,2500,l_hip_pitch,-1.25,1.75,0.11342,87,0.0683,0.03349,0.99734,0.0,0.99759,0.99759,0.00153,379363,109811,32865,0
it_2500,2500,l_hip_roll,-0.12,0.5,0.13197,128,0.11147,0.04598,0.99898,2e-05,0.99881,0.99881,0.0011,282589,112015,38650,174190
it_2500,2500,l_thigh,-0.3,0.6,0.18413,128,0.19755,0.07497,0.8907,0.00066,0.99037,0.99037,0.00785,506679,208754,51825,80254
it_2500,2500,l_calf,-0.65,1.65,0.00956,69,0.10842,0.03609,0.00073,0.00048,0.9662,0.9662,0.03198,28155,11035,4766,70
it_2500,2500,l_ankle_pitch,-0.5,1.3,0.19296,67,0.08916,0.03609,1.0,2e-05,0.99734,0.99734,0.00179,378263,472318,33837,3741
it_2500,2500,l_ankle_roll,-0.8,0.3,0.02265,120,0.11692,0.05442,0.06408,0.00034,0.99064,0.99064,0.00695,40527,25092,11565,27068
it_3000,3000,r_hip_pitch,-1.25,1.75,0.00061,15,0.06797,0.06349,0.1108,0.0,0.9858,0.9858,0.0142,83,550,1764,419
it_3000,3000,r_hip_roll,-0.5,0.12,0.0744,128,0.09629,0.0552,0.01594,8e-05,0.99717,0.99717,0.0019,30039,12991,27282,272127
it_3000,3000,r_thigh,-0.6,0.3,0.20418,128,0.15076,0.04287,4e-05,0.00016,0.99996,0.99996,4e-05,35506,17529,25530,861274
it_3000,3000,r_calf,-0.65,1.65,0.13096,118,0.11927,0.05107,0.99195,2e-05,0.99445,0.99439,0.0038,2895,687,5264,593932
it_3000,3000,r_ankle_pitch,-0.5,1.3,0.00017,19,0.04233,0.04162,1.0,0.0,0.83166,0.83166,0.16834,141,209,156,290
it_3000,3000,r_ankle_roll,-0.3,0.8,0.01108,122,0.18759,0.11659,0.81416,0.0002,0.99274,0.99274,0.00612,8443,2621,12668,27248
it_3000,3000,l_hip_pitch,-1.25,1.75,0.00499,71,0.04448,0.03655,0.93529,0.0,0.96431,0.96431,0.02545,17368,1208,3815,557
it_3000,3000,l_hip_roll,-0.12,0.5,0.12995,128,0.09835,0.03584,0.9976,9e-05,0.99849,0.99849,0.00145,21694,14482,26893,535077
it_3000,3000,l_thigh,-0.3,0.6,0.09476,128,0.16922,0.08147,0.97841,0.00166,0.9904,0.9904,0.00858,32136,16156,22609,365287
it_3000,3000,l_calf,-0.65,1.65,0.00128,37,0.04579,0.04069,0.05145,0.0,0.86678,0.86678,0.13254,2566,321,2771,212
it_3000,3000,l_ankle_pitch,-0.5,1.3,0.00254,20,0.07002,0.05618,1.0,0.00043,0.92598,0.92598,0.06,1373,3320,5655,1352
it_3000,3000,l_ankle_roll,-0.8,0.3,0.02435,127,0.14463,0.07652,0.00114,8e-05,0.99884,0.99884,0.00116,8996,9281,15432,78359
it_3500,3500,r_hip_pitch,-1.25,1.75,0.00043,14,0.08182,0.08085,0.03038,0.0,0.99443,0.99443,0.00557,604,613,642,116
it_3500,3500,r_hip_roll,-0.5,0.12,0.1788,128,0.12466,0.04157,0.00865,4e-05,0.99873,0.99873,0.00108,19779,14039,11570,777599
it_3500,3500,r_thigh,-0.6,0.3,0.24719,128,0.12624,0.03469,4e-05,6e-05,0.99996,0.99996,4e-05,21307,16330,10554,1089616
it_3500,3500,r_calf,-0.65,1.65,0.25812,118,0.15741,0.04696,0.99778,3e-05,0.92175,0.92159,0.04099,3694,868,3103,1180429
it_3500,3500,r_ankle_pitch,-0.5,1.3,0.00011,15,0.05099,0.05035,0.98656,0.00576,0.47217,0.47217,0.35509,123,75,72,251
it_3500,3500,r_ankle_roll,-0.3,0.8,0.00575,112,0.08827,0.06328,0.92587,0.00026,0.99433,0.99433,0.00302,3143,2322,2473,18530
it_3500,3500,l_hip_pitch,-1.25,1.75,0.00026,24,0.06734,0.06449,0.97808,0.0,0.86678,0.86678,0.08769,754,317,115,0
it_3500,3500,l_hip_roll,-0.12,0.5,0.23773,128,0.09751,0.03366,0.99862,8e-05,0.99812,0.99812,0.0017,19175,11994,19869,1043220
it_3500,3500,l_thigh,-0.3,0.6,0.10787,128,0.22649,0.07669,0.97911,0.00087,0.99485,0.99485,0.00473,24039,18779,12902,440770
it_3500,3500,l_calf,-0.65,1.65,0.00065,23,0.04374,0.04023,0.67532,0.00033,0.39227,0.39227,0.20579,290,358,316,2039
it_3500,3500,l_ankle_pitch,-0.5,1.3,0.0049,56,0.08614,0.07549,1.0,0.00018,0.89445,0.89445,0.09322,9351,5887,3797,3524
it_3500,3500,l_ankle_roll,-0.8,0.3,0.04888,128,0.11596,0.05712,0.00075,4e-05,0.99932,0.99932,0.00039,8383,7658,13465,195475
it_4000,4000,r_hip_pitch,-1.25,1.75,0.00057,10,0.06119,0.05905,0.08984,0.0,0.99657,0.99657,0.00343,599,132,1381,515
it_4000,4000,r_hip_roll,-0.5,0.12,0.12036,128,0.13101,0.04272,0.00722,0.00018,0.9986,0.9986,0.00109,12668,9694,15909,515754
it_4000,4000,r_thigh,-0.6,0.3,0.1285,128,0.14084,0.03817,0.00025,3e-05,0.99975,0.99975,0.00025,13443,8239,22439,547338
it_4000,4000,r_calf,-0.65,1.65,0.20561,118,0.15674,0.04398,0.99876,3e-05,0.99851,0.99851,0.00092,256,137,2796,943230
it_4000,4000,r_ankle_pitch,-0.5,1.3,0.00012,13,0.03919,0.03905,1.0,0.0,0.89261,0.89261,0.09155,24,88,403,53
it_4000,4000,r_ankle_roll,-0.3,0.8,0.00595,108,0.1522,0.06605,0.93231,0.00186,0.98967,0.98967,0.01033,1935,829,7735,16890
it_4000,4000,l_hip_pitch,-1.25,1.75,0.00031,11,0.07054,0.06868,0.32106,0.0,0.92356,0.92356,0.05142,153,0,992,294
it_4000,4000,l_hip_roll,-0.12,0.5,0.21294,128,0.10893,0.03207,0.99862,8e-05,0.99883,0.99883,0.00117,14564,7409,21043,937100
it_4000,4000,l_thigh,-0.3,0.6,0.06612,128,0.22138,0.08163,0.97909,0.00161,0.99404,0.99404,0.00533,11166,10779,26192,256200
it_4000,4000,l_calf,-0.65,1.65,0.00024,14,0.06173,0.06036,0.50227,0.00544,0.70988,0.70988,0.27833,396,233,231,243
it_4000,4000,l_ankle_pitch,-0.5,1.3,0.00043,13,0.05691,0.05415,1.0,0.0,0.85592,0.85592,0.124,122,90,483,1297
it_4000,4000,l_ankle_roll,-0.8,0.3,0.00891,120,0.11193,0.07754,0.00805,0.00017,0.99873,0.99873,0.00127,4141,4009,14045,18810
it_4500,4500,r_hip_pitch,-1.25,1.75,0.00028,7,0.05803,0.05744,0.00467,0.0,0.99533,0.99533,0.00467,561,19,704,0
it_4500,4500,r_hip_roll,-0.5,0.12,0.15355,128,0.13274,0.03227,0.00297,7e-05,0.99923,0.99923,0.00065,13484,8782,11938,672563
it_4500,4500,r_thigh,-0.6,0.3,0.13247,128,0.09973,0.03574,0.00027,1e-05,0.99973,0.99973,0.00026,13921,6747,11858,577217
it_4500,4500,r_calf,-0.65,1.65,0.24567,124,0.17203,0.05136,0.99915,1e-05,0.99925,0.99925,0.00031,372,0,5384,1125016
it_4500,4500,r_ankle_pitch,-0.5,1.3,7e-05,8,0.01909,0.019,1.0,0.0,0.9696,0.9696,0.0304,10,0,261,58
it_4500,4500,r_ankle_roll,-0.3,0.8,0.00341,102,0.13086,0.09786,0.90686,0.00261,0.99256,0.99256,0.00617,1824,1016,3550,9328
it_4500,4500,l_hip_pitch,-1.25,1.75,0.00018,8,0.08261,0.0814,0.53389,0.0,0.94411,0.94411,0.03329,268,35,538,0
it_4500,4500,l_hip_roll,-0.12,0.5,0.19731,128,0.10214,0.03132,0.99956,6e-05,0.99858,0.99858,0.00139,14372,8477,20605,864755
it_4500,4500,l_thigh,-0.3,0.6,0.05313,128,0.13597,0.0689,0.99442,0.00038,0.99798,0.99798,0.00189,10769,8716,16334,208728
it_4500,4500,l_calf,-0.65,1.65,0.00078,22,0.03107,0.02721,0.94205,0.0,0.70215,0.70215,0.11842,415,38,141,2995
it_4500,4500,l_ankle_pitch,-0.5,1.3,5e-05,7,0.04092,0.04055,1.0,0.01843,0.35023,0.35023,0.64977,89,66,62,0
it_4500,4500,l_ankle_roll,-0.8,0.3,0.01143,123,0.11979,0.06279,0.0,0.0,1.0,1.0,0.0,4572,3788,15106,29160
counterfactual_it3000_rate0p3,3000,r_hip_pitch,-1.25,1.75,0.00613,69,0.07294,0.05612,0.01588,0.0,0.98497,0.98497,0.01116,6973,8219,12256,767
counterfactual_it3000_rate0p3,3000,r_hip_roll,-0.5,0.12,0.11453,128,0.1153,0.06097,0.11846,9e-05,0.98243,0.98243,0.01307,146014,65281,91644,224247
counterfactual_it3000_rate0p3,3000,r_thigh,-0.6,0.3,0.20304,128,0.13816,0.03961,8e-05,1e-05,0.99979,0.99979,0.00016,146194,56983,66640,664748
counterfactual_it3000_rate0p3,3000,r_calf,-0.65,1.65,0.12633,124,0.09707,0.0495,0.92845,0.0,0.97976,0.97976,0.01468,53573,6076,21484,500368
counterfactual_it3000_rate0p3,3000,r_ankle_pitch,-0.5,1.3,0.00097,37,0.08037,0.07758,0.94293,0.0,0.8637,0.8637,0.07856,1295,1889,534,750
counterfactual_it3000_rate0p3,3000,r_ankle_roll,-0.3,0.8,0.0297,128,0.15302,0.09567,0.80679,0.00064,0.9938,0.9938,0.00465,35427,27265,38478,35544
counterfactual_it3000_rate0p3,3000,l_hip_pitch,-1.25,1.75,0.03885,96,0.0612,0.03598,0.92439,0.0,0.9888,0.9888,0.00593,130144,23940,22013,2726
counterfactual_it3000_rate0p3,3000,l_hip_roll,-0.12,0.5,0.13178,128,0.08914,0.04557,0.99111,0.0,0.99649,0.99649,0.0024,95189,47723,60816,402856
counterfactual_it3000_rate0p3,3000,l_thigh,-0.3,0.6,0.15202,128,0.17264,0.08088,0.86956,0.00078,0.98061,0.98061,0.01658,165484,60749,74898,398603
counterfactual_it3000_rate0p3,3000,l_calf,-0.65,1.65,0.01337,73,0.18388,0.06611,0.00112,8e-05,0.94456,0.94456,0.04725,10232,14915,35908,469
counterfactual_it3000_rate0p3,3000,l_ankle_pitch,-0.5,1.3,0.04341,71,0.0514,0.0364,1.0,1e-05,0.98718,0.98718,0.0072,74922,65109,57986,1790
counterfactual_it3000_rate0p3,3000,l_ankle_roll,-0.8,0.3,0.03615,127,0.53191,0.419,0.14625,0.00235,0.98565,0.98565,0.01354,19728,16506,38982,91187
counterfactual_it3000_rate0p2,3000,r_hip_pitch,-1.25,1.75,0.02384,97,0.06054,0.03554,0.01811,0.0,0.98257,0.98257,0.0151,43654,65768,312,0
counterfactual_it3000_rate0p2,3000,r_hip_roll,-0.5,0.12,0.19136,128,0.10576,0.05841,0.27894,1e-05,0.96708,0.96708,0.02378,479623,379640,2125,19430
counterfactual_it3000_rate0p2,3000,r_thigh,-0.6,0.3,0.17335,128,0.10582,0.04684,0.00013,1e-05,0.99987,0.99987,0.00013,487218,247360,1696,61640
counterfactual_it3000_rate0p2,3000,r_calf,-0.65,1.65,0.11206,125,0.05802,0.03561,0.20268,0.0,0.88661,0.88648,0.08553,426203,59656,1590,28333
counterfactual_it3000_rate0p2,3000,r_ankle_pitch,-0.5,1.3,0.00204,42,0.07431,0.05909,0.81403,0.0,0.87193,0.87193,0.0563,2344,6203,253,578
counterfactual_it3000_rate0p2,3000,r_ankle_roll,-0.3,0.8,0.0776,128,0.13446,0.04191,0.5956,7e-05,0.99715,0.99715,0.00142,204004,143584,767,8845
counterfactual_it3000_rate0p2,3000,l_hip_pitch,-1.25,1.75,0.20159,111,0.048,0.0242,0.95648,0.0,0.99742,0.9974,0.00169,878065,49140,706,0
counterfactual_it3000_rate0p2,3000,l_hip_roll,-0.12,0.5,0.12672,128,0.06788,0.04459,0.98825,0.0,0.99603,0.99603,0.00254,391248,167216,1392,23399
counterfactual_it3000_rate0p2,3000,l_thigh,-0.3,0.6,0.19409,128,0.1471,0.06885,0.69857,0.00029,0.96097,0.96094,0.03124,580779,261048,2635,48926
counterfactual_it3000_rate0p2,3000,l_calf,-0.65,1.65,0.01892,115,0.08836,0.04264,0.00036,0.0,0.96106,0.96106,0.03272,40830,45709,566,0
counterfactual_it3000_rate0p2,3000,l_ankle_pitch,-0.5,1.3,0.18875,71,0.07515,0.03869,0.99996,0.0,0.99382,0.99382,0.00282,381546,485841,1288,98
counterfactual_it3000_rate0p2,3000,l_ankle_roll,-0.8,0.3,0.03232,128,0.48696,0.27981,0.15755,0.00335,0.93157,0.93164,0.05991,65504,75557,1242,6471
counterfactual_it3000_rate0p1,3000,r_hip_pitch,-1.25,1.75,0.04394,71,0.02774,0.02106,0.00069,0.0,0.99921,0.99921,0.00052,202268,0,0,0
counterfactual_it3000_rate0p1,3000,r_hip_roll,-0.5,0.12,0.05107,128,0.05735,0.03846,0.30727,0.0,0.82212,0.82212,0.12119,235085,0,0,0
counterfactual_it3000_rate0p1,3000,r_thigh,-0.6,0.3,0.07167,128,0.08134,0.025,0.00047,0.0,0.99953,0.99953,0.00047,329867,0,0,0
counterfactual_it3000_rate0p1,3000,r_calf,-0.65,1.65,0.11992,99,0.03083,0.02002,0.09624,0.0,0.94886,0.94972,0.03956,552000,0,0,0
counterfactual_it3000_rate0p1,3000,r_ankle_pitch,-0.5,1.3,0.00699,49,0.01826,0.01742,0.03474,0.0,0.52653,0.52591,0.16119,32186,0,0,0
counterfactual_it3000_rate0p1,3000,r_ankle_roll,-0.3,0.8,0.06998,115,0.09222,0.03488,0.06773,0.0,0.99762,0.99787,0.00184,322093,0,0,0
counterfactual_it3000_rate0p1,3000,l_hip_pitch,-1.25,1.75,0.26439,118,0.02778,0.01798,0.79088,0.0,0.9991,0.9991,0.0005,1216958,0,0,0
counterfactual_it3000_rate0p1,3000,l_hip_roll,-0.12,0.5,0.03413,127,0.04778,0.02707,0.99529,0.0,0.99852,0.99866,0.00131,157115,0,0,0
counterfactual_it3000_rate0p1,3000,l_thigh,-0.3,0.6,0.08006,128,0.07512,0.03414,0.94461,0.0,0.9766,0.97665,0.01816,368525,0,0,0
counterfactual_it3000_rate0p1,3000,l_calf,-0.65,1.65,0.02359,67,0.02863,0.02378,0.0,0.0,0.99577,0.99577,0.00299,108587,0,0,0
counterfactual_it3000_rate0p1,3000,l_ankle_pitch,-0.5,1.3,0.0975,65,0.04389,0.03915,0.99948,0.0,0.99463,0.99481,0.00194,448803,0,0,0
counterfactual_it3000_rate0p1,3000,l_ankle_roll,-0.8,0.3,0.00375,89,0.07363,0.0626,0.03729,0.0,0.94841,0.94893,0.0443,17270,0,0,0
