run,iteration,episode_class,phase,episodes_entering,completion_rate,duration_s_mean,duration_s_median,qd_p50,qd_p95,qd_p99,qd_max,frac_qd_above_6p28,frac_qd_above_10,frac_qd_above_20,tau_p95,tau_max,frac_tau_at_cap,limit_violation_frac,limit_violation_max_rad,limit_violation_p99_rad_of_violating,top_joints_by_p99,share_of_all_qd_above_10_samples,rew_per_s_total,rew_per_s_pen_termination,rew_per_s_pen_base_orientation_l2,rew_per_s_pen_base_orientation_z_l2,rew_per_s_track_base_height_exp,rew_per_s_pen_dof_acc_l2,rew_per_s_pen_action_rate_l2,rew_per_s_pen_dof_pos_bias_l2,rew_per_s_pen_two_leg_bias_l2,rew_per_s_pen_no_fly_l2,rew_per_s_rew_wheel_contact_force,rew_per_s_pen_torques_l2,rew_per_s_track_lin_vel_xy_exp,rew_per_s_track_ang_vel_yaw_exp,rew_per_s_pen_dof_vel_l2,rew_per_s_pen_feet_distance_l2,rew_per_s_pen_max_velocity_l2,rew_per_s_pen_dof_pos_limits,rew_per_s_pen_torque_limits,rew_per_s_pen_action_smoothness_l2,rew_per_s_pen_joint_power_l2,rew_per_s_qd_soft_envelope,rew_per_s_qd_soft_envelope_if_every_physics_step,episode_sum_total_in_phase,episode_sum_velocity_terms_in_phase
it_2500,2500,all_valid,A_lift,128,0.71094,8.34641,5.76,0.50814,6.65411,13.81977,41.78846,0.05512,0.0214,0.00328,10.84375,16.0,0.02051,0.13205,0.15448,0.0487,r_calf:21.7;r_hip_pitch:21.4;l_calf:16.4,0.49657,-14.10598,0.0,-8.9631,0.0,0.05133,-0.53063,-0.5608,-0.5741,0.0,-0.18789,0.0,-0.00134,0.0,1.08308,-0.43217,-0.09383,-0.92328,-2.63955,-0.03083,-0.07323,-0.00425,-0.22538,-0.27439,-117.73427,-9.95247
it_2500,2500,all_valid,B_h1_to_h2,91,0.58242,6.88857,1.74,0.25873,7.38501,16.31818,40.93968,0.06274,0.02989,0.00502,14.0,16.0,0.02826,0.1157,0.19755,0.05847,r_calf:24.8;r_hip_pitch:23.6;r_ankle_pitch:18.0,0.40703,-10.82285,0.0,-6.70111,0.0,0.07834,-0.40448,-0.55691,-0.27717,0.0,-0.19406,0.0,-0.00233,0.0,1.46909,-0.47192,-0.08464,-0.94487,-2.33593,-0.06213,-0.04769,-0.0043,-0.28275,-0.397,-74.554,-8.01451
it_2500,2500,all_valid,C_stabilize,32,0.6875,3.47813,0.44,0.60332,7.72688,15.31212,35.87675,0.07109,0.02946,0.00391,11.24219,16.0,0.02051,0.13117,0.126,0.05424,r_calf:22.9;r_hip_pitch:22.3;r_ankle_pitch:16.9,0.07124,-12.6916,0.0,-8.17265,0.0,0.51777,-0.5029,-0.66338,-0.5019,0.0,-0.18731,0.0,-0.00143,0.0888,0.93527,-0.49818,-0.08782,-0.91878,-2.36087,-0.02538,-0.06536,-0.00448,-0.24301,-0.3443,-44.14298,-4.34266
it_2500,2500,all_valid,D_standing,43,nan,11.51023,12.8,0.09336,3.27058,6.50369,38.3674,0.0111,0.00234,0.00022,6.85547,16.0,0.00493,0.06865,0.12222,0.0323,r_calf:9.3;l_ankle_pitch:9.2;r_ankle_pitch:8.3,0.02517,8.16169,0.0,1.26031,0.0,4.53896,-0.10088,-0.09288,-0.31132,0.0,-0.07674,0.0,-0.00089,3.40665,1.95138,-0.08325,-0.09203,-0.95022,-1.25097,-0.00873,-0.01441,-0.00016,-0.01312,-0.02361,93.94299,-2.27233
it_2500,2500,success,A_lift,38,1.0,3.99842,2.65,0.74909,8.13546,16.79045,40.29959,0.07726,0.0328,0.0058,9.85156,16.0,0.02487,0.14102,0.15376,0.06404,r_hip_pitch:25.4;r_calf:23.7;l_hip_pitch:21.0,0.58328,-17.01313,0.0,-10.70272,0.0,0.06104,-0.6957,-0.79125,-0.57432,0.0,-0.18789,0.0,-0.00113,0.0,0.62443,-0.6184,-0.09424,-0.90286,-2.6311,-0.02917,-0.09413,-0.00587,-0.36983,-0.45473,-68.02567,-6.75655
it_2500,2500,success,B_h1_to_h2,38,1.0,1.18263,0.22,0.94823,10.87067,20.86407,40.93968,0.11405,0.05789,0.01155,13.15625,16.0,0.03467,0.13644,0.1702,0.07484,r_hip_pitch:29.5;r_calf:27.4;r_ankle_pitch:20.7,0.30456,-11.69084,0.0,-5.20817,0.0,0.20851,-0.79631,-1.05752,-0.31743,0.0,-0.1927,0.0,-0.00198,0.0,0.50854,-0.92707,-0.08132,-0.9555,-2.09399,-0.04883,-0.08853,-0.00879,-0.62974,-0.85668,-13.82596,-2.79328
it_2500,2500,success,C_stabilize,20,1.0,0.422,0.28,0.8227,9.45349,16.42425,30.67251,0.10098,0.04316,0.00291,9.62539,16.0,0.02278,0.10489,0.08916,0.04982,r_calf:20.9;r_hip_pitch:20.0;l_calf:18.0,0.04264,0.94495,0.0,0.91565,0.0,3.34655,-0.5581,-0.60518,-0.05773,0.0,-0.18057,0.0,-0.00117,0.5421,0.74743,-0.59364,-0.04944,-0.99052,-1.24664,-0.0229,-0.05662,-0.00298,-0.24127,-0.40506,0.39877,-0.5891
it_2500,2500,success,D_standing,38,nan,12.57684,13.76,0.08792,3.16622,6.14055,23.22257,0.00926,0.00124,1e-05,6.76172,16.0,0.00452,0.06827,0.06173,0.02917,l_ankle_pitch:9.2;r_ankle_pitch:8.0;l_calf:7.6,0.06953,8.66529,0.0,1.49526,0.0,4.64413,-0.09303,-0.07353,-0.31823,0.0,-0.07386,0.0,-0.00085,3.48351,1.9674,-0.06909,-0.09189,-0.95254,-1.2288,-0.00729,-0.01379,-3e-05,-0.00207,-0.00786,108.98195,-2.06537
it_2500,2500,failed,A_lift,90,0.58889,10.18222,10.71,0.46882,6.38882,13.23315,41.78846,0.05146,0.01951,0.00286,10.94531,16.0,0.01979,0.13056,0.15448,0.04501,r_calf:21.2;r_hip_pitch:20.4;l_calf:16.2,0.47681,-13.62397,0.0,-8.67467,0.0,0.04971,-0.50326,-0.5226,-0.57406,0.0,-0.18789,0.0,-0.00138,0.0,1.15912,-0.40129,-0.09376,-0.92667,-2.64096,-0.03111,-0.06976,-0.00398,-0.20143,-0.24449,-138.72235,-11.30186
it_2500,2500,failed,B_h1_to_h2,53,0.28302,10.97962,14.24,0.22253,7.06074,15.81299,38.43602,0.05878,0.02773,0.00451,14.00781,16.0,0.02777,0.1141,0.19755,0.05627,r_calf:24.5;r_hip_pitch:22.6;r_ankle_pitch:17.7,0.43038,-10.75582,0.0,-6.8164,0.0,0.06829,-0.37422,-0.51826,-0.27407,0.0,-0.19416,0.0,-0.00236,0.0,1.54328,-0.43677,-0.0849,-0.94405,-2.35461,-0.06315,-0.04453,-0.00395,-0.25596,-0.3615,-118.09486,-11.75804
it_2500,2500,failed,C_stabilize,12,0.16667,8.57167,7.26,0.58806,7.56306,15.17319,35.87675,0.06864,0.02834,0.00399,11.28906,16.0,0.02032,0.13332,0.126,0.05449,r_calf:23.2;r_hip_pitch:22.4;r_ankle_pitch:17.0,0.07775,-13.81053,0.0,-8.91838,0.0,0.28566,-0.49837,-0.66815,-0.53835,0.0,-0.18787,0.0,-0.00145,0.0516,0.95069,-0.49035,-0.09097,-0.91289,-2.45229,-0.02558,-0.06607,-0.0046,-0.24315,-0.33932,-118.37924,-10.59859
it_2500,2500,failed,D_standing,5,nan,3.404,1.9,0.23754,7.63981,17.26402,38.3674,0.06265,0.03316,0.00615,13.53125,16.0,0.01656,0.07906,0.12222,0.06639,r_hip_pitch:25.2;r_calf:24.8;r_ankle_pitch:17.5,0.01506,-5.97914,0.0,-5.33708,0.0,1.5859,-0.32137,-0.63633,-0.11707,0.0,-0.1577,0.0,-0.00211,1.24849,1.50156,-0.48108,-0.096,-0.88484,-1.87351,-0.04918,-0.03161,-0.00388,-0.32332,-0.46604,-20.35299,-3.84528
it_3000,3000,all_valid,A_lift,128,1.0,0.39547,0.22,2.13577,18.1804,27.41901,46.93053,0.24563,0.14579,0.03879,16.0,16.0,0.05233,0.13272,0.1441,0.0862,r_hip_pitch:36.8;r_calf:29.6;l_hip_pitch:29.3,0.48131,-24.52286,0.0,-9.52274,0.0,0.08519,-2.73936,-4.44897,-0.37225,0.0,-0.19123,0.0,-0.00171,0.0,0.31419,-2.34032,-0.11242,-0.89648,-1.68713,-0.04186,-0.46818,-0.01655,-2.08304,-2.65681,-9.69802,-2.83918
it_3000,3000,all_valid,B_h1_to_h2,128,1.0,0.18609,0.15,1.97169,17.34682,25.40099,43.32885,0.22604,0.13244,0.032,16.0,16.0,0.06599,0.13881,0.16922,0.12147,r_hip_pitch:35.8;r_calf:31.7;l_hip_pitch:26.3,0.20575,-14.69331,0.0,-2.88588,0.0,0.60493,-2.0997,-3.62199,-0.03436,0.0,-0.19832,0.0,-0.0027,0.0,0.27862,-2.13192,-0.0849,-0.92947,-1.44252,-0.07164,-0.26606,-0.02251,-1.7849,-2.25818,-2.73433,-1.12383
it_3000,3000,all_valid,C_stabilize,67,1.0,0.69403,0.2,1.10242,11.7187,20.16234,45.42532,0.139,0.06862,0.01037,12.09375,16.0,0.03142,0.13426,0.18759,0.0924,r_hip_pitch:27.8;r_calf:25.9;l_hip_pitch:21.3,0.20809,-10.18834,0.0,-5.11211,0.0,1.92022,-0.9431,-2.08988,-0.05169,0.0,-0.19424,0.0,-0.00173,0.3492,0.46131,-1.00296,-0.0815,-0.90796,-1.73211,-0.03683,-0.12856,-0.00704,-0.62935,-0.86659,-7.07101,-1.7923
it_3000,3000,all_valid,D_standing,128,nan,17.03516,17.4,0.00599,2.01263,4.34726,34.73086,0.00283,0.00074,5e-05,5.99219,16.0,0.00205,0.05228,0.17372,0.04334,l_ankle_pitch:5.9;l_calf:5.8;r_calf:5.8,0.10485,10.81131,0.0,1.45996,0.0,4.72208,-0.05209,-0.06317,-0.58919,0.0,-0.03992,0.0,-0.00078,5.03938,2.32896,-0.03714,-0.08867,-0.61882,-1.23465,-0.00228,-0.00885,-4e-05,-0.00348,-0.00676,184.17242,-1.57995
it_3000,3000,success,A_lift,128,1.0,0.39547,0.22,2.13577,18.1804,27.41901,46.93053,0.24563,0.14579,0.03879,16.0,16.0,0.05233,0.13272,0.1441,0.0862,r_hip_pitch:36.8;r_calf:29.6;l_hip_pitch:29.3,0.48131,-24.52286,0.0,-9.52274,0.0,0.08519,-2.73936,-4.44897,-0.37225,0.0,-0.19123,0.0,-0.00171,0.0,0.31419,-2.34032,-0.11242,-0.89648,-1.68713,-0.04186,-0.46818,-0.01655,-2.08304,-2.65681,-9.69802,-2.83918
it_3000,3000,success,B_h1_to_h2,128,1.0,0.18609,0.15,1.97169,17.34682,25.40099,43.32885,0.22604,0.13244,0.032,16.0,16.0,0.06599,0.13881,0.16922,0.12147,r_hip_pitch:35.8;r_calf:31.7;l_hip_pitch:26.3,0.20575,-14.69331,0.0,-2.88588,0.0,0.60493,-2.0997,-3.62199,-0.03436,0.0,-0.19832,0.0,-0.0027,0.0,0.27862,-2.13192,-0.0849,-0.92947,-1.44252,-0.07164,-0.26606,-0.02251,-1.7849,-2.25818,-2.73433,-1.12383
it_3000,3000,success,C_stabilize,67,1.0,0.69403,0.2,1.10242,11.7187,20.16234,45.42532,0.139,0.06862,0.01037,12.09375,16.0,0.03142,0.13426,0.18759,0.0924,r_hip_pitch:27.8;r_calf:25.9;l_hip_pitch:21.3,0.20809,-10.18834,0.0,-5.11211,0.0,1.92022,-0.9431,-2.08988,-0.05169,0.0,-0.19424,0.0,-0.00173,0.3492,0.46131,-1.00296,-0.0815,-0.90796,-1.73211,-0.03683,-0.12856,-0.00704,-0.62935,-0.86659,-7.07101,-1.7923
it_3000,3000,success,D_standing,128,nan,17.03516,17.4,0.00599,2.01263,4.34726,34.73086,0.00283,0.00074,5e-05,5.99219,16.0,0.00205,0.05228,0.17372,0.04334,l_ankle_pitch:5.9;l_calf:5.8;r_calf:5.8,0.10485,10.81131,0.0,1.45996,0.0,4.72208,-0.05209,-0.06317,-0.58919,0.0,-0.03992,0.0,-0.00078,5.03938,2.32896,-0.03714,-0.08867,-0.61882,-1.23465,-0.00228,-0.00885,-4e-05,-0.00348,-0.00676,184.17242,-1.57995
it_3500,3500,all_valid,A_lift,128,1.0,0.29484,0.28,3.3317,20.87219,28.87708,45.34412,0.3513,0.22474,0.0575,15.64062,16.0,0.05246,0.12215,0.15192,0.08938,r_hip_pitch:35.8;l_hip_pitch:31.9;r_calf:31.1,0.45861,-29.46549,0.0,-8.03233,0.0,0.08473,-3.51231,-8.50767,-0.23351,0.0,-0.1893,0.0,-0.00223,0.0,0.33526,-3.26644,-0.13304,-0.92263,-1.30092,-0.04274,-0.80057,-0.02004,-2.92175,-3.97532,-8.68772,-2.86604
it_3500,3500,all_valid,B_h1_to_h2,128,1.0,0.19359,0.14,1.70631,15.3177,23.17201,41.30364,0.2023,0.11375,0.01974,14.20312,16.0,0.0435,0.13324,0.15741,0.10813,r_hip_pitch:30.6;r_calf:28.7;l_hip_pitch:24.5,0.15241,-11.18408,0.0,-0.81402,0.0,0.57219,-1.42359,-4.17436,-0.03669,0.0,-0.19726,0.0,-0.0021,0.0,0.39563,-1.59494,-0.08894,-0.90638,-1.51337,-0.04823,-0.20663,-0.01452,-1.13087,-1.58826,-2.16517,-0.80611
it_3500,3500,all_valid,C_stabilize,79,1.0,0.29924,0.14,1.12876,12.07213,19.164,40.99691,0.14975,0.07536,0.00795,11.96094,16.0,0.03505,0.13903,0.22649,0.07467,r_calf:24.1;l_hip_pitch:22.6;r_hip_pitch:22.1,0.09632,-7.68061,0.0,-2.60693,0.0,2.63129,-0.90581,-3.77713,-0.06223,0.0,-0.19188,0.0,-0.00172,0.89903,0.63129,-1.0103,-0.07721,-0.89171,-1.51356,-0.03794,-0.18134,-0.00874,-0.57571,-0.81756,-2.29835,-0.74827
it_3500,3500,all_valid,D_standing,128,nan,17.30688,17.54,0.2682,3.88364,7.21249,38.18098,0.01598,0.00244,9e-05,7.55859,16.0,0.00747,0.08937,0.18112,0.04064,l_calf:11.1;r_ankle_pitch:9.0;l_ankle_pitch:8.5,0.29266,6.60316,0.0,1.4881,0.0,4.4204,-0.13217,-0.1061,-0.38575,0.0,-0.09321,0.0,-0.00102,2.34894,1.69676,-0.10749,-0.0932,-0.97696,-1.41613,-0.01129,-0.01868,-5e-05,-0.00899,-0.01913,114.28,-4.30415
it_3500,3500,success,A_lift,125,1.0,0.2872,0.28,3.42136,21.00814,28.9896,45.34412,0.35623,0.22873,0.0588,15.74219,16.0,0.05297,0.12278,0.15192,0.08999,r_hip_pitch:35.9;l_hip_pitch:32.0;r_calf:31.2,0.4611,-29.8295,0.0,-8.01881,0.0,0.0843,-3.58554,-8.66177,-0.23792,0.0,-0.18897,0.0,-0.00223,0.0,0.33085,-3.33027,-0.1336,-0.92201,-1.29018,-0.04291,-0.81946,-0.02035,-2.99063,-4.06427,-8.56703,-2.85098
it_3500,3500,success,B_h1_to_h2,125,1.0,0.19472,0.14,1.70977,15.38147,23.22797,41.30364,0.20327,0.11488,0.01988,14.20312,16.0,0.04343,0.13325,0.15741,0.10845,r_hip_pitch:30.6;r_calf:28.8;l_hip_pitch:24.5,0.15701,-11.2623,0.0,-0.84164,0.0,0.56957,-1.4275,-4.19974,-0.03735,0.0,-0.19721,0.0,-0.00211,0.0,0.39953,-1.60485,-0.0897,-0.90633,-1.51411,-0.04831,-0.20768,-0.01453,-1.14034,-1.60579,-2.193,-0.81534
it_3500,3500,success,C_stabilize,77,1.0,0.30364,0.14,1.11439,11.97654,18.97218,40.99691,0.14776,0.07416,0.00751,11.83594,16.0,0.03412,0.13942,0.22649,0.07403,r_calf:23.8;l_hip_pitch:22.5;r_hip_pitch:22.0,0.09736,-7.63598,0.0,-2.64258,0.0,2.63772,-0.87725,-3.7746,-0.06292,0.0,-0.19179,0.0,-0.00169,0.89742,0.63602,-0.98909,-0.07688,-0.8905,-1.5211,-0.03686,-0.17832,-0.00846,-0.5551,-0.79545,-2.31856,-0.73781
it_3500,3500,success,D_standing,125,nan,17.31104,17.54,0.26047,3.84067,7.16727,38.18098,0.01567,0.00234,8e-05,7.50781,16.0,0.00734,0.08876,0.18112,0.04023,l_calf:11.0;r_ankle_pitch:8.9;l_ankle_pitch:8.5,0.28453,6.65425,0.0,1.4898,0.0,4.42289,-0.12906,-0.10092,-0.38845,0.0,-0.09209,0.0,-0.00101,2.36871,1.71174,-0.10501,-0.09331,-0.97715,-1.41419,-0.01112,-0.01824,-5e-05,-0.00831,-0.01809,115.19197,-4.19671
it_3500,3500,failed,A_lift,3,1.0,0.61333,0.68,1.94726,16.74263,26.03318,39.96822,0.25505,0.14676,0.03209,14.01562,16.0,0.04241,0.10999,0.0862,0.07642,r_hip_pitch:31.0;r_calf:30.1;l_calf:28.3,0.39386,-22.36342,0.0,-8.29613,0.0,0.09303,-2.08337,-5.50103,-0.1475,0.0,-0.19565,0.0,-0.00221,0.0,0.42136,-2.02089,-0.12226,-0.93478,-1.51039,-0.03951,-0.4322,-0.01402,-1.57786,-2.23987,-13.71623,-3.49364
it_3500,3500,failed,B_h1_to_h2,3,1.0,0.14667,0.12,1.571,10.1009,20.59916,24.98285,0.1483,0.05123,0.01184,13.97734,16.0,0.04725,0.13239,0.0757,0.07373,l_hip_pitch:24.6;l_calf:21.5;l_ankle_pitch:14.2,0.03288,-6.85673,0.0,0.71385,0.0,0.71701,-1.20728,-2.77052,0.0,0.0,-0.2,0.0,-0.00158,0.0,0.18007,-1.04685,-0.04707,-0.90909,-1.47267,-0.04349,-0.14864,-0.01351,-0.60696,-0.61883,-1.00565,-0.42161
it_3500,3500,failed,C_stabilize,2,1.0,0.13,0.13,3.156,19.5788,25.3903,29.6159,0.32901,0.18285,0.04679,16.0,16.0,0.11891,0.10353,0.08077,0.08047,l_calf:29.4;r_calf:28.0;r_ankle_pitch:25.4,0.06934,-11.69444,0.0,0.59855,0.0,2.0533,-3.47388,-4.00489,0.0,0.0,-0.2,0.0,-0.00409,1.04355,0.20569,-2.9181,-0.10731,-1.0,-0.83533,-0.13538,-0.45284,-0.03423,-2.42947,-2.80576,-1.52028,-1.15124
it_3500,3500,failed,D_standing,3,nan,17.13333,16.94,0.66237,5.12464,8.88029,32.02895,0.02933,0.00672,0.00046,9.28906,16.0,0.01268,0.11491,0.09953,0.05072,l_calf:13.4;r_ankle_pitch:12.4;l_ankle_pitch:9.6,0.50392,4.45222,0.0,1.41653,0.0,4.31554,-0.26299,-0.3243,-0.27228,0.0,-0.1407,0.0,-0.00137,1.51661,1.06589,-0.21192,-0.08879,-0.96887,-1.49762,-0.0186,-0.0373,-0.00037,-0.03723,-0.06277,76.28143,-8.78094
it_4000,4000,all_valid,A_lift,128,1.0,0.21531,0.21,4.69695,23.04481,30.53862,46.05611,0.4195,0.28054,0.07904,16.0,16.0,0.06038,0.08991,0.17365,0.10122,r_hip_pitch:37.0;l_hip_pitch:33.8;l_calf:33.0,0.54475,-34.05066,0.0,-8.20896,0.0,0.07679,-4.38185,-10.28562,-0.22429,0.0,-0.1881,0.0,-0.00191,0.0,0.32152,-4.20769,-0.09984,-0.90421,-0.8902,-0.03703,-1.00774,-0.02494,-3.98661,-5.41658,-7.33153,-2.71317
it_4000,4000,all_valid,B_h1_to_h2,128,1.0,0.10125,0.08,2.72976,15.95371,25.12272,38.76855,0.25243,0.12779,0.02483,10.46094,16.0,0.03002,0.13387,0.15697,0.11651,r_hip_pitch:33.9;r_calf:27.7;l_hip_pitch:25.4,0.11669,-13.31411,0.0,-0.81345,0.0,0.65582,-1.5468,-6.20562,-0.01712,0.0,-0.19846,0.0,-0.00114,0.0,0.32125,-1.78825,-0.09023,-0.89506,-1.23817,-0.01996,-0.22495,-0.01332,-1.23865,-1.9457,-1.34805,-0.46444
it_4000,4000,all_valid,C_stabilize,85,1.0,0.43035,0.16,1.27076,13.05302,21.01084,38.23536,0.16175,0.08548,0.01272,10.49219,16.0,0.02635,0.12945,0.21838,0.08091,r_calf:26.3;l_hip_pitch:24.1;r_hip_pitch:23.0,0.2203,-11.92175,0.0,-4.91721,0.0,2.26308,-0.92476,-4.55611,-0.10506,0.0,-0.18546,0.0,-0.00135,0.57561,0.42389,-1.1256,-0.07123,-0.88956,-1.45852,-0.02393,-0.2213,-0.00701,-0.69724,-1.05502,-5.13056,-1.18546
it_4000,4000,all_valid,D_standing,128,nan,17.37766,17.61,0.19507,3.3255,6.16071,37.07652,0.00924,0.00075,5e-05,7.01172,16.0,0.0032,0.06065,0.22138,0.03873,l_calf:8.1;l_ankle_pitch:8.0;r_ankle_pitch:7.6,0.11826,8.15623,0.0,1.452,0.0,4.48124,-0.10006,-0.08736,-0.42163,0.0,-0.07802,0.0,-0.0009,3.4413,1.92286,-0.07441,-0.08874,-0.97121,-1.29365,-0.00641,-0.01544,-4e-05,-0.00329,-0.00764,141.73627,-3.08974
it_4000,4000,success,A_lift,128,1.0,0.21531,0.21,4.69695,23.04481,30.53862,46.05611,0.4195,0.28054,0.07904,16.0,16.0,0.06038,0.08991,0.17365,0.10122,r_hip_pitch:37.0;l_hip_pitch:33.8;l_calf:33.0,0.54475,-34.05066,0.0,-8.20896,0.0,0.07679,-4.38185,-10.28562,-0.22429,0.0,-0.1881,0.0,-0.00191,0.0,0.32152,-4.20769,-0.09984,-0.90421,-0.8902,-0.03703,-1.00774,-0.02494,-3.98661,-5.41658,-7.33153,-2.71317
it_4000,4000,success,B_h1_to_h2,128,1.0,0.10125,0.08,2.72976,15.95371,25.12272,38.76855,0.25243,0.12779,0.02483,10.46094,16.0,0.03002,0.13387,0.15697,0.11651,r_hip_pitch:33.9;r_calf:27.7;l_hip_pitch:25.4,0.11669,-13.31411,0.0,-0.81345,0.0,0.65582,-1.5468,-6.20562,-0.01712,0.0,-0.19846,0.0,-0.00114,0.0,0.32125,-1.78825,-0.09023,-0.89506,-1.23817,-0.01996,-0.22495,-0.01332,-1.23865,-1.9457,-1.34805,-0.46444
it_4000,4000,success,C_stabilize,85,1.0,0.43035,0.16,1.27076,13.05302,21.01084,38.23536,0.16175,0.08548,0.01272,10.49219,16.0,0.02635,0.12945,0.21838,0.08091,r_calf:26.3;l_hip_pitch:24.1;r_hip_pitch:23.0,0.2203,-11.92175,0.0,-4.91721,0.0,2.26308,-0.92476,-4.55611,-0.10506,0.0,-0.18546,0.0,-0.00135,0.57561,0.42389,-1.1256,-0.07123,-0.88956,-1.45852,-0.02393,-0.2213,-0.00701,-0.69724,-1.05502,-5.13056,-1.18546
it_4000,4000,success,D_standing,128,nan,17.37766,17.61,0.19507,3.3255,6.16071,37.07652,0.00924,0.00075,5e-05,7.01172,16.0,0.0032,0.06065,0.22138,0.03873,l_calf:8.1;l_ankle_pitch:8.0;r_ankle_pitch:7.6,0.11826,8.15623,0.0,1.452,0.0,4.48124,-0.10006,-0.08736,-0.42163,0.0,-0.07802,0.0,-0.0009,3.4413,1.92286,-0.07441,-0.08874,-0.97121,-1.29365,-0.00641,-0.01544,-4e-05,-0.00329,-0.00764,141.73627,-3.08974
it_4500,4500,all_valid,A_lift,128,1.0,0.21859,0.22,4.34567,22.73919,30.2245,43.70079,0.40234,0.27696,0.07833,16.0,16.0,0.06427,0.09033,0.13274,0.0868,r_hip_pitch:36.8;l_hip_pitch:33.7;l_calf:32.8,0.53803,-33.73383,0.0,-8.40262,0.0,0.0756,-4.38725,-9.93606,-0.08791,0.0,-0.19485,0.0,-0.00202,0.0,0.37992,-4.18898,-0.09712,-0.8985,-0.98569,-0.04436,-0.89645,-0.02683,-4.0407,-5.30694,-7.374,-2.76385
it_4500,4500,all_valid,B_h1_to_h2,128,1.0,0.085,0.08,2.84547,14.96547,26.08299,43.8142,0.24563,0.114,0.02272,8.51562,16.0,0.02018,0.14432,0.13597,0.1059,r_hip_pitch:36.4;r_calf:25.4;l_hip_pitch:23.8,0.08611,-12.67352,0.0,1.10949,0.0,0.74129,-1.31449,-8.14205,-0.03732,0.0,-0.19743,0.0,-0.00087,0.0,0.29841,-1.65095,-0.08661,-0.90441,-1.05318,-0.01037,-0.30388,-0.01206,-1.10908,-1.85973,-1.07725,-0.34736
it_4500,4500,all_valid,C_stabilize,51,1.0,0.52588,0.2,0.90323,11.48815,19.70004,47.24063,0.12553,0.06431,0.00941,9.78125,16.0,0.02358,0.13435,0.17203,0.07308,r_calf:25.3;r_hip_pitch:23.8;l_hip_pitch:22.6,0.11975,-9.63958,0.0,-5.34067,0.0,2.68491,-0.69172,-3.37461,-0.08055,0.0,-0.18523,0.0,-0.00127,0.86197,0.55625,-0.8738,-0.06931,-0.86577,-1.52487,-0.02212,-0.18212,-0.00599,-0.52467,-0.82395,-5.06929,-1.10235
it_4500,4500,all_valid,D_standing,128,nan,17.46688,17.64,0.15116,3.45105,6.62941,30.87492,0.01183,0.00165,3e-05,6.92969,16.0,0.00398,0.06504,0.08682,0.04614,r_ankle_pitch:10.4;l_ankle_pitch:8.2;l_calf:7.2,0.2561,7.79937,0.0,1.49303,0.0,4.40952,-0.10484,-0.09534,-0.4539,0.0,-0.07932,0.0,-0.00088,3.22712,1.9393,-0.07932,-0.09285,-0.9713,-1.36446,-0.00743,-0.01686,-2e-05,-0.00307,-0.01075,136.23065,-3.2707
it_4500,4500,success,A_lift,128,1.0,0.21859,0.22,4.34567,22.73919,30.2245,43.70079,0.40234,0.27696,0.07833,16.0,16.0,0.06427,0.09033,0.13274,0.0868,r_hip_pitch:36.8;l_hip_pitch:33.7;l_calf:32.8,0.53803,-33.73383,0.0,-8.40262,0.0,0.0756,-4.38725,-9.93606,-0.08791,0.0,-0.19485,0.0,-0.00202,0.0,0.37992,-4.18898,-0.09712,-0.8985,-0.98569,-0.04436,-0.89645,-0.02683,-4.0407,-5.30694,-7.374,-2.76385
it_4500,4500,success,B_h1_to_h2,128,1.0,0.085,0.08,2.84547,14.96547,26.08299,43.8142,0.24563,0.114,0.02272,8.51562,16.0,0.02018,0.14432,0.13597,0.1059,r_hip_pitch:36.4;r_calf:25.4;l_hip_pitch:23.8,0.08611,-12.67352,0.0,1.10949,0.0,0.74129,-1.31449,-8.14205,-0.03732,0.0,-0.19743,0.0,-0.00087,0.0,0.29841,-1.65095,-0.08661,-0.90441,-1.05318,-0.01037,-0.30388,-0.01206,-1.10908,-1.85973,-1.07725,-0.34736
it_4500,4500,success,C_stabilize,51,1.0,0.52588,0.2,0.90323,11.48815,19.70004,47.24063,0.12553,0.06431,0.00941,9.78125,16.0,0.02358,0.13435,0.17203,0.07308,r_calf:25.3;r_hip_pitch:23.8;l_hip_pitch:22.6,0.11975,-9.63958,0.0,-5.34067,0.0,2.68491,-0.69172,-3.37461,-0.08055,0.0,-0.18523,0.0,-0.00127,0.86197,0.55625,-0.8738,-0.06931,-0.86577,-1.52487,-0.02212,-0.18212,-0.00599,-0.52467,-0.82395,-5.06929,-1.10235
it_4500,4500,success,D_standing,128,nan,17.46688,17.64,0.15116,3.45105,6.62941,30.87492,0.01183,0.00165,3e-05,6.92969,16.0,0.00398,0.06504,0.08682,0.04614,r_ankle_pitch:10.4;l_ankle_pitch:8.2;l_calf:7.2,0.2561,7.79937,0.0,1.49303,0.0,4.40952,-0.10484,-0.09534,-0.4539,0.0,-0.07932,0.0,-0.00088,3.22712,1.9393,-0.07932,-0.09285,-0.9713,-1.36446,-0.00743,-0.01686,-2e-05,-0.00307,-0.01075,136.23065,-3.2707
counterfactual_it3000_rate0p3,3000,all_valid,A_lift,128,0.97656,2.41844,1.04,0.78383,9.30288,13.47511,26.6624,0.10562,0.04097,0.00011,11.70312,16.0,0.02303,0.11914,0.25043,0.06161,r_calf:14.8;l_hip_pitch:14.6;l_thigh:14.5,0.41137,-14.37741,0.0,-8.68817,0.0,0.05412,-0.39897,-1.5471,-0.57728,0.0,-0.18833,0.0,-0.00168,0.0,0.9181,-0.53303,-0.12691,-0.92609,-2.0448,-0.03465,-0.1489,-0.00466,-0.12907,-0.2288,-34.77086,-2.57739
counterfactual_it3000_rate0p3,3000,all_valid,B_h1_to_h2,125,0.992,1.03424,0.2,0.71879,10.39088,14.27023,33.10689,0.1224,0.05497,9e-05,12.4375,16.0,0.0298,0.1272,0.4944,0.07432,l_hip_pitch:15.8;r_calf:15.7;l_thigh:15.3,0.23049,-12.5763,0.0,-7.16856,0.0,0.20776,-0.40866,-1.61741,-0.24923,0.0,-0.19387,0.0,-0.00196,0.0,0.93523,-0.6295,-0.1212,-0.95792,-2.03111,-0.04604,-0.10616,-0.00582,-0.18184,-0.31788,-13.00691,-1.26779
counterfactual_it3000_rate0p3,3000,all_valid,C_stabilize,66,0.93939,2.43515,0.64,0.78491,10.67793,14.37813,35.33899,0.13462,0.06011,0.0002,14.03906,16.0,0.03829,0.13523,0.53191,0.30763,l_hip_pitch:16.0;l_thigh:15.9;r_calf:15.8,0.31332,-12.81717,0.0,-7.29819,0.0,0.62838,-0.44018,-2.12396,-0.11559,0.0,-0.19592,0.0,-0.00252,0.11396,0.74313,-0.68449,-0.12759,-0.9221,-1.99954,-0.06269,-0.11775,-0.00634,-0.20579,-0.34824,-31.21177,-3.25529
counterfactual_it3000_rate0p3,3000,all_valid,D_standing,120,nan,14.18233,15.16,0.00788,2.03796,4.37359,20.94315,0.00312,0.00081,0.0,5.73438,16.0,0.0013,0.0569,0.13816,0.04389,r_calf:7.0;l_calf:6.0;l_ankle_pitch:5.2,0.04482,10.41874,0.0,1.42081,0.0,4.69582,-0.04749,-0.06746,-0.597,0.0,-0.03927,0.0,-0.00071,4.82999,2.31399,-0.0372,-0.08821,-0.6981,-1.25428,-0.00139,-0.00867,-8e-05,-0.00202,-0.00431,147.76201,-1.23075
counterfactual_it3000_rate0p3,3000,success,A_lift,120,1.0,2.07367,1.04,0.97242,9.74399,13.68926,26.6624,0.11895,0.04638,0.00013,11.17969,16.0,0.02089,0.12682,0.25043,0.06329,l_thigh:15.0;r_calf:15.0;l_hip_pitch:14.8,0.44657,-15.80145,0.0,-9.58649,0.0,0.05685,-0.44936,-1.75579,-0.63966,0.0,-0.187,0.0,-0.00136,0.0,0.77585,-0.59892,-0.12347,-0.92123,-2.02531,-0.02488,-0.16884,-0.00516,-0.14667,-0.25942,-32.76693,-2.48865
counterfactual_it3000_rate0p3,3000,success,B_h1_to_h2,120,1.0,0.8985,0.2,1.02793,10.82437,14.42434,33.10689,0.13796,0.06148,0.00011,11.98438,16.0,0.02223,0.1339,0.4944,0.07795,l_hip_pitch:15.9;r_calf:15.9;l_thigh:15.4,0.25649,-14.81744,0.0,-8.68957,0.0,0.23451,-0.4665,-1.83543,-0.29764,0.0,-0.19273,0.0,-0.00164,0.0,0.58793,-0.71064,-0.1131,-0.95548,-2.01487,-0.02957,-0.12214,-0.00658,-0.20401,-0.35601,-13.31347,-1.24687
counterfactual_it3000_rate0p3,3000,success,C_stabilize,62,1.0,1.59774,0.54,0.9865,10.84815,14.4553,35.33899,0.1447,0.06352,0.00019,13.99219,16.0,0.03681,0.14259,0.53191,0.35378,l_hip_pitch:16.1;r_calf:15.9;l_thigh:15.8,0.24348,-12.7194,0.0,-7.11201,0.0,0.91333,-0.47355,-2.34971,-0.10236,0.0,-0.19536,0.0,-0.00247,0.17691,0.57766,-0.73225,-0.1215,-0.91924,-1.96981,-0.06066,-0.12596,-0.00672,-0.21571,-0.36734,-20.32232,-2.28192
counterfactual_it3000_rate0p3,3000,success,D_standing,120,nan,14.18233,15.16,0.00788,2.03796,4.37359,20.94315,0.00312,0.00081,0.0,5.73438,16.0,0.0013,0.0569,0.13816,0.04389,r_calf:7.0;l_calf:6.0;l_ankle_pitch:5.2,0.05346,10.41874,0.0,1.42081,0.0,4.69582,-0.04749,-0.06746,-0.597,0.0,-0.03927,0.0,-0.00071,4.82999,2.31399,-0.0372,-0.08821,-0.6981,-1.25428,-0.00139,-0.00867,-8e-05,-0.00202,-0.00431,147.76201,-1.23075
counterfactual_it3000_rate0p3,3000,failed,A_lift,8,0.625,7.59,2.17,0.27018,6.35154,11.85297,21.98345,0.05099,0.0188,3e-05,14.49219,16.0,0.03183,0.08768,0.10319,0.04986,r_calf:13.5;l_hip_pitch:13.1;l_calf:13.0,0.22897,-8.54146,0.0,-5.00673,0.0,0.04293,-0.19245,-0.69184,-0.32165,0.0,-0.19381,0.0,-0.00303,0.0,1.5011,-0.26297,-0.14099,-0.94598,-2.12467,-0.07467,-0.06718,-0.00258,-0.05694,-0.10333,-64.8297,-3.90842
counterfactual_it3000_rate0p3,3000,failed,B_h1_to_h2,5,0.8,4.292,0.3,0.00159,5.53044,12.63721,20.11462,0.04418,0.02224,1e-05,16.0,16.0,0.06788,0.09353,0.08114,0.054,l_hip_pitch:14.9;r_calf:14.4;r_hip_pitch:13.4,0.09572,-1.31626,0.0,0.47333,0.0,0.07339,-0.11805,-0.52206,-0.00605,0.0,-0.19963,0.0,-0.00356,0.0,2.68011,-0.22186,-0.16187,-0.97018,-2.11273,-0.12875,-0.0259,-0.00199,-0.07045,-0.12629,-5.64937,-1.76981
counterfactual_it3000_rate0p3,3000,failed,C_stabilize,4,0.0,15.415,15.55,0.52721,10.35454,14.2487,29.81288,0.11842,0.05461,0.00023,14.26562,16.0,0.04068,0.12342,0.41092,0.13679,l_thigh:16.0;l_hip_pitch:16.0;r_calf:15.6,0.67532,-12.97426,0.0,-7.5973,0.0,0.1706,-0.38657,-1.76126,-0.13684,0.0,-0.19682,0.0,-0.00261,0.01282,1.00896,-0.60775,-0.13737,-0.92669,-2.04731,-0.06595,-0.10457,-0.00573,-0.18985,-0.31755,-199.9982,-18.34245
counterfactual_it3000_rate0p2,3000,all_valid,A_lift,128,0.5,11.38344,17.19,0.61776,6.83192,9.72887,20.83146,0.06104,0.00783,0.0,9.21875,16.0,0.01252,0.11384,0.37643,0.04512,l_ankle_pitch:10.6;r_calf:10.5;l_calf:10.4,0.45032,-14.88056,0.0,-9.69116,0.0,0.0433,-0.19684,-1.01366,-1.15165,0.0,-0.17681,0.0,-0.00115,0.0,1.08316,-0.28805,-0.12945,-0.9309,-2.27167,-0.02406,-0.10901,-0.00282,-0.01978,-0.04391,-169.39192,-5.77698
counterfactual_it3000_rate0p2,3000,all_valid,B_h1_to_h2,64,0.21875,11.32531,13.56,0.55238,8.68289,10.63657,20.70928,0.11886,0.01906,0.0,13.13281,16.0,0.02568,0.11421,0.48696,0.0664,l_thigh:13.0;r_calf:11.5;l_ankle_roll:11.4,0.54519,-7.3026,0.0,-2.68337,0.0,0.08705,-0.19535,-1.56893,-0.08522,0.0,-0.19789,0.0,-0.00273,0.0,1.01302,-0.43722,-0.13958,-0.91545,-2.00523,-0.06195,-0.06268,-0.0046,-0.04247,-0.10476,-82.70419,-7.69712
counterfactual_it3000_rate0p2,3000,all_valid,C_stabilize,2,0.0,3.35,3.35,0.38802,7.98901,10.22695,17.56919,0.08451,0.01259,0.0,12.875,16.0,0.0392,0.09062,0.16537,0.06901,l_hip_pitch:11.9;l_thigh:11.2;r_hip_pitch:10.9,0.00333,-6.26672,0.0,-2.27666,0.0,0.16264,-0.16297,-1.20504,-0.12232,0.0,-0.19761,0.0,-0.00259,0.01992,1.25249,-0.33518,-0.12468,-0.92836,-2.17477,-0.07672,-0.06077,-0.0035,-0.0306,-0.0732,-20.99352,-1.78304
counterfactual_it3000_rate0p2,3000,all_valid,D_standing,12,nan,9.40333,11.21,0.01195,2.26039,4.48883,18.53793,0.00307,0.00026,0.0,5.63281,16.0,0.00088,0.07301,0.09516,0.04547,r_calf:7.8;l_calf:6.1;r_hip_pitch:5.3,0.00116,9.44576,0.0,1.46715,0.0,4.7018,-0.04593,-0.10116,-0.53158,0.0,-0.04179,0.0,-0.00063,3.95655,2.2736,-0.04025,-0.06954,-0.87983,-1.23105,-0.00073,-0.00991,-0.00012,-0.00081,-0.00179,88.82165,-0.81912
counterfactual_it3000_rate0p2,3000,success,A_lift,10,1.0,5.598,3.55,0.7537,7.51574,10.12732,18.27386,0.07795,0.01113,0.0,9.35156,16.0,0.01177,0.11789,0.27956,0.05205,l_thigh:11.6;r_calf:11.0;l_hip_pitch:10.7,0.62596,-17.04887,0.0,-11.51836,0.0,0.05064,-0.22017,-1.26034,-1.0515,0.0,-0.17806,0.0,-0.00107,0.0,0.85135,-0.34864,-0.12168,-0.86852,-2.21203,-0.01936,-0.11949,-0.0034,-0.02824,-0.06241,-95.43958,-3.3613
counterfactual_it3000_rate0p2,3000,success,B_h1_to_h2,10,1.0,1.33,0.42,1.2619,9.14493,11.08662,19.56001,0.14773,0.02685,0.0,11.51562,16.0,0.02043,0.12405,0.29234,0.17287,l_thigh:13.9;l_ankle_roll:13.0;r_hip_pitch:11.6,0.35864,-14.5279,0.0,-8.78502,0.0,0.32387,-0.31621,-2.39803,-0.18279,0.0,-0.19188,0.0,-0.00189,0.0,0.48714,-0.60115,-0.11315,-0.88271,-1.64785,-0.03616,-0.10029,-0.00664,-0.07514,-0.14629,-19.32211,-1.32885
counterfactual_it3000_rate0p2,3000,success,D_standing,10,nan,11.052,13.23,0.01112,2.20075,4.28325,13.33459,0.00231,0.00014,0.0,5.61719,16.0,0.0008,0.07113,0.09516,0.04465,r_calf:7.1;l_calf:6.0;r_hip_pitch:5.0,0.0154,9.5303,0.0,1.48396,0.0,4.72031,-0.04438,-0.06311,-0.5349,0.0,-0.04093,0.0,-0.00063,3.95456,2.28205,-0.03677,-0.07063,-0.8802,-1.22954,-0.00063,-0.00854,-8e-05,-0.00024,-0.00099,105.32886,-0.90043
counterfactual_it3000_rate0p2,3000,failed,A_lift,118,0.45763,11.87373,17.98,0.61291,6.79961,9.71076,20.83146,0.06036,0.0077,0.0,9.21094,16.0,0.01254,0.11368,0.37643,0.0447,l_ankle_pitch:10.6;r_calf:10.5;l_calf:10.4,0.44314,-14.79392,0.0,-9.61815,0.0,0.04301,-0.19591,-1.00381,-1.15565,0.0,-0.17676,0.0,-0.00116,0.0,1.09242,-0.28563,-0.12976,-0.9334,-2.27406,-0.02425,-0.1086,-0.0028,-0.01944,-0.04317,-175.65904,-5.9817
counterfactual_it3000_rate0p2,3000,failed,B_h1_to_h2,54,0.07407,13.1763,14.78,0.54261,8.67302,10.62738,20.70928,0.11832,0.01891,0.0,13.15625,16.0,0.02578,0.11402,0.48696,0.06507,l_thigh:12.9;r_calf:11.5;l_ankle_roll:11.3,0.55282,-7.16754,0.0,-2.56932,0.0,0.08263,-0.19309,-1.55343,-0.0834,0.0,-0.198,0.0,-0.00275,0.0,1.02285,-0.43416,-0.14008,-0.91607,-2.01191,-0.06243,-0.06198,-0.00456,-0.04186,-0.10398,-94.4416,-8.87643
counterfactual_it3000_rate0p2,3000,failed,C_stabilize,2,0.0,3.35,3.35,0.38802,7.98901,10.22695,17.56919,0.08451,0.01259,0.0,12.875,16.0,0.0392,0.09062,0.16537,0.06901,l_hip_pitch:11.9;l_thigh:11.2;r_hip_pitch:10.9,0.00347,-6.26672,0.0,-2.27666,0.0,0.16264,-0.16297,-1.20504,-0.12232,0.0,-0.19761,0.0,-0.00259,0.01992,1.25249,-0.33518,-0.12468,-0.92836,-2.17477,-0.07672,-0.06077,-0.0035,-0.0306,-0.0732,-20.99352,-1.78304
counterfactual_it3000_rate0p2,3000,failed,D_standing,2,nan,1.16,1.16,0.17429,5.71621,9.1223,18.53793,0.03924,0.00609,0.0,7.05859,16.0,0.00476,0.16275,0.08901,0.07254,l_thigh:13.6;r_hip_pitch:12.0;r_calf:10.6,0.00058,5.41862,0.0,0.66617,0.0,3.81983,-0.11941,-1.91371,-0.37327,0.0,-0.08276,0.0,-0.00092,4.05132,1.87112,-0.20598,-0.01757,-0.86207,-1.30284,-0.00567,-0.07532,-0.00209,-0.02821,-0.04,6.2856,-0.41259
counterfactual_it3000_rate0p1,3000,all_valid,A_lift,128,0.0,17.98,17.98,0.22711,4.06466,5.524,19.40958,0.0018,2e-05,0.0,7.23047,16.0,0.00961,0.07225,0.09222,0.03687,l_ankle_pitch:6.1;r_hip_roll:5.9;l_calf:5.9,1.0,-10.29873,0.0,-5.99326,0.0,0.03271,-0.04132,-0.35119,-1.5746,0.0,-0.16724,0.0,-0.00095,0.0,1.71401,-0.08803,-0.14475,-0.96004,-2.66126,-0.02172,-0.03985,-0.00111,-0.00012,-0.0002,-185.17123,-2.34808
counterfactual_it3000_rate0p1,3000,failed,A_lift,128,0.0,17.98,17.98,0.22711,4.06466,5.524,19.40958,0.0018,2e-05,0.0,7.23047,16.0,0.00961,0.07225,0.09222,0.03687,l_ankle_pitch:6.1;r_hip_roll:5.9;l_calf:5.9,1.0,-10.29873,0.0,-5.99326,0.0,0.03271,-0.04132,-0.35119,-1.5746,0.0,-0.16724,0.0,-0.00095,0.0,1.71401,-0.08803,-0.14475,-0.96004,-2.66126,-0.02172,-0.03985,-0.00111,-0.00012,-0.0002,-185.17123,-2.34808
