run,iteration,phase,joint,steps,target_step_p50_rad,target_step_p95_rad,target_step_max_rad,frac_target_step_ge_0p25,frac_target_at_range_limit,frac_command_beyond_range
it_2500,2500,A_lift,r_hip_pitch,53289,0.0,0.07083,2.11545,0.02329,0.92383,0.92366
it_2500,2500,A_lift,r_hip_roll,53289,0.0,0.0001,0.62,0.00276,0.86121,0.86104
it_2500,2500,A_lift,r_thigh,53289,0.0,0.0,0.34732,0.00015,0.99917,0.99917
it_2500,2500,A_lift,r_calf,53289,0.0,0.38302,1.65396,0.09769,0.72294,0.72255
it_2500,2500,A_lift,r_ankle_pitch,53289,0.09474,0.40646,1.57502,0.16758,0.062,0.062
it_2500,2500,A_lift,r_ankle_roll,53289,0.0,0.0,0.85144,0.00591,0.98705,0.98705
it_2500,2500,A_lift,l_hip_pitch,53289,0.0,0.01008,1.74433,0.01959,0.95363,0.95363
it_2500,2500,A_lift,l_hip_roll,53289,0.0,0.0,0.54135,0.00276,0.99542,0.99542
it_2500,2500,A_lift,l_thigh,53289,0.0,0.0,0.86965,0.01036,0.98013,0.98011
it_2500,2500,A_lift,l_calf,53289,0.05733,0.84685,1.93341,0.23277,0.43902,0.43883
it_2500,2500,A_lift,l_ankle_pitch,53289,0.09631,0.60289,1.37244,0.25452,0.30436,0.30436
it_2500,2500,A_lift,l_ankle_roll,53289,0.0,0.0,1.082,0.01347,0.97773,0.97773
it_2500,2500,B_h1_to_h2,r_hip_pitch,31343,0.0,0.25749,2.01071,0.05095,0.89165,0.89149
it_2500,2500,B_h1_to_h2,r_hip_roll,31343,0.0,0.06039,0.62,0.00871,0.75009,0.74951
it_2500,2500,B_h1_to_h2,r_thigh,31343,0.0,0.0,0.43961,0.00032,0.99247,0.99247
it_2500,2500,B_h1_to_h2,r_calf,31343,0.0,0.49915,1.55494,0.13387,0.60773,0.6077
it_2500,2500,B_h1_to_h2,r_ankle_pitch,31343,0.03061,0.39735,1.8,0.13046,0.16077,0.16077
it_2500,2500,B_h1_to_h2,r_ankle_roll,31343,0.0,0.0,0.99248,0.00396,0.99247,0.99247
it_2500,2500,B_h1_to_h2,l_hip_pitch,31343,0.0,0.22767,1.77503,0.04448,0.87206,0.87206
it_2500,2500,B_h1_to_h2,l_hip_roll,31343,0.0,0.0,0.11378,0.0,0.99981,0.99981
it_2500,2500,B_h1_to_h2,l_thigh,31343,0.0,0.07775,0.9,0.01972,0.94847,0.94844
it_2500,2500,B_h1_to_h2,l_calf,31343,0.0,0.60099,1.63027,0.12934,0.68861,0.68854
it_2500,2500,B_h1_to_h2,l_ankle_pitch,31343,0.0,0.47615,1.59768,0.13764,0.62167,0.62167
it_2500,2500,B_h1_to_h2,l_ankle_roll,31343,0.0,0.14226,1.1,0.03296,0.92464,0.92461
it_2500,2500,C_stabilize,r_hip_pitch,5565,0.0,0.24737,1.94123,0.0496,0.78131,0.78113
it_2500,2500,C_stabilize,r_hip_roll,5565,0.0,0.00018,0.56304,0.00467,0.88356,0.88356
it_2500,2500,C_stabilize,r_thigh,5565,0.0,0.0,0.32307,0.00072,0.98491,0.98491
it_2500,2500,C_stabilize,r_calf,5565,0.0,0.50655,1.27786,0.14465,0.67727,0.67709
it_2500,2500,C_stabilize,r_ankle_pitch,5565,0.07858,0.40962,1.60923,0.15975,0.17502,0.17502
it_2500,2500,C_stabilize,r_ankle_roll,5565,0.0,0.0,1.1,0.00755,0.98527,0.98527
it_2500,2500,C_stabilize,l_hip_pitch,5565,0.0,0.24709,1.23861,0.04942,0.7664,0.7664
it_2500,2500,C_stabilize,l_hip_roll,5565,0.0,0.0,0.0,0.0,1.0,1.0
it_2500,2500,C_stabilize,l_thigh,5565,0.0,0.0,0.68141,0.01438,0.96388,0.96388
it_2500,2500,C_stabilize,l_calf,5565,0.06615,0.7666,1.65456,0.22516,0.39353,0.39353
it_2500,2500,C_stabilize,l_ankle_pitch,5565,0.07806,0.56786,1.69363,0.22785,0.30045,0.30045
it_2500,2500,C_stabilize,l_ankle_roll,5565,0.0,0.0,1.1,0.02138,0.96676,0.96676
it_2500,2500,D_standing,r_hip_pitch,24747,0.00741,0.16368,1.3784,0.0078,0.01895,0.01895
it_2500,2500,D_standing,r_hip_roll,24747,0.0,0.0,0.51497,0.00028,0.99855,0.99855
it_2500,2500,D_standing,r_thigh,24747,0.0,0.0,0.0,0.0,1.0,1.0
it_2500,2500,D_standing,r_calf,24747,0.0,0.11589,1.33097,0.01576,0.65576,0.65543
it_2500,2500,D_standing,r_ankle_pitch,24747,0.01366,0.37872,1.37073,0.16172,0.01216,0.01212
it_2500,2500,D_standing,r_ankle_roll,24747,0.0,0.0,0.0,0.0,1.0,1.0
it_2500,2500,D_standing,l_hip_pitch,24747,0.00922,0.21249,1.47508,0.03176,0.01806,0.01806
it_2500,2500,D_standing,l_hip_roll,24747,0.0,0.0,0.0,0.0,1.0,1.0
it_2500,2500,D_standing,l_thigh,24747,0.0,0.0,0.9,0.00093,0.99648,0.99648
it_2500,2500,D_standing,l_calf,24747,0.01241,0.30807,0.95495,0.0874,0.03253,0.03249
it_2500,2500,D_standing,l_ankle_pitch,24747,0.0097,0.44231,1.61221,0.17077,0.04045,0.04029
it_2500,2500,D_standing,l_ankle_roll,24747,0.0,0.0,0.73728,0.00129,0.99766,0.99766
it_2500,2500,first_policy_step,r_hip_pitch,128,1.53832,1.9909,2.17539,0.99219,0.78125,0.78125
it_2500,2500,first_policy_step,r_hip_roll,128,0.2139,0.62,0.62,0.42969,0.63281,0.63281
it_2500,2500,first_policy_step,r_thigh,128,0.37671,0.9,0.9,0.61719,0.57812,0.57812
it_2500,2500,first_policy_step,r_calf,128,0.51594,1.28223,1.51153,0.71875,0.07031,0.07031
it_2500,2500,first_policy_step,r_ankle_pitch,128,0.42025,1.33204,1.63029,0.71094,0.53906,0.53906
it_2500,2500,first_policy_step,r_ankle_roll,128,0.38039,1.06188,1.1,0.58594,0.49219,0.49219
it_2500,2500,first_policy_step,l_hip_pitch,128,1.46204,1.97618,2.09339,0.98438,0.70312,0.70312
it_2500,2500,first_policy_step,l_hip_roll,128,0.34239,0.62,0.62,0.60938,0.50781,0.50781
it_2500,2500,first_policy_step,l_thigh,128,0.25035,0.73249,0.9,0.5,0.53906,0.53125
it_2500,2500,first_policy_step,l_calf,128,0.76954,1.16282,1.65733,0.88281,0.29688,0.29688
it_2500,2500,first_policy_step,l_ankle_pitch,128,0.53282,1.24871,1.42615,0.77344,0.05469,0.05469
it_2500,2500,first_policy_step,l_ankle_roll,128,0.37655,0.70028,0.78742,0.67969,0.47656,0.47656
it_3000,3000,A_lift,r_hip_pitch,2403,0.1145,0.7662,1.63973,0.26633,0.25843,0.25843
it_3000,3000,A_lift,r_hip_roll,2403,0.0,0.13701,0.62,0.03163,0.95589,0.95547
it_3000,3000,A_lift,r_thigh,2403,0.0,0.0,0.24063,0.0,0.99958,0.99958
it_3000,3000,A_lift,r_calf,2403,0.0,1.15557,2.10953,0.3042,0.68623,0.68623
it_3000,3000,A_lift,r_ankle_pitch,2403,0.08722,0.55455,1.3126,0.23554,0.39576,0.39576
it_3000,3000,A_lift,r_ankle_roll,2403,0.0,0.56455,1.1,0.12276,0.87349,0.87349
it_3000,3000,A_lift,l_hip_pitch,2403,0.0,0.55194,1.0966,0.0903,0.85185,0.85185
it_3000,3000,A_lift,l_hip_roll,2403,0.0,0.39164,0.62,0.06242,0.96837,0.96837
it_3000,3000,A_lift,l_thigh,2403,0.0,0.0,0.9,0.02081,0.97337,0.97337
it_3000,3000,A_lift,l_calf,2403,0.0,1.29403,1.85124,0.33208,0.67665,0.67624
it_3000,3000,A_lift,l_ankle_pitch,2403,0.13838,0.8444,1.60614,0.37079,0.43612,0.43612
it_3000,3000,A_lift,l_ankle_roll,2403,0.0,0.16682,0.85366,0.0362,0.94548,0.94548
it_3000,3000,B_h1_to_h2,r_hip_pitch,1191,0.15304,1.0912,2.11756,0.37364,0.24181,0.24181
it_3000,3000,B_h1_to_h2,r_hip_roll,1191,0.0,0.0,0.62,0.00756,0.98741,0.98741
it_3000,3000,B_h1_to_h2,r_thigh,1191,0.0,0.0,0.0,0.0,1.0,1.0
it_3000,3000,B_h1_to_h2,r_calf,1191,0.21864,1.12139,1.68815,0.47019,0.43577,0.43577
it_3000,3000,B_h1_to_h2,r_ankle_pitch,1191,0.01138,0.99388,1.57474,0.28799,0.61797,0.61797
it_3000,3000,B_h1_to_h2,r_ankle_roll,1191,0.0,0.0,0.68616,0.0042,0.98657,0.98657
it_3000,3000,B_h1_to_h2,l_hip_pitch,1191,0.13575,0.8693,1.8386,0.33753,0.38875,0.38875
it_3000,3000,B_h1_to_h2,l_hip_roll,1191,0.0,0.0,0.53472,0.00756,0.99748,0.99748
it_3000,3000,B_h1_to_h2,l_thigh,1191,0.0,0.46094,0.9,0.13938,0.8262,0.8262
it_3000,3000,B_h1_to_h2,l_calf,1191,0.03108,0.844,1.54532,0.34173,0.49538,0.49538
it_3000,3000,B_h1_to_h2,l_ankle_pitch,1191,0.0,0.71805,1.65316,0.20907,0.56675,0.56675
it_3000,3000,B_h1_to_h2,l_ankle_roll,1191,0.0,0.0,1.1,0.01343,0.98405,0.98405
it_3000,3000,C_stabilize,r_hip_pitch,2325,0.07739,0.55355,1.93809,0.21247,0.24946,0.24946
it_3000,3000,C_stabilize,r_hip_roll,2325,0.0,0.05804,0.62,0.01548,0.95871,0.95871
it_3000,3000,C_stabilize,r_thigh,2325,0.0,0.0,0.0,0.0,1.0,1.0
it_3000,3000,C_stabilize,r_calf,2325,0.00845,0.73389,1.66694,0.24172,0.55871,0.55871
it_3000,3000,C_stabilize,r_ankle_pitch,2325,0.03476,0.71101,1.8,0.21161,0.44903,0.44903
it_3000,3000,C_stabilize,r_ankle_roll,2325,0.0,0.04237,1.1,0.02065,0.95828,0.95828
it_3000,3000,C_stabilize,l_hip_pitch,2325,0.04897,0.50648,1.27187,0.17161,0.33032,0.33032
it_3000,3000,C_stabilize,l_hip_roll,2325,0.0,0.0,0.62,0.00516,0.98753,0.98753
it_3000,3000,C_stabilize,l_thigh,2325,0.0,0.19073,0.9,0.03957,0.93806,0.93806
it_3000,3000,C_stabilize,l_calf,2325,0.0438,0.64313,1.70931,0.22925,0.44301,0.44301
it_3000,3000,C_stabilize,l_ankle_pitch,2325,0.03313,0.56587,1.48798,0.22581,0.44645,0.44645
it_3000,3000,C_stabilize,l_ankle_roll,2325,0.0,0.0,1.1,0.02151,0.97204,0.97204
it_3000,3000,D_standing,r_hip_pitch,109025,0.00016,0.17439,1.2259,0.01457,0.00085,0.00085
it_3000,3000,D_standing,r_hip_roll,109025,0.0,0.0,0.5791,3e-05,0.99975,0.99975
it_3000,3000,D_standing,r_thigh,109025,0.0,0.0,0.0,0.0,1.0,1.0
it_3000,3000,D_standing,r_calf,109025,0.0,0.00029,1.57032,0.00813,0.88094,0.88088
it_3000,3000,D_standing,r_ankle_pitch,109025,0.00011,0.2753,1.38639,0.06266,0.00612,0.00612
it_3000,3000,D_standing,r_ankle_roll,109025,0.0,0.0,0.74702,1e-05,0.99983,0.99983
it_3000,3000,D_standing,l_hip_pitch,109025,0.00021,0.20417,1.05705,0.02444,0.00083,0.00083
it_3000,3000,D_standing,l_hip_roll,109025,0.0,0.0,0.54108,5e-05,0.99982,0.99982
it_3000,3000,D_standing,l_thigh,109025,0.0,0.0,0.84971,0.00012,0.99957,0.99957
it_3000,3000,D_standing,l_calf,109025,0.00034,0.25741,0.93734,0.05525,0.04502,0.04498
it_3000,3000,D_standing,l_ankle_pitch,109025,0.00014,0.31371,1.40592,0.08061,0.00255,0.00254
it_3000,3000,D_standing,l_ankle_roll,109025,0.0,0.0,1.1,0.0001,0.99989,0.99989
it_3000,3000,first_policy_step,r_hip_pitch,128,1.53322,2.01306,2.17539,0.98438,0.78125,0.78125
it_3000,3000,first_policy_step,r_hip_roll,128,0.25537,0.62,0.62,0.50781,0.65625,0.65625
it_3000,3000,first_policy_step,r_thigh,128,0.40891,0.9,0.9,0.64844,0.79688,0.79688
it_3000,3000,first_policy_step,r_calf,128,0.65033,1.07229,1.38802,0.82812,0.78906,0.78906
it_3000,3000,first_policy_step,r_ankle_pitch,128,0.55374,1.79402,1.8,0.75,0.54688,0.54688
it_3000,3000,first_policy_step,r_ankle_roll,128,0.46579,1.0618,1.1,0.82812,0.48438,0.48438
it_3000,3000,first_policy_step,l_hip_pitch,128,1.51995,2.00502,2.09382,0.98438,0.86719,0.86719
it_3000,3000,first_policy_step,l_hip_roll,128,0.22879,0.62,0.62,0.47656,0.72656,0.72656
it_3000,3000,first_policy_step,l_thigh,128,0.19897,0.78468,0.9,0.46094,0.79688,0.79688
it_3000,3000,first_policy_step,l_calf,128,0.29823,0.97442,1.19465,0.5625,0.36719,0.36719
it_3000,3000,first_policy_step,l_ankle_pitch,128,1.10642,1.76155,1.8,0.92969,0.44531,0.44531
it_3000,3000,first_policy_step,l_ankle_roll,128,0.32416,0.72747,0.86415,0.63281,0.4375,0.4375
it_3500,3500,A_lift,r_hip_pitch,1759,0.08251,0.91584,1.6234,0.35247,0.44628,0.44628
it_3500,3500,A_lift,r_hip_roll,1759,0.0,0.406,0.62,0.10972,0.86924,0.86924
it_3500,3500,A_lift,r_thigh,1759,0.0,0.0,0.31463,0.00341,0.99886,0.99886
it_3500,3500,A_lift,r_calf,1759,0.0,1.1915,2.0644,0.29619,0.73053,0.73053
it_3500,3500,A_lift,r_ankle_pitch,1759,0.0,0.74738,1.64579,0.26151,0.67993,0.67993
it_3500,3500,A_lift,r_ankle_roll,1759,0.0,0.84546,1.1,0.19841,0.87379,0.87379
it_3500,3500,A_lift,l_hip_pitch,1759,0.0,0.79676,1.38359,0.25355,0.63729,0.63729
it_3500,3500,A_lift,l_hip_roll,1759,0.0,0.47155,0.62,0.09096,0.94883,0.94883
it_3500,3500,A_lift,l_thigh,1759,0.0,0.24136,0.9,0.04832,0.95338,0.95338
it_3500,3500,A_lift,l_calf,1759,0.0,1.14321,1.44295,0.28425,0.71291,0.71291
it_3500,3500,A_lift,l_ankle_pitch,1759,0.0,0.95046,1.35051,0.25981,0.70893,0.70893
it_3500,3500,A_lift,l_ankle_roll,1759,0.0,0.0148,1.07835,0.03468,0.96646,0.96646
it_3500,3500,B_h1_to_h2,r_hip_pitch,1239,0.11968,0.74713,2.17721,0.32849,0.22841,0.22841
it_3500,3500,B_h1_to_h2,r_hip_roll,1239,0.0,0.0,0.62,0.02421,0.98224,0.98224
it_3500,3500,B_h1_to_h2,r_thigh,1239,0.0,0.0,0.0,0.0,1.0,1.0
it_3500,3500,B_h1_to_h2,r_calf,1239,0.12813,0.86792,1.35981,0.34948,0.37692,0.37692
it_3500,3500,B_h1_to_h2,r_ankle_pitch,1239,0.0,0.69615,1.8,0.22599,0.66344,0.66344
it_3500,3500,B_h1_to_h2,r_ankle_roll,1239,0.0,0.13885,1.1,0.03228,0.95884,0.95884
it_3500,3500,B_h1_to_h2,l_hip_pitch,1239,0.15568,0.82516,1.74173,0.33656,0.33979,0.33979
it_3500,3500,B_h1_to_h2,l_hip_roll,1239,0.0,0.0,0.62,0.01291,0.98789,0.98789
it_3500,3500,B_h1_to_h2,l_thigh,1239,0.0,0.41134,0.9,0.08555,0.89831,0.89831
it_3500,3500,B_h1_to_h2,l_calf,1239,0.0,0.7313,1.63283,0.23487,0.59806,0.59806
it_3500,3500,B_h1_to_h2,l_ankle_pitch,1239,0.0,0.49832,1.26799,0.11784,0.65698,0.65698
it_3500,3500,B_h1_to_h2,l_ankle_roll,1239,0.0,0.0,1.1,0.03148,0.97175,0.97175
it_3500,3500,C_stabilize,r_hip_pitch,1182,0.08567,0.59767,1.38346,0.19797,0.11083,0.11083
it_3500,3500,C_stabilize,r_hip_roll,1182,0.0,0.0,0.62,0.01184,0.98731,0.98731
it_3500,3500,C_stabilize,r_thigh,1182,0.0,0.0,0.0,0.0,1.0,1.0
it_3500,3500,C_stabilize,r_calf,1182,0.0622,0.61596,1.32632,0.21489,0.46785,0.46785
it_3500,3500,C_stabilize,r_ankle_pitch,1182,0.00569,0.75527,1.55544,0.21235,0.54061,0.54061
it_3500,3500,C_stabilize,r_ankle_roll,1182,0.0,0.0,1.1,0.01861,0.98816,0.98816
it_3500,3500,C_stabilize,l_hip_pitch,1182,0.10554,0.66461,1.70627,0.26396,0.12437,0.12437
it_3500,3500,C_stabilize,l_hip_roll,1182,0.0,0.0,0.0,0.0,1.0,1.0
it_3500,3500,C_stabilize,l_thigh,1182,0.0,0.0,0.9,0.022,0.97377,0.97377
it_3500,3500,C_stabilize,l_calf,1182,0.08597,0.59646,1.43123,0.25212,0.24873,0.24788
it_3500,3500,C_stabilize,l_ankle_pitch,1182,0.02943,0.46141,1.8,0.17343,0.39932,0.39932
it_3500,3500,C_stabilize,l_ankle_roll,1182,0.0,0.0,1.1,0.01015,0.98393,0.98393
it_3500,3500,D_standing,r_hip_pitch,110764,0.03175,0.19729,1.65172,0.02396,0.00104,0.00104
it_3500,3500,D_standing,r_hip_roll,110764,0.0,0.0,0.62,7e-05,0.99995,0.99995
it_3500,3500,D_standing,r_thigh,110764,0.0,0.0,0.0,0.0,1.0,1.0
it_3500,3500,D_standing,r_calf,110764,0.0,0.02636,1.06221,0.00462,0.93659,0.93649
it_3500,3500,D_standing,r_ankle_pitch,110764,0.06076,0.40867,1.75039,0.1773,0.00824,0.00824
it_3500,3500,D_standing,r_ankle_roll,110764,0.0,0.0,0.99507,9e-05,0.99986,0.99986
it_3500,3500,D_standing,l_hip_pitch,110764,0.03237,0.25664,1.28505,0.05366,0.00079,0.00079
it_3500,3500,D_standing,l_hip_roll,110764,0.0,0.0,0.0,0.0,1.0,1.0
it_3500,3500,D_standing,l_thigh,110764,0.0,0.0,0.9,9e-05,0.99992,0.99992
it_3500,3500,D_standing,l_calf,110764,0.06089,0.33327,1.63781,0.12125,0.03121,0.03117
it_3500,3500,D_standing,l_ankle_pitch,110764,0.07639,0.44733,1.8,0.19781,0.04653,0.04649
it_3500,3500,D_standing,l_ankle_roll,110764,0.0,0.0,1.1,8e-05,0.99995,0.99995
it_3500,3500,first_policy_step,r_hip_pitch,128,1.53303,2.0553,2.20477,0.99219,0.82031,0.82031
it_3500,3500,first_policy_step,r_hip_roll,128,0.40111,0.62,0.62,0.625,0.78125,0.78125
it_3500,3500,first_policy_step,r_thigh,128,0.42481,0.85396,0.9,0.64844,0.80469,0.80469
it_3500,3500,first_policy_step,r_calf,128,0.67535,1.07229,1.38802,0.86719,0.86719,0.86719
it_3500,3500,first_policy_step,r_ankle_pitch,128,0.4133,0.9221,1.24435,0.64062,0.46094,0.46094
it_3500,3500,first_policy_step,r_ankle_roll,128,0.39654,1.02759,1.1,0.60938,0.5625,0.5625
it_3500,3500,first_policy_step,l_hip_pitch,128,1.52454,2.00501,2.09401,0.99219,0.89844,0.89844
it_3500,3500,first_policy_step,l_hip_roll,128,0.12387,0.58337,0.62,0.32031,0.76562,0.76562
it_3500,3500,first_policy_step,l_thigh,128,0.19465,0.78472,0.9,0.46094,0.76562,0.76562
it_3500,3500,first_policy_step,l_calf,128,0.66839,1.00237,1.21941,0.86719,0.57812,0.57812
it_3500,3500,first_policy_step,l_ankle_pitch,128,1.16506,1.8,1.8,0.92969,0.52344,0.52344
it_3500,3500,first_policy_step,l_ankle_roll,128,0.39517,0.7556,1.09855,0.6875,1.0,1.0
it_4000,4000,A_lift,r_hip_pitch,1250,0.10472,1.16147,1.68468,0.3976,0.4368,0.4368
it_4000,4000,A_lift,r_hip_roll,1250,0.0,0.30298,0.62,0.0672,0.8632,0.8616
it_4000,4000,A_lift,r_thigh,1250,0.0,0.04433,0.58241,0.028,0.9864,0.9864
it_4000,4000,A_lift,r_calf,1250,0.0,1.23393,2.27381,0.3184,0.7008,0.7
it_4000,4000,A_lift,r_ankle_pitch,1250,0.23189,0.83549,1.58676,0.4848,0.304,0.304
it_4000,4000,A_lift,r_ankle_roll,1250,0.0,0.98062,1.1,0.1776,0.9104,0.9104
it_4000,4000,A_lift,l_hip_pitch,1250,0.0,1.14517,1.56606,0.3136,0.66,0.66
it_4000,4000,A_lift,l_hip_roll,1250,0.0,0.49735,0.62,0.1056,0.9128,0.9128
it_4000,4000,A_lift,l_thigh,1250,0.0,0.05506,0.89381,0.0312,0.9688,0.9688
it_4000,4000,A_lift,l_calf,1250,0.0016,1.2589,1.67395,0.3608,0.6272,0.6272
it_4000,4000,A_lift,l_ankle_pitch,1250,0.0,1.0073,1.75426,0.2992,0.6816,0.6816
it_4000,4000,A_lift,l_ankle_roll,1250,0.0,0.0,1.1,0.0072,0.9856,0.9856
it_4000,4000,B_h1_to_h2,r_hip_pitch,648,0.1356,0.76711,1.45104,0.23302,0.13117,0.13117
it_4000,4000,B_h1_to_h2,r_hip_roll,648,0.0,0.0,0.62,0.00926,0.9892,0.9892
it_4000,4000,B_h1_to_h2,r_thigh,648,0.0,0.0,0.0,0.0,1.0,1.0
it_4000,4000,B_h1_to_h2,r_calf,648,0.15919,0.8348,1.20089,0.39969,0.34414,0.34414
it_4000,4000,B_h1_to_h2,r_ankle_pitch,648,0.0146,0.59113,1.10679,0.20216,0.58642,0.58488
it_4000,4000,B_h1_to_h2,r_ankle_roll,648,0.0,0.0,0.90741,0.02006,0.98302,0.98302
it_4000,4000,B_h1_to_h2,l_hip_pitch,648,0.11972,0.70697,1.44256,0.21451,0.25926,0.25926
it_4000,4000,B_h1_to_h2,l_hip_roll,648,0.0,0.382,0.62,0.06481,0.97222,0.97222
it_4000,4000,B_h1_to_h2,l_thigh,648,0.0,0.31519,0.9,0.06173,0.91358,0.91358
it_4000,4000,B_h1_to_h2,l_calf,648,0.0,0.56487,1.12647,0.20988,0.54475,0.54475
it_4000,4000,B_h1_to_h2,l_ankle_pitch,648,0.0,0.37684,1.17353,0.10802,0.67747,0.67747
it_4000,4000,B_h1_to_h2,l_ankle_roll,648,0.0,0.08028,0.83273,0.03086,0.96142,0.96142
it_4000,4000,C_stabilize,r_hip_pitch,1829,0.09934,0.59681,1.71366,0.20776,0.15637,0.15637
it_4000,4000,C_stabilize,r_hip_roll,1829,0.0,0.0,0.62,0.01695,0.98305,0.98305
it_4000,4000,C_stabilize,r_thigh,1829,0.0,0.0,0.0,0.0,1.0,1.0
it_4000,4000,C_stabilize,r_calf,1829,0.04041,0.71508,1.50443,0.27009,0.50847,0.50847
it_4000,4000,C_stabilize,r_ankle_pitch,1829,0.02697,0.59664,1.72376,0.17879,0.46911,0.46856
it_4000,4000,C_stabilize,r_ankle_roll,1829,0.0,0.11297,1.1,0.03445,0.96774,0.96774
it_4000,4000,C_stabilize,l_hip_pitch,1829,0.10633,0.60669,1.47014,0.23401,0.18043,0.18043
it_4000,4000,C_stabilize,l_hip_roll,1829,0.0,0.0,0.62,0.00601,0.99235,0.99235
it_4000,4000,C_stabilize,l_thigh,1829,0.0,0.10629,0.9,0.02788,0.95899,0.95899
it_4000,4000,C_stabilize,l_calf,1829,0.09946,0.6249,1.45956,0.26955,0.27884,0.27884
it_4000,4000,C_stabilize,l_ankle_pitch,1829,0.03723,0.53281,1.8,0.19245,0.41006,0.40842
it_4000,4000,C_stabilize,l_ankle_roll,1829,0.0,0.0,1.1,0.01695,0.9825,0.9825
it_4000,4000,D_standing,r_hip_pitch,111217,0.01972,0.18683,1.68138,0.0076,0.0009,0.0009
it_4000,4000,D_standing,r_hip_roll,111217,0.0,0.0,0.62,5e-05,0.99996,0.99996
it_4000,4000,D_standing,r_thigh,111217,0.0,0.0,0.0,0.0,1.0,1.0
it_4000,4000,D_standing,r_calf,111217,0.0,0.00123,1.73871,0.00372,0.8945,0.89445
it_4000,4000,D_standing,r_ankle_pitch,111217,0.04117,0.37863,1.24792,0.1606,0.00473,0.00473
it_4000,4000,D_standing,r_ankle_roll,111217,0.0,0.0,0.82897,9e-05,0.9998,0.9998
it_4000,4000,D_standing,l_hip_pitch,111217,0.02349,0.20652,1.33467,0.02173,0.00082,0.00082
it_4000,4000,D_standing,l_hip_roll,111217,0.0,0.0,0.62,4e-05,0.99997,0.99997
it_4000,4000,D_standing,l_thigh,111217,0.0,0.0,0.9,0.00011,0.99993,0.99993
it_4000,4000,D_standing,l_calf,111217,0.04932,0.31093,1.25968,0.08975,0.0045,0.0045
it_4000,4000,D_standing,l_ankle_pitch,111217,0.04641,0.42217,1.35394,0.17602,0.02547,0.02543
it_4000,4000,D_standing,l_ankle_roll,111217,0.0,0.0,1.1,7e-05,0.99996,0.99996
it_4000,4000,first_policy_step,r_hip_pitch,128,1.48492,2.07586,2.35235,0.99219,0.64062,0.64062
it_4000,4000,first_policy_step,r_hip_roll,128,0.31845,0.62,0.62,0.54688,0.75781,0.75781
it_4000,4000,first_policy_step,r_thigh,128,0.2951,0.72361,0.88532,0.55469,0.57031,0.57031
it_4000,4000,first_policy_step,r_calf,128,0.70661,1.12163,1.38804,0.88281,0.92969,0.92969
it_4000,4000,first_policy_step,r_ankle_pitch,128,0.39073,0.91726,1.12244,0.67969,0.14062,0.14062
it_4000,4000,first_policy_step,r_ankle_roll,128,0.54562,0.99361,1.1,0.78125,0.5625,0.5625
it_4000,4000,first_policy_step,l_hip_pitch,128,1.51665,2.00502,2.16236,0.99219,0.84375,0.84375
it_4000,4000,first_policy_step,l_hip_roll,128,0.12091,0.51123,0.62,0.32812,0.76562,0.76562
it_4000,4000,first_policy_step,l_thigh,128,0.26834,0.83898,0.9,0.51562,0.8125,0.8125
it_4000,4000,first_policy_step,l_calf,128,0.72288,1.05881,1.30354,0.89844,0.78906,0.78906
it_4000,4000,first_policy_step,l_ankle_pitch,128,1.11527,1.74585,1.8,0.89062,0.47656,0.47656
it_4000,4000,first_policy_step,l_ankle_roll,128,0.39517,0.75556,1.09875,0.6875,1.0,1.0
it_4500,4500,A_lift,r_hip_pitch,1271,0.05477,1.20657,1.81458,0.3989,0.52872,0.52872
it_4500,4500,A_lift,r_hip_roll,1271,0.0,0.29471,0.62,0.0653,0.90165,0.90165
it_4500,4500,A_lift,r_thigh,1271,0.0,0.21955,0.69945,0.04406,0.96381,0.96381
it_4500,4500,A_lift,r_calf,1271,0.0,1.26722,2.3,0.27459,0.74666,0.74666
it_4500,4500,A_lift,r_ankle_pitch,1271,0.20109,0.98462,1.52972,0.45476,0.44138,0.44138
it_4500,4500,A_lift,r_ankle_roll,1271,0.0,0.78401,1.1,0.20456,0.83871,0.83871
it_4500,4500,A_lift,l_hip_pitch,1271,0.0,1.22855,1.55051,0.30291,0.63572,0.63572
it_4500,4500,A_lift,l_hip_roll,1271,0.0,0.38095,0.62,0.07474,0.93076,0.93076
it_4500,4500,A_lift,l_thigh,1271,0.0,0.09483,0.82179,0.03541,0.95594,0.95594
it_4500,4500,A_lift,l_calf,1271,0.0,1.31884,1.96342,0.3273,0.62313,0.62313
it_4500,4500,A_lift,l_ankle_pitch,1271,0.00706,1.11873,1.8,0.33045,0.63808,0.63729
it_4500,4500,A_lift,l_ankle_roll,1271,0.0,0.0,0.0,0.0,1.0,1.0
it_4500,4500,B_h1_to_h2,r_hip_pitch,544,0.14413,0.6692,1.3777,0.25735,0.0625,0.0625
it_4500,4500,B_h1_to_h2,r_hip_roll,544,0.0,0.0,0.4782,0.00551,0.99632,0.99632
it_4500,4500,B_h1_to_h2,r_thigh,544,0.0,0.0,0.0,0.0,1.0,1.0
it_4500,4500,B_h1_to_h2,r_calf,544,0.13068,0.84166,1.54782,0.34743,0.35662,0.35662
it_4500,4500,B_h1_to_h2,r_ankle_pitch,544,0.0,0.45163,1.40682,0.10846,0.76654,0.76654
it_4500,4500,B_h1_to_h2,r_ankle_roll,544,0.0,0.0,0.86761,0.00919,0.99265,0.99265
it_4500,4500,B_h1_to_h2,l_hip_pitch,544,0.14466,0.64365,1.67134,0.21324,0.08456,0.08456
it_4500,4500,B_h1_to_h2,l_hip_roll,544,0.0,0.18782,0.62,0.04412,0.98713,0.98713
it_4500,4500,B_h1_to_h2,l_thigh,544,0.0,0.15582,0.76908,0.03676,0.95221,0.95221
it_4500,4500,B_h1_to_h2,l_calf,544,0.01767,0.45571,1.37698,0.18382,0.48529,0.48529
it_4500,4500,B_h1_to_h2,l_ankle_pitch,544,0.0,0.31384,1.05759,0.07353,0.71691,0.71691
it_4500,4500,B_h1_to_h2,l_ankle_roll,544,0.0,0.0,0.0,0.0,1.0,1.0
it_4500,4500,C_stabilize,r_hip_pitch,1341,0.08258,0.51804,1.62918,0.20507,0.09769,0.09769
it_4500,4500,C_stabilize,r_hip_roll,1341,0.0,0.0,0.54961,0.00671,0.99031,0.99031
it_4500,4500,C_stabilize,r_thigh,1341,0.0,0.0,0.0,0.0,1.0,1.0
it_4500,4500,C_stabilize,r_calf,1341,0.0,0.64409,1.53116,0.21775,0.64802,0.64802
it_4500,4500,C_stabilize,r_ankle_pitch,1341,0.00076,0.50939,1.5772,0.12528,0.55481,0.55481
it_4500,4500,C_stabilize,r_ankle_roll,1341,0.0,0.0,1.1,0.02834,0.97987,0.97987
it_4500,4500,C_stabilize,l_hip_pitch,1341,0.08023,0.51399,2.27808,0.18494,0.09993,0.09993
it_4500,4500,C_stabilize,l_hip_roll,1341,0.0,0.0,0.62,0.00298,0.99851,0.99851
it_4500,4500,C_stabilize,l_thigh,1341,0.0,0.0,0.9,0.01044,0.99105,0.99105
it_4500,4500,C_stabilize,l_calf,1341,0.0883,0.56105,1.37534,0.24758,0.1566,0.1566
it_4500,4500,C_stabilize,l_ankle_pitch,1341,0.03809,0.60266,1.8,0.1909,0.32289,0.32215
it_4500,4500,C_stabilize,l_ankle_roll,1341,0.0,0.0,0.8998,0.00224,0.99776,0.99776
it_4500,4500,D_standing,r_hip_pitch,111788,0.01723,0.19532,0.96539,0.01499,0.0,0.0
it_4500,4500,D_standing,r_hip_roll,111788,0.0,0.0,0.0,0.0,1.0,1.0
it_4500,4500,D_standing,r_thigh,111788,0.0,0.0,0.0,0.0,1.0,1.0
it_4500,4500,D_standing,r_calf,111788,0.0,0.0,1.21968,0.00322,0.99373,0.99373
it_4500,4500,D_standing,r_ankle_pitch,111788,0.03319,0.47337,1.28608,0.21264,0.00963,0.00955
it_4500,4500,D_standing,r_ankle_roll,111788,0.0,0.0,0.0,0.0,1.0,1.0
it_4500,4500,D_standing,l_hip_pitch,111788,0.0198,0.20979,1.13976,0.02364,0.0,0.0
it_4500,4500,D_standing,l_hip_roll,111788,0.0,0.0,0.0,0.0,1.0,1.0
it_4500,4500,D_standing,l_thigh,111788,0.0,0.0,0.0,0.0,1.0,1.0
it_4500,4500,D_standing,l_calf,111788,0.02885,0.25485,1.10357,0.05556,0.01809,0.01805
it_4500,4500,D_standing,l_ankle_pitch,111788,0.0327,0.43768,1.33356,0.1909,0.0407,0.04066
it_4500,4500,D_standing,l_ankle_roll,111788,0.0,0.0,0.0,0.0,1.0,1.0
it_4500,4500,first_policy_step,r_hip_pitch,128,1.52401,2.04316,2.20477,0.98438,0.69531,0.69531
it_4500,4500,first_policy_step,r_hip_roll,128,0.22901,0.62,0.62,0.48438,0.69531,0.69531
it_4500,4500,first_policy_step,r_thigh,128,0.15606,0.5604,0.83795,0.35156,0.48438,0.48438
it_4500,4500,first_policy_step,r_calf,128,0.68221,1.09413,1.38802,0.875,0.90625,0.90625
it_4500,4500,first_policy_step,r_ankle_pitch,128,0.37481,0.91064,1.28972,0.67188,0.08594,0.08594
it_4500,4500,first_policy_step,r_ankle_roll,128,0.48592,0.96345,1.1,0.71094,0.58594,0.58594
it_4500,4500,first_policy_step,l_hip_pitch,128,1.47069,1.9769,2.0934,1.0,0.82812,0.82812
it_4500,4500,first_policy_step,l_hip_roll,128,0.12095,0.49165,0.62,0.32031,0.76562,0.76562
it_4500,4500,first_policy_step,l_thigh,128,0.19459,0.78475,0.9,0.4375,0.92188,0.92188
it_4500,4500,first_policy_step,l_calf,128,0.72812,1.05243,1.30354,0.91406,0.8125,0.8125
it_4500,4500,first_policy_step,l_ankle_pitch,128,0.93497,1.7459,1.8,0.77344,0.4375,0.4375
it_4500,4500,first_policy_step,l_ankle_roll,128,0.39518,0.75569,1.09854,0.6875,1.0,1.0
counterfactual_it3000_rate0p3,3000,A_lift,r_hip_pitch,15350,0.06357,0.3,0.3,0.23322,0.44163,0.50717
counterfactual_it3000_rate0p3,3000,A_lift,r_hip_roll,15350,0.0,0.07381,0.3,0.02495,0.82208,0.83531
counterfactual_it3000_rate0p3,3000,A_lift,r_thigh,15350,0.0,0.0,0.3,0.00489,0.99681,0.99961
counterfactual_it3000_rate0p3,3000,A_lift,r_calf,15350,0.0,0.3,0.3,0.27681,0.66964,0.76971
counterfactual_it3000_rate0p3,3000,A_lift,r_ankle_pitch,15350,0.13416,0.3,0.3,0.33609,0.11831,0.17225
counterfactual_it3000_rate0p3,3000,A_lift,r_ankle_roll,15350,0.0,0.27862,0.3,0.05472,0.91107,0.93583
counterfactual_it3000_rate0p3,3000,A_lift,l_hip_pitch,15350,0.0,0.3,0.3,0.09883,0.88163,0.9243
counterfactual_it3000_rate0p3,3000,A_lift,l_hip_roll,15350,0.0,0.0,0.3,0.01296,0.97173,0.97655
counterfactual_it3000_rate0p3,3000,A_lift,l_thigh,15350,0.0,0.11452,0.3,0.03603,0.95329,0.96814
counterfactual_it3000_rate0p3,3000,A_lift,l_calf,15350,0.0,0.3,0.3,0.31726,0.63557,0.72932
counterfactual_it3000_rate0p3,3000,A_lift,l_ankle_pitch,15350,0.12868,0.3,0.3,0.38671,0.41707,0.52221
counterfactual_it3000_rate0p3,3000,A_lift,l_ankle_roll,15350,0.0,0.2,0.3,0.04319,0.80163,0.82241
counterfactual_it3000_rate0p3,3000,B_h1_to_h2,r_hip_pitch,6464,0.02324,0.3,0.3,0.28156,0.5116,0.56265
counterfactual_it3000_rate0p3,3000,B_h1_to_h2,r_hip_roll,6464,0.0,0.12686,0.3,0.02831,0.80848,0.82256
counterfactual_it3000_rate0p3,3000,B_h1_to_h2,r_thigh,6464,0.0,0.0,0.10601,0.0,0.99969,0.99969
counterfactual_it3000_rate0p3,3000,B_h1_to_h2,r_calf,6464,0.03608,0.3,0.3,0.35087,0.52011,0.62144
counterfactual_it3000_rate0p3,3000,B_h1_to_h2,r_ankle_pitch,6464,0.06542,0.3,0.3,0.29131,0.28883,0.36665
counterfactual_it3000_rate0p3,3000,B_h1_to_h2,r_ankle_roll,6464,0.0,0.1422,0.3,0.02831,0.94106,0.94787
counterfactual_it3000_rate0p3,3000,B_h1_to_h2,l_hip_pitch,6464,0.0,0.3,0.3,0.25789,0.63289,0.67497
counterfactual_it3000_rate0p3,3000,B_h1_to_h2,l_hip_roll,6464,0.0,0.0,0.3,0.00696,0.97324,0.97571
counterfactual_it3000_rate0p3,3000,B_h1_to_h2,l_thigh,6464,0.0,0.2998,0.3,0.06095,0.86757,0.88629
counterfactual_it3000_rate0p3,3000,B_h1_to_h2,l_calf,6464,0.0,0.3,0.3,0.23113,0.69678,0.73376
counterfactual_it3000_rate0p3,3000,B_h1_to_h2,l_ankle_pitch,6464,0.0,0.3,0.3,0.24675,0.6117,0.67775
counterfactual_it3000_rate0p3,3000,B_h1_to_h2,l_ankle_roll,6464,0.0,0.3,0.3,0.0591,0.79486,0.82843
counterfactual_it3000_rate0p3,3000,C_stabilize,r_hip_pitch,8036,0.0109,0.3,0.3,0.27999,0.51344,0.56558
counterfactual_it3000_rate0p3,3000,C_stabilize,r_hip_roll,8036,0.0,0.13854,0.3,0.02937,0.80774,0.82292
counterfactual_it3000_rate0p3,3000,C_stabilize,r_thigh,8036,0.0,0.0,0.15046,0.0,0.99963,0.99963
counterfactual_it3000_rate0p3,3000,C_stabilize,r_calf,8036,0.03055,0.3,0.3,0.31446,0.51618,0.61038
counterfactual_it3000_rate0p3,3000,C_stabilize,r_ankle_pitch,8036,0.09123,0.3,0.3,0.3498,0.22499,0.33288
counterfactual_it3000_rate0p3,3000,C_stabilize,r_ankle_roll,8036,0.0,0.06764,0.3,0.0229,0.93131,0.93952
counterfactual_it3000_rate0p3,3000,C_stabilize,l_hip_pitch,8036,0.0,0.3,0.3,0.28883,0.57056,0.63726
counterfactual_it3000_rate0p3,3000,C_stabilize,l_hip_roll,8036,0.0,0.0,0.3,0.00423,0.98034,0.98158
counterfactual_it3000_rate0p3,3000,C_stabilize,l_thigh,8036,0.0,0.3,0.3,0.06658,0.88178,0.90231
counterfactual_it3000_rate0p3,3000,C_stabilize,l_calf,8036,0.0,0.3,0.3,0.19214,0.68554,0.723
counterfactual_it3000_rate0p3,3000,C_stabilize,l_ankle_pitch,8036,0.0,0.3,0.3,0.27377,0.62083,0.72287
counterfactual_it3000_rate0p3,3000,C_stabilize,l_ankle_roll,8036,0.0,0.3,0.3,0.06222,0.82877,0.86648
counterfactual_it3000_rate0p3,3000,D_standing,r_hip_pitch,85094,0.00029,0.1678,0.3,0.01519,0.00199,0.00229
counterfactual_it3000_rate0p3,3000,D_standing,r_hip_roll,85094,0.0,0.0,0.3,0.00015,0.99975,0.99984
counterfactual_it3000_rate0p3,3000,D_standing,r_thigh,85094,0.0,0.0,0.0,0.0,1.0,1.0
counterfactual_it3000_rate0p3,3000,D_standing,r_calf,85094,0.0,0.00395,0.3,0.01539,0.87533,0.87817
counterfactual_it3000_rate0p3,3000,D_standing,r_ankle_pitch,85094,0.00017,0.28494,0.3,0.06678,0.00813,0.00937
counterfactual_it3000_rate0p3,3000,D_standing,r_ankle_roll,85094,0.0,0.0,0.3,0.00031,0.99952,0.99962
counterfactual_it3000_rate0p3,3000,D_standing,l_hip_pitch,85094,0.00034,0.1941,0.3,0.0174,0.00381,0.0041
counterfactual_it3000_rate0p3,3000,D_standing,l_hip_roll,85094,0.0,0.0,0.0,0.0,1.0,1.0
counterfactual_it3000_rate0p3,3000,D_standing,l_thigh,85094,0.0,0.0,0.3,0.0002,0.99969,0.99975
counterfactual_it3000_rate0p3,3000,D_standing,l_calf,85094,0.00053,0.25443,0.3,0.05325,0.03698,0.03752
counterfactual_it3000_rate0p3,3000,D_standing,l_ankle_pitch,85094,0.00024,0.3,0.3,0.08515,0.00451,0.00599
counterfactual_it3000_rate0p3,3000,D_standing,l_ankle_roll,85094,0.0,0.0,0.3,0.00028,0.99962,0.99975
counterfactual_it3000_rate0p3,3000,first_policy_step,r_hip_pitch,128,0.3,0.3,0.3,0.98438,0.0,0.78125
counterfactual_it3000_rate0p3,3000,first_policy_step,r_hip_roll,128,0.25576,0.3,0.3,0.50781,0.32031,0.65625
counterfactual_it3000_rate0p3,3000,first_policy_step,r_thigh,128,0.3,0.3,0.3,0.64844,0.41406,0.79688
counterfactual_it3000_rate0p3,3000,first_policy_step,r_calf,128,0.3,0.3,0.3,0.82812,0.09375,0.78906
counterfactual_it3000_rate0p3,3000,first_policy_step,r_ankle_pitch,128,0.3,0.3,0.3,0.75,0.16406,0.54688
counterfactual_it3000_rate0p3,3000,first_policy_step,r_ankle_roll,128,0.3,0.3,0.3,0.82812,0.01562,0.48438
counterfactual_it3000_rate0p3,3000,first_policy_step,l_hip_pitch,128,0.3,0.3,0.3,0.98438,0.0,0.86719
counterfactual_it3000_rate0p3,3000,first_policy_step,l_hip_roll,128,0.22916,0.3,0.3,0.47656,0.375,0.72656
counterfactual_it3000_rate0p3,3000,first_policy_step,l_thigh,128,0.19913,0.3,0.3,0.46094,0.48438,0.79688
counterfactual_it3000_rate0p3,3000,first_policy_step,l_calf,128,0.29823,0.3,0.3,0.5625,0.09375,0.36719
counterfactual_it3000_rate0p3,3000,first_policy_step,l_ankle_pitch,128,0.3,0.3,0.3,0.92969,0.0,0.44531
counterfactual_it3000_rate0p3,3000,first_policy_step,l_ankle_roll,128,0.3,0.3,0.3,0.63281,0.125,0.4375
counterfactual_it3000_rate0p2,3000,A_lift,r_hip_pitch,72726,0.07926,0.2,0.2,0.0,0.41293,0.49471
counterfactual_it3000_rate0p2,3000,A_lift,r_hip_roll,72726,0.0,0.07681,0.2,0.0,0.87097,0.88897
counterfactual_it3000_rate0p2,3000,A_lift,r_thigh,72726,0.0,0.0,0.2,0.0,0.99798,0.99989
counterfactual_it3000_rate0p2,3000,A_lift,r_calf,72726,0.0,0.2,0.2,0.0,0.70613,0.7876
counterfactual_it3000_rate0p2,3000,A_lift,r_ankle_pitch,72726,0.18285,0.2,0.2,0.0,0.05644,0.11849
counterfactual_it3000_rate0p2,3000,A_lift,r_ankle_roll,72726,0.0,0.0,0.2,0.0,0.97249,0.98303
counterfactual_it3000_rate0p2,3000,A_lift,l_hip_pitch,72726,0.0,0.2,0.2,0.0,0.91813,0.94444
counterfactual_it3000_rate0p2,3000,A_lift,l_hip_roll,72726,0.0,0.0,0.2,0.0,0.98963,0.99149
counterfactual_it3000_rate0p2,3000,A_lift,l_thigh,72726,0.0,0.08117,0.2,0.0,0.93104,0.94505
counterfactual_it3000_rate0p2,3000,A_lift,l_calf,72726,0.0,0.2,0.2,0.0,0.57425,0.68597
counterfactual_it3000_rate0p2,3000,A_lift,l_ankle_pitch,72726,0.18011,0.2,0.2,0.0,0.30242,0.40867
counterfactual_it3000_rate0p2,3000,A_lift,l_ankle_roll,72726,0.0,0.2,0.2,0.0,0.84849,0.88268
counterfactual_it3000_rate0p2,3000,B_h1_to_h2,r_hip_pitch,36241,0.0,0.2,0.2,0.0,0.67746,0.75315
counterfactual_it3000_rate0p2,3000,B_h1_to_h2,r_hip_roll,36241,0.0,0.2,0.2,0.0,0.73977,0.80003
counterfactual_it3000_rate0p2,3000,B_h1_to_h2,r_thigh,36241,0.0,0.0,0.0,0.0,1.0,1.0
counterfactual_it3000_rate0p2,3000,B_h1_to_h2,r_calf,36241,0.09296,0.2,0.2,0.0,0.43076,0.60249
counterfactual_it3000_rate0p2,3000,B_h1_to_h2,r_ankle_pitch,36241,0.10555,0.2,0.2,0.0,0.21975,0.33697
counterfactual_it3000_rate0p2,3000,B_h1_to_h2,r_ankle_roll,36241,0.0,0.0,0.2,0.0,0.96722,0.97467
counterfactual_it3000_rate0p2,3000,B_h1_to_h2,l_hip_pitch,36241,0.0,0.2,0.2,0.0,0.64805,0.73447
counterfactual_it3000_rate0p2,3000,B_h1_to_h2,l_hip_roll,36241,0.0,0.0,0.2,0.0,0.98041,0.98366
counterfactual_it3000_rate0p2,3000,B_h1_to_h2,l_thigh,36241,0.0,0.2,0.2,0.0,0.79123,0.83775
counterfactual_it3000_rate0p2,3000,B_h1_to_h2,l_calf,36241,0.0,0.2,0.2,0.0,0.87081,0.90102
counterfactual_it3000_rate0p2,3000,B_h1_to_h2,l_ankle_pitch,36241,0.0,0.2,0.2,0.0,0.77238,0.86913
counterfactual_it3000_rate0p2,3000,B_h1_to_h2,l_ankle_roll,36241,0.0,0.2,0.2,0.0,0.66201,0.79164
counterfactual_it3000_rate0p2,3000,C_stabilize,r_hip_pitch,335,0.0,0.2,0.2,0.0,0.68657,0.74328
counterfactual_it3000_rate0p2,3000,C_stabilize,r_hip_roll,335,0.0,0.1993,0.2,0.0,0.68358,0.71642
counterfactual_it3000_rate0p2,3000,C_stabilize,r_thigh,335,0.0,0.0,0.0,0.0,1.0,1.0
counterfactual_it3000_rate0p2,3000,C_stabilize,r_calf,335,0.0,0.2,0.2,0.0,0.65373,0.75522
counterfactual_it3000_rate0p2,3000,C_stabilize,r_ankle_pitch,335,0.0338,0.2,0.2,0.0,0.21493,0.29552
counterfactual_it3000_rate0p2,3000,C_stabilize,r_ankle_roll,335,0.0,0.17439,0.2,0.0,0.9194,0.9403
counterfactual_it3000_rate0p2,3000,C_stabilize,l_hip_pitch,335,0.0,0.2,0.2,0.0,0.73731,0.78806
counterfactual_it3000_rate0p2,3000,C_stabilize,l_hip_roll,335,0.0,0.0,0.11905,0.0,0.98806,0.98806
counterfactual_it3000_rate0p2,3000,C_stabilize,l_thigh,335,0.0,0.2,0.2,0.0,0.84179,0.88358
counterfactual_it3000_rate0p2,3000,C_stabilize,l_calf,335,0.0,0.2,0.2,0.0,0.79104,0.82985
counterfactual_it3000_rate0p2,3000,C_stabilize,l_ankle_pitch,335,0.0,0.2,0.2,0.0,0.64179,0.7403
counterfactual_it3000_rate0p2,3000,C_stabilize,l_ankle_roll,335,0.0,0.2,0.2,0.0,0.55821,0.59701
counterfactual_it3000_rate0p2,3000,D_standing,r_hip_pitch,5642,0.00043,0.2,0.2,0.0,0.00018,0.00106
counterfactual_it3000_rate0p2,3000,D_standing,r_hip_roll,5642,0.0,0.0,0.0,0.0,1.0,1.0
counterfactual_it3000_rate0p2,3000,D_standing,r_thigh,5642,0.0,0.0,0.0,0.0,1.0,1.0
counterfactual_it3000_rate0p2,3000,D_standing,r_calf,5642,0.0,0.12102,0.2,0.0,0.74583,0.75576
counterfactual_it3000_rate0p2,3000,D_standing,r_ankle_pitch,5642,0.00031,0.2,0.2,0.0,0.01134,0.01312
counterfactual_it3000_rate0p2,3000,D_standing,r_ankle_roll,5642,0.0,0.0,0.0,0.0,1.0,1.0
counterfactual_it3000_rate0p2,3000,D_standing,l_hip_pitch,5642,0.0006,0.19058,0.2,0.0,0.0,0.00018
counterfactual_it3000_rate0p2,3000,D_standing,l_hip_roll,5642,0.0,0.0,0.0,0.0,1.0,1.0
counterfactual_it3000_rate0p2,3000,D_standing,l_thigh,5642,0.0,0.0,0.2,0.0,0.99929,1.0
counterfactual_it3000_rate0p2,3000,D_standing,l_calf,5642,0.00079,0.2,0.2,0.0,0.00975,0.01188
counterfactual_it3000_rate0p2,3000,D_standing,l_ankle_pitch,5642,0.00043,0.2,0.2,0.0,0.00567,0.01117
counterfactual_it3000_rate0p2,3000,D_standing,l_ankle_roll,5642,0.0,0.0,0.0,0.0,1.0,1.0
counterfactual_it3000_rate0p2,3000,first_policy_step,r_hip_pitch,128,0.2,0.2,0.2,0.0,0.0,0.78125
counterfactual_it3000_rate0p2,3000,first_policy_step,r_hip_roll,128,0.2,0.2,0.2,0.0,0.24219,0.65625
counterfactual_it3000_rate0p2,3000,first_policy_step,r_thigh,128,0.2,0.2,0.2,0.0,0.32031,0.79688
counterfactual_it3000_rate0p2,3000,first_policy_step,r_calf,128,0.2,0.2,0.2,0.0,0.07812,0.78906
counterfactual_it3000_rate0p2,3000,first_policy_step,r_ankle_pitch,128,0.2,0.2,0.2,0.0,0.10156,0.54688
counterfactual_it3000_rate0p2,3000,first_policy_step,r_ankle_roll,128,0.2,0.2,0.2,0.0,0.00781,0.48438
counterfactual_it3000_rate0p2,3000,first_policy_step,l_hip_pitch,128,0.2,0.2,0.2,0.0,0.0,0.86719
counterfactual_it3000_rate0p2,3000,first_policy_step,l_hip_roll,128,0.2,0.2,0.2,0.0,0.3125,0.72656
counterfactual_it3000_rate0p2,3000,first_policy_step,l_thigh,128,0.19814,0.2,0.2,0.0,0.39844,0.79688
counterfactual_it3000_rate0p2,3000,first_policy_step,l_calf,128,0.2,0.2,0.2,0.0,0.07031,0.36719
counterfactual_it3000_rate0p2,3000,first_policy_step,l_ankle_pitch,128,0.2,0.2,0.2,0.0,0.0,0.44531
counterfactual_it3000_rate0p2,3000,first_policy_step,l_ankle_roll,128,0.2,0.2,0.2,0.0,0.08594,0.4375
counterfactual_it3000_rate0p1,3000,A_lift,r_hip_pitch,114944,0.0,0.1,0.1,0.0,0.58385,0.66299
counterfactual_it3000_rate0p1,3000,A_lift,r_hip_roll,114944,0.0,0.1,0.1,0.0,0.75836,0.78867
counterfactual_it3000_rate0p1,3000,A_lift,r_thigh,114944,0.0,0.0,0.1,0.0,0.99655,0.99991
counterfactual_it3000_rate0p1,3000,A_lift,r_calf,114944,0.0,0.1,0.1,0.0,0.64403,0.70016
counterfactual_it3000_rate0p1,3000,A_lift,r_ankle_pitch,114944,0.06922,0.1,0.1,0.0,0.04362,0.06519
counterfactual_it3000_rate0p1,3000,A_lift,r_ankle_roll,114944,0.0,0.1,0.1,0.0,0.85197,0.88059
counterfactual_it3000_rate0p1,3000,A_lift,l_hip_pitch,114944,0.0,0.0,0.1,0.0,0.97796,0.99451
counterfactual_it3000_rate0p1,3000,A_lift,l_hip_roll,114944,0.0,0.0,0.1,0.0,0.99297,0.99536
counterfactual_it3000_rate0p1,3000,A_lift,l_thigh,114944,0.0,0.1,0.1,0.0,0.83328,0.85294
counterfactual_it3000_rate0p1,3000,A_lift,l_calf,114944,0.0,0.1,0.1,0.0,0.68432,0.77139
counterfactual_it3000_rate0p1,3000,A_lift,l_ankle_pitch,114944,0.0,0.1,0.1,0.0,0.53368,0.62127
counterfactual_it3000_rate0p1,3000,A_lift,l_ankle_roll,114944,0.0,0.1,0.1,0.0,0.56119,0.60543
counterfactual_it3000_rate0p1,3000,first_policy_step,r_hip_pitch,128,0.1,0.1,0.1,0.0,0.0,0.78125
counterfactual_it3000_rate0p1,3000,first_policy_step,r_hip_roll,128,0.1,0.1,0.1,0.0,0.15625,0.65625
counterfactual_it3000_rate0p1,3000,first_policy_step,r_thigh,128,0.1,0.1,0.1,0.0,0.23438,0.79688
counterfactual_it3000_rate0p1,3000,first_policy_step,r_calf,128,0.1,0.1,0.1,0.0,0.05469,0.78906
counterfactual_it3000_rate0p1,3000,first_policy_step,r_ankle_pitch,128,0.1,0.1,0.1,0.0,0.07812,0.54688
counterfactual_it3000_rate0p1,3000,first_policy_step,r_ankle_roll,128,0.1,0.1,0.1,0.0,0.0,0.48438
counterfactual_it3000_rate0p1,3000,first_policy_step,l_hip_pitch,128,0.1,0.1,0.1,0.0,0.0,0.86719
counterfactual_it3000_rate0p1,3000,first_policy_step,l_hip_roll,128,0.1,0.1,0.1,0.0,0.25,0.72656
counterfactual_it3000_rate0p1,3000,first_policy_step,l_thigh,128,0.1,0.1,0.1,0.0,0.29688,0.79688
counterfactual_it3000_rate0p1,3000,first_policy_step,l_calf,128,0.1,0.1,0.1,0.0,0.04688,0.36719
counterfactual_it3000_rate0p1,3000,first_policy_step,l_ankle_pitch,128,0.1,0.1,0.1,0.0,0.0,0.44531
counterfactual_it3000_rate0p1,3000,first_policy_step,l_ankle_roll,128,0.1,0.1,0.1,0.0,0.07812,0.4375
