step,t_s,t_after_passive_s,phase,base_x,base_y,base_z,quat_w,quat_x,quat_y,quat_z,base_height,upright,q_r_hip_pitch,q_r_hip_roll,q_r_thigh,q_r_calf,q_r_ankle_pitch,q_r_ankle_roll,q_l_hip_pitch,q_l_hip_roll,q_l_thigh,q_l_calf,q_l_ankle_pitch,q_l_ankle_roll,q_target_r_hip_pitch,q_target_r_hip_roll,q_target_r_thigh,q_target_r_calf,q_target_r_ankle_pitch,q_target_r_ankle_roll,q_target_l_hip_pitch,q_target_l_hip_roll,q_target_l_thigh,q_target_l_calf,q_target_l_ankle_pitch,q_target_l_ankle_roll,q_cmd_r_hip_pitch,q_cmd_r_hip_roll,q_cmd_r_thigh,q_cmd_r_calf,q_cmd_r_ankle_pitch,q_cmd_r_ankle_roll,q_cmd_l_hip_pitch,q_cmd_l_hip_roll,q_cmd_l_thigh,q_cmd_l_calf,q_cmd_l_ankle_pitch,q_cmd_l_ankle_roll
0,0.0,-2.0,initial,0.0,0.0,0.1599999964237213,0.5050109,-0.4760681,-0.575626,-0.43240944,0.1599999964237213,,-0.1671141,-0.08484927,0.107883036,-0.20085414,-0.04699096,-0.21194369,-0.058177873,0.2206127,0.19909856,-0.24240692,0.03205207,-0.0740329,,,,,,,,,,,,,,,,,,,,,,,,
1,0.02,-1.98,passive,0.0,0.0,0.15798893570899963,0.5050109,-0.4760681,-0.575626,-0.43240944,0.15798894,-0.11597228,-0.1671141,-0.08484927,0.107883036,-0.20085414,-0.04699096,-0.21194369,-0.058177873,0.2206127,0.19909856,-0.24240692,0.03205207,-0.0740329,-0.1671141,-0.08484927,0.107883036,-0.20085414,-0.04699096,-0.21194369,-0.058177873,0.2206127,0.19909856,-0.24240692,0.03205207,-0.0740329,0.0,0.0,0.0,0.0,0.0,0.0,0.0,0.0,0.0,0.0,0.0,0.0
2,0.04,-1.96,passive,0.0,0.0,0.15205389261245728,0.5050109,-0.4760681,-0.575626,-0.43240944,0.1520539,-0.11597228,-0.1671141,-0.08484927,0.107883036,-0.20085414,-0.04699096,-0.21194369,-0.058177873,0.2206127,0.19909856,-0.24240692,0.03205207,-0.0740329,-0.1671141,-0.08484927,0.107883036,-0.20085414,-0.04699096,-0.21194369,-0.058177873,0.2206127,0.19909856,-0.24240692,0.03205207,-0.0740329,0.0,0.0,0.0,0.0,0.0,0.0,0.0,0.0,0.0,0.0,0.0,0.0
3,0.06,-1.94,passive,0.0,0.0,0.14219483733177185,0.5050109,-0.4760681,-0.575626,-0.43240944,0.14219484,-0.11597228,-0.1671141,-0.08484927,0.107883036,-0.20085414,-0.04699096,-0.21194369,-0.058177873,0.2206127,0.19909856,-0.24240692,0.03205207,-0.0740329,-0.1671141,-0.08484927,0.107883036,-0.20085414,-0.04699096,-0.21194369,-0.058177873,0.2206127,0.19909856,-0.24240692,0.03205207,-0.0740329,0.0,0.0,0.0,0.0,0.0,0.0,0.0,0.0,0.0,0.0,0.0,0.0
4,0.08,-1.92,passive,0.0,0.0,0.12841181457042694,0.5050109,-0.4760681,-0.575626,-0.43240944,0.12841181,-0.11597228,-0.1671141,-0.08484927,0.107883036,-0.20085414,-0.04699096,-0.21194369,-0.058177873,0.2206127,0.19909856,-0.24240692,0.03205207,-0.0740329,-0.1671141,-0.08484927,0.107883036,-0.20085414,-0.04699096,-0.21194369,-0.058177873,0.2206127,0.19909856,-0.24240692,0.03205207,-0.0740329,0.0,0.0,0.0,0.0,0.0,0.0,0.0,0.0,0.0,0.0,0.0,0.0
5,0.1,-1.9,passive,0.0,0.0,0.11070480197668076,0.5050109,-0.4760681,-0.575626,-0.43240944,0.1107048,-0.11597228,-0.1671141,-0.08484927,0.107883036,-0.20085414,-0.04699096,-0.21194369,-0.058177873,0.2206127,0.19909856,-0.24240692,0.03205207,-0.0740329,-0.1671141,-0.08484927,0.107883036,-0.20085414,-0.04699096,-0.21194369,-0.058177873,0.2206127,0.19909856,-0.24240692,0.03205207,-0.0740329,0.0,0.0,0.0,0.0,0.0,0.0,0.0,0.0,0.0,0.0,0.0,0.0
6,0.12,-1.88,passive,8.96453857421875e-05,-0.0009403228759765625,0.09115002304315567,0.50762194,-0.47380576,-0.5732362,-0.4350039,0.09115002,-0.10618329,-0.17216337,-0.08483116,0.1079489,-0.20015259,-0.055789992,-0.21237132,-0.061467,0.22251675,0.20031253,-0.24297929,0.023603745,-0.07455183,-0.1671141,-0.08484927,0.107883036,-0.20085414,-0.04699096,-0.21194369,-0.058177873,0.2206127,0.19909856,-0.24240692,0.03205207,-0.0740329,0.0,0.0,0.0,0.0,0.0,0.0,0.0,0.0,0.0,0.0,0.0,0.0
7,0.14,-1.86,passive,0.00067138671875,-0.006412506103515625,0.08407999575138092,0.523604,-0.4599614,-0.5578307,-0.45066547,0.084079996,-0.04547918,-0.17513989,-0.08658187,0.107753895,-0.20935145,-0.072080545,-0.21289814,-0.057609007,0.23258708,0.2021224,-0.25346768,0.008776278,-0.07489304,-0.17216337,-0.08483116,0.1079489,-0.20015259,-0.055789992,-0.21237132,-0.061467,0.22251675,0.20031253,-0.24297929,0.023603745,-0.07455183,0.0,0.0,0.0,0.0,0.0,0.0,0.0,0.0,0.0,0.0,0.0,0.0
8,0.16,-1.84,passive,0.0016689300537109375,-0.013408660888671875,0.08133286982774734,0.54511017,-0.44089928,-0.53595906,-0.4703304,0.08133287,0.036711395,-0.17510605,-0.09071157,0.107787445,-0.21325031,-0.07532611,-0.21301833,-0.05191703,0.24124639,0.20179728,-0.25663248,0.0064712474,-0.074742116,-0.17513989,-0.08658187,0.107753895,-0.20935145,-0.072080545,-0.21289814,-0.057609007,0.23258708,0.2021224,-0.25346768,0.008776278,-0.07489304,0.0,0.0,0.0,0.0,0.0,0.0,0.0,0.0,0.0,0.0,0.0,0.0
9,0.18,-1.82,passive,0.0029659271240234375,-0.021366119384765625,0.07791678607463837,0.56992805,-0.41771528,-0.5084705,-0.4920914,0.077916786,0.13394344,-0.17891136,-0.09503519,0.10795563,-0.21832162,-0.074601166,-0.21303798,-0.051810525,0.24660645,0.20145318,-0.26055676,0.007678722,-0.07460111,-0.17510605,-0.09071157,0.107787445,-0.21325031,-0.07532611,-0.21301833,-0.05191703,0.24124639,0.20179728,-0.25663248,0.0064712474,-0.074742116,0.0,0.0,0.0,0.0,0.0,0.0,0.0,0.0,0.0,0.0,0.0,0.0
10,0.2,-1.8,passive,0.0044918060302734375,-0.029298782348632812,0.07343678921461105,0.5962728,-0.3890014,-0.4807573,-0.51186824,0.07343679,0.23510069,-0.17800695,-0.10830617,0.11039881,-0.22423851,-0.07289476,-0.21303478,-0.07530673,0.23574342,0.20339836,-0.28633332,-0.005119509,-0.0739916,-0.17891136,-0.09503519,0.10795563,-0.21832162,-0.074601166,-0.21303798,-0.051810525,0.24660645,0.20145318,-0.26055676,0.007678722,-0.07460111,0.0,0.0,0.0,0.0,0.0,0.0,0.0,0.0,0.0,0.0,0.0,0.0
11,0.22,-1.78,passive,0.0044403076171875,-0.034694671630859375,0.0698562040925026,0.6107676,-0.36207554,-0.46618965,-0.5277609,0.069856204,0.303137,-0.18327497,-0.11116443,0.12950274,-0.25670925,-0.10155058,-0.22401752,-0.1350391,0.22457272,0.20820527,-0.336503,-0.02777018,-0.07667303,-0.17800695,-0.10830617,0.11039881,-0.22423851,-0.07289476,-0.21303478,-0.07530673,0.23574342,0.20339836,-0.28633332,-0.005119509,-0.0739916,0.0,0.0,0.0,0.0,0.0,0.0,0.0,0.0,0.0,0.0,0.0,0.0
12,0.24,-1.76,passive,0.0035266876220703125,-0.03726768493652344,0.06805171072483063,0.61363256,-0.35025156,-0.4583989,-0.53911924,0.06805171,0.33438873,-0.21727397,-0.09640207,0.15163231,-0.29907614,-0.1235166,-0.23207968,-0.16686086,0.23064432,0.20494317,-0.36768454,-0.036593277,-0.07599641,-0.18327497,-0.11116443,0.12950274,-0.25670925,-0.10155058,-0.22401752,-0.1350391,0.22457272,0.20820527,-0.336503,-0.02777018,-0.07667303,0.0,0.0,0.0,0.0,0.0,0.0,0.0,0.0,0.0,0.0,0.0,0.0
13,0.26,-1.74,passive,0.002941131591796875,-0.03858375549316406,0.06708906590938568,0.61458796,-0.34418833,-0.45397466,-0.54564005,0.067089066,0.35088277,-0.24165522,-0.08847555,0.1601506,-0.32359257,-0.13227986,-0.23428668,-0.17917079,0.2335318,0.20262323,-0.38340393,-0.041617244,-0.07550437,-0.21727397,-0.09640207,0.15163231,-0.29907614,-0.1235166,-0.23207968,-0.16686086,0.23064432,0.20494317,-0.36768454,-0.036593277,-0.07599641,0.0,0.0,0.0,0.0,0.0,0.0,0.0,0.0,0.0,0.0,0.0,0.0
14,0.28,-1.72,passive,0.002620697021484375,-0.03960609436035156,0.06627468019723892,0.61585486,-0.33967414,-0.44991082,-0.5503858,0.06627468,0.3644035,-0.25746885,-0.08397045,0.16508129,-0.34073088,-0.13970573,-0.2352082,-0.18449299,0.23358642,0.19855388,-0.3971789,-0.05029485,-0.07457627,-0.24165522,-0.08847555,0.1601506,-0.32359257,-0.13227986,-0.23428668,-0.17917079,0.2335318,0.20262323,-0.38340393,-0.041617244,-0.07550437,0.0,0.0,0.0,0.0,0.0,0.0,0.0,0.0,0.0,0.0,0.0,0.0
15,0.3,-1.7,passive,0.00238800048828125,-0.04064750671386719,0.06541164964437485,0.61753154,-0.33451998,-0.44600245,-0.55482715,0.06541165,0.3783564,-0.26794937,-0.08106474,0.16978304,-0.35479873,-0.14712436,-0.23605697,-0.19184263,0.2334662,0.19566001,-0.41129035,-0.058871992,-0.07423892,-0.25746885,-0.08397045,0.16508129,-0.34073088,-0.13970573,-0.2352082,-0.18449299,0.23358642,0.19855388,-0.3971789,-0.05029485,-0.07457627,0.0,0.0,0.0,0.0,0.0,0.0,0.0,0.0,0.0,0.0,0.0,0.0
16,0.32,-1.68,passive,0.0022106170654296875,-0.04176902770996094,0.06447151303291321,0.61953866,-0.32933918,-0.44141963,-0.55933553,0.06447151,0.39336884,-0.2787746,-0.07711318,0.17717563,-0.37099996,-0.15644255,-0.23718056,-0.20012268,0.23387516,0.19280414,-0.42628855,-0.06799342,-0.07408222,-0.26794937,-0.08106474,0.16978304,-0.35479873,-0.14712436,-0.23605697,-0.19184263,0.2334662,0.19566001,-0.41129035,-0.058871992,-0.07423892,0.0,0.0,0.0,0.0,0.0,0.0,0.0,0.0,0.0,0.0,0.0,0.0
17,0.34,-1.66,passive,0.002105712890625,-0.04291343688964844,0.06347188353538513,0.62196463,-0.3241009,-0.4362483,-0.56374294,0.06347188,0.40929204,-0.2896307,-0.07300715,0.18473749,-0.38747436,-0.16592751,-0.23816971,-0.20935793,0.23407775,0.18993443,-0.442172,-0.07753586,-0.074041076,-0.2787746,-0.07711318,0.17717563,-0.37099996,-0.15644255,-0.23718056,-0.20012268,0.23387516,0.19280414,-0.42628855,-0.06799342,-0.07408222,0.0,0.0,0.0,0.0,0.0,0.0,0.0,0.0,0.0,0.0,0.0,0.0
18,0.36,-1.64,passive,0.0020771026611328125,-0.04409027099609375,0.06241993606090546,0.62472326,-0.31886023,-0.43053207,-0.5680592,0.062419936,0.42594057,-0.30069,-0.068824545,0.19324493,-0.40472105,-0.1760711,-0.23930705,-0.21946909,0.23425429,0.18683796,-0.45905066,-0.08767662,-0.07406886,-0.2896307,-0.07300715,0.18473749,-0.38747436,-0.16592751,-0.23816971,-0.20935793,0.23407775,0.18993443,-0.442172,-0.07753586,-0.074041076,0.0,0.0,0.0,0.0,0.0,0.0,0.0,0.0,0.0,0.0,0.0,0.0
19,0.38,-1.62,passive,0.0021152496337890625,-0.04531097412109375,0.06131797656416893,0.62776315,-0.31361046,-0.42430615,-0.572299,0.061317977,0.4432255,-0.3120026,-0.0647756,0.20178752,-0.42236722,-0.18647568,-0.2402403,-0.23033793,0.2344856,0.18358672,-0.47686413,-0.09836214,-0.07417793,-0.30069,-0.068824545,0.19324493,-0.40472105,-0.1760711,-0.23930705,-0.21946909,0.23425429,0.18683796,-0.45905066,-0.08767662,-0.07406886,0.0,0.0,0.0,0.0,0.0,0.0,0.0,0.0,0.0,0.0,0.0,0.0
20,0.4,-1.6,passive,0.0021915435791015625,-0.04653167724609375,0.06016578525304794,0.6310359,-0.30832106,-0.4175975,-0.5764931,0.060165785,0.46110088,-0.32358795,-0.06086411,0.21061026,-0.440558,-0.1973274,-0.24114746,-0.24185693,0.234853,0.18016063,-0.49559376,-0.10963643,-0.07437188,-0.3120026,-0.0647756,0.20178752,-0.42236722,-0.18647568,-0.2402403,-0.23033793,0.2344856,0.18358672,-0.47686413,-0.09836214,-0.07417793,0.0,0.0,0.0,0.0,0.0,0.0,0.0,0.0,0.0,0.0,0.0,0.0
21,0.42,-1.58,passive,0.00225067138671875,-0.04779243469238281,0.0589553602039814,0.6343452,-0.30252764,-0.41071963,-0.5808552,0.05895536,0.47957283,-0.33615592,-0.0576433,0.21592402,-0.45974192,-0.2096715,-0.24235737,-0.2535581,0.2354199,0.17700195,-0.5151398,-0.12146204,-0.07476466,-0.32358795,-0.06086411,0.21061026,-0.440558,-0.1973274,-0.24114746,-0.24185693,0.234853,0.18016063,-0.49559376,-0.10963643,-0.07437188,0.0,0.0,0.0,0.0,0.0,0.0,0.0,0.0,0.0,0.0,0.0,0.0
22,0.44,-1.56,passive,0.00225067138671875,-0.04908943176269531,0.057686589658260345,0.63755107,-0.29608345,-0.40378684,-0.58550787,0.05768659,0.49858153,-0.34963423,-0.054518435,0.22239682,-0.47984207,-0.22224958,-0.24327828,-0.26531774,0.23630492,0.17365052,-0.53529793,-0.13390516,-0.07526897,-0.33615592,-0.0576433,0.21592402,-0.45974192,-0.2096715,-0.24235737,-0.2535581,0.2354199,0.17700195,-0.5151398,-0.12146204,-0.07476466,0.0,0.0,0.0,0.0,0.0,0.0,0.0,0.0,0.0,0.0,0.0,0.0
23,0.46,-1.54,passive,0.00225067138671875,-0.05040931701660156,0.05636138096451759,0.64072084,-0.2892105,-0.39662102,-0.59036094,0.05636138,0.51809824,-0.36376506,-0.051458925,0.22975694,-0.50079054,-0.23527065,-0.24410015,-0.2773435,0.23748976,0.17006405,-0.5560964,-0.14684814,-0.07582941,-0.34963423,-0.054518435,0.22239682,-0.47984207,-0.22224958,-0.24327828,-0.26531774,0.23630492,0.17365052,-0.53529793,-0.13390516,-0.07526897,0.0,0.0,0.0,0.0,0.0,0.0,0.0,0.0,0.0,0.0,0.0,0.0
24,0.48,-1.52,passive,0.002201080322265625,-0.05178070068359375,0.05498034879565239,0.6438732,-0.28197291,-0.3891625,-0.5953748,0.05498035,0.5380876,-0.37849173,-0.048501316,0.23715237,-0.52229846,-0.24849828,-0.24466594,-0.28970164,0.23898563,0.16633116,-0.57752776,-0.16017605,-0.07641977,-0.36376506,-0.051458925,0.22975694,-0.50079054,-0.23527065,-0.24410015,-0.2773435,0.23748976,0.17006405,-0.5560964,-0.14684814,-0.07582941,0.0,0.0,0.0,0.0,0.0,0.0,0.0,0.0,0.0,0.0,0.0,0.0
25,0.5,-1.5,passive,0.0027523040771484375,-0.05264091491699219,0.05406137928366661,0.6479532,-0.28011465,-0.3810237,-0.5970874,0.05406138,0.5527134,-0.38448447,-0.048800007,0.23811269,-0.5390473,-0.26294085,-0.24556398,-0.29937416,0.23771906,0.15888338,-0.59875935,-0.17406699,-0.07629794,-0.37849173,-0.048501316,0.23715237,-0.52229846,-0.24849828,-0.24466594,-0.28970164,0.23898563,0.16633116,-0.57752776,-0.16017605,-0.07641977,0.0,0.0,0.0,0.0,0.0,0.0,0.0,0.0,0.0,0.0,0.0,0.0
26,0.52,-1.48,passive,0.003650665283203125,-0.0531158447265625,0.053444892168045044,0.65220034,-0.2830737,-0.37220126,-0.5966324,0.053444892,0.562671,-0.3890382,-0.047158457,0.23670962,-0.5458257,-0.26640826,-0.24588495,-0.30708265,0.23790012,0.15350851,-0.61875945,-0.18811321,-0.0766908,-0.38448447,-0.048800007,0.23811269,-0.5390473,-0.26294085,-0.24556398,-0.29937416,0.23771906,0.15888338,-0.59875935,-0.17406699,-0.07629794,0.0,0.0,0.0,0.0,0.0,0.0,0.0,0.0,0.0,0.0,0.0,0.0
27,0.54,-1.46,passive,0.004566192626953125,-0.05361366271972656,0.052747827023267746,0.6564477,-0.28689876,-0.36220047,-0.5963023,0.052747827,0.57299984,-0.39494318,-0.043323837,0.23628983,-0.5519418,-0.26807234,-0.24589123,-0.3163155,0.24056104,0.14929172,-0.6395765,-0.2023839,-0.07750244,-0.3890382,-0.047158457,0.23670962,-0.5458257,-0.26640826,-0.24588495,-0.30708265,0.23790012,0.15350851,-0.61875945,-0.18811321,-0.0766908,0.0,0.0,0.0,0.0,0.0,0.0,0.0,0.0,0.0,0.0,0.0,0.0
28,0.56,-1.44,passive,0.00543975830078125,-0.05420684814453125,0.05193590745329857,0.66053677,-0.290491,-0.35121801,-0.59661716,0.051935907,0.58452165,-0.40238327,-0.037814036,0.23617722,-0.559353,-0.2696693,-0.24581021,-0.32892343,0.24544966,0.14516461,-0.658247,-0.21909757,-0.07872882,-0.39494318,-0.043323837,0.23628983,-0.5519418,-0.26807234,-0.24589123,-0.3163155,0.24056104,0.14929172,-0.6395765,-0.2023839,-0.07750244,0.0,0.0,0.0,0.0,0.0,0.0,0.0,0.0,0.0,0.0,0.0,0.0
29,0.58,-1.42,passive,0.0060882568359375,-0.05462455749511719,0.05136611685156822,0.6635269,-0.29290214,-0.34333828,-0.59670705,0.051366117,0.59265435,-0.40709272,-0.034293305,0.23830809,-0.56624585,-0.27167374,-0.24543035,-0.34367612,0.24937506,0.14306974,-0.6605863,-0.2359335,-0.079742596,-0.40238327,-0.037814036,0.23617722,-0.559353,-0.2696693,-0.24581021,-0.32892343,0.24544966,0.14516461,-0.65,-0.21909757,-0.07872882,0.0,0.0,0.0,0.0,0.0,0.0,0.0,0.0,0.0,0.0,0.0,0.0
30,0.6,-1.4,passive,0.006130218505859375,-0.054706573486328125,0.051273737102746964,0.6640409,-0.29238158,-0.3421293,-0.59708476,0.051273737,0.5949211,-0.40812492,-0.033919256,0.24158505,-0.570337,-0.27320957,-0.24493355,-0.34867397,0.25035948,0.14496319,-0.655521,-0.24460319,-0.08071297,-0.40709272,-0.034293305,0.23830809,-0.56624585,-0.27167374,-0.24543035,-0.34367612,0.24937506,0.14306974,-0.65,-0.2359335,-0.079742596,0.0,0.0,0.0,0.0,0.0,0.0,0.0,0.0,0.0,0.0,0.0,0.0
31,0.62,-1.38,passive,0.0058231353759765625,-0.05481910705566406,0.05115829035639763,0.6633998,-0.2899108,-0.342717,-0.59866315,0.05115829,0.59699357,-0.41102922,-0.033123787,0.24307452,-0.57492095,-0.27497777,-0.24466385,-0.35040453,0.25167194,0.14507124,-0.6523473,-0.24774377,-0.08103376,-0.40812492,-0.033919256,0.24158505,-0.570337,-0.27320957,-0.24493355,-0.34867397,0.25035948,0.14496319,-0.65,-0.24460319,-0.08071297,0.0,0.0,0.0,0.0,0.0,0.0,0.0,0.0,0.0,0.0,0.0,0.0
32,0.64,-1.36,passive,0.0057315826416015625,-0.05484771728515625,0.05113593116402626,0.6632257,-0.2891457,-0.34291124,-0.5991146,0.05113593,0.5976132,-0.4115179,-0.03322519,0.24223922,-0.5767828,-0.27741146,-0.24470758,-0.3514496,0.25204295,0.1451461,-0.6504361,-0.24951456,-0.081097886,-0.41102922,-0.033123787,0.24307452,-0.57492095,-0.27497777,-0.24466385,-0.35040453,0.25167194,0.14507124,-0.65,-0.24774377,-0.08103376,0.0,0.0,0.0,0.0,0.0,0.0,0.0,0.0,0.0,0.0,0.0,0.0
33,0.66,-1.34,passive,0.005786895751953125,-0.05484771728515625,0.051128923892974854,0.66344196,-0.2893776,-0.34257907,-0.59895325,0.051128924,0.5978004,-0.4108142,-0.033507705,0.24210462,-0.5778428,-0.2794411,-0.24465938,-0.35318047,0.25213182,0.14562456,-0.6485985,-0.2513771,-0.081047304,-0.4115179,-0.03322519,0.24223922,-0.5767828,-0.27741146,-0.24470758,-0.3514496,0.25204295,0.1451461,-0.65,-0.24951456,-0.081097886,0.0,0.0,0.0,0.0,0.0,0.0,0.0,0.0,0.0,0.0,0.0,0.0
34,0.68,-1.32,passive,0.005863189697265625,-0.05484771728515625,0.05110885947942734,0.6637343,-0.289767,-0.3421294,-0.5986981,0.05110886,0.5979651,-0.4099569,-0.033806622,0.2424198,-0.5790373,-0.28138244,-0.24455187,-0.35506818,0.2521813,0.14628808,-0.6469143,-0.2532805,-0.08094366,-0.4108142,-0.033507705,0.24210462,-0.5778428,-0.2794411,-0.24465938,-0.35318047,0.25213182,0.14562456,-0.6485985,-0.2513771,-0.081047304,0.0,0.0,0.0,0.0,0.0,0.0,0.0,0.0,0.0,0.0,0.0,0.0
35,0.7,-1.3,passive,0.005939483642578125,-0.05484771728515625,0.05107894539833069,0.6640193,-0.2900663,-0.3416903,-0.59848785,0.051078945,0.59821856,-0.40923563,-0.03412883,0.24284817,-0.5805549,-0.28332204,-0.2444288,-0.3569185,0.25221786,0.146988,-0.6454209,-0.25520688,-0.080825314,-0.4099569,-0.033806622,0.2424198,-0.5790373,-0.28138244,-0.24455187,-0.35506818,0.2521813,0.14628808,-0.6469143,-0.2532805,-0.08094366,0.0,0.0,0.0,0.0,0.0,0.0,0.0,0.0,0.0,0.0,0.0,0.0
36,0.72,-1.28,passive,0.006015777587890625,-0.05484771728515625,0.051045011729002,0.66428775,-0.29025844,-0.34127733,-0.5983324,0.05104501,0.5985596,-0.40865058,-0.034470487,0.24327907,-0.5823032,-0.28528455,-0.24430506,-0.35870284,0.25224358,0.1476697,-0.64409417,-0.25714546,-0.08070508,-0.40923563,-0.03412883,0.24284817,-0.5805549,-0.28332204,-0.2444288,-0.3569185,0.25221786,0.146988,-0.6454209,-0.25520688,-0.080825314,0.0,0.0,0.0,0.0,0.0,0.0,0.0,0.0,0.0,0.0,0.0,0.0
37,0.74,-1.26,passive,0.006092071533203125,-0.05484771728515625,0.05101008713245392,0.66454756,-0.29038224,-0.3408792,-0.59821075,0.051010087,0.5989591,-0.40813175,-0.034830548,0.24369246,-0.5841957,-0.2872692,-0.24418315,-0.36044452,0.2522577,0.14833345,-0.6428853,-0.25909373,-0.0805856,-0.40865058,-0.034470487,0.24327907,-0.5823032,-0.28528455,-0.24430506,-0.35870284,0.25224358,0.1476697,-0.64409417,-0.25714546,-0.08070508,0.0,0.0,0.0,0.0,0.0,0.0,0.0,0.0,0.0,0.0,0.0,0.0
38,0.76,-1.24,passive,0.006168365478515625,-0.05484771728515625,0.05097508803009987,0.6648065,-0.290471,-0.34048453,-0.5981047,0.050975088,0.5993938,-0.4076293,-0.0352084,0.24409387,-0.5861838,-0.28927267,-0.24406216,-0.36217144,0.25226104,0.14899263,-0.64175075,-0.2610513,-0.08046607,-0.40813175,-0.034830548,0.24369246,-0.5841957,-0.2872692,-0.24418315,-0.36044452,0.2522577,0.14833345,-0.6428853,-0.25909373,-0.0805856,0.0,0.0,0.0,0.0,0.0,0.0,0.0,0.0,0.0,0.0,0.0,0.0
39,0.78,-1.22,passive,0.006244659423828125,-0.05484771728515625,0.050940096378326416,0.6650682,-0.2905441,-0.34008732,-0.5980042,0.050940096,0.59984946,-0.40712005,-0.035602767,0.24449107,-0.5882448,-0.29129267,-0.24394116,-0.36390173,0.25225532,0.14965773,-0.6406588,-0.2630185,-0.08034534,-0.4076293,-0.0352084,0.24409387,-0.5861838,-0.28927267,-0.24406216,-0.36217144,0.25226104,0.14899263,-0.64175075,-0.2610513,-0.08046607,0.0,0.0,0.0,0.0,0.0,0.0,0.0,0.0,0.0,0.0,0.0,0.0
40,0.8,-1.2,passive,0.006320953369140625,-0.05484771728515625,0.05090495944023132,0.6653348,-0.29061037,-0.33968487,-0.59790426,0.05090496,0.6003196,-0.40659612,-0.03601219,0.24488866,-0.59036803,-0.2933281,-0.24381968,-0.36564597,0.25224277,0.15033469,-0.639589,-0.26499534,-0.080222726,-0.40712005,-0.035602767,0.24449107,-0.5882448,-0.29129267,-0.24394116,-0.36390173,0.25225532,0.14965773,-0.6406588,-0.2630185,-0.08034534,0.0,0.0,0.0,0.0,0.0,0.0,0.0,0.0,0.0,0.0,0.0,0.0
41,0.82,-1.18,passive,0.006397247314453125,-0.05484771728515625,0.05086948350071907,0.66560596,-0.29067317,-0.3392761,-0.59780407,0.050869484,0.6008017,-0.40605617,-0.036435302,0.24528879,-0.5925484,-0.29537874,-0.24369721,-0.3674099,0.2522253,0.1510264,-0.6385285,-0.26698193,-0.08009784,-0.40659612,-0.03601219,0.24488866,-0.59036803,-0.2933281,-0.24381968,-0.36564597,0.25224277,0.15033469,-0.639589,-0.26499534,-0.080222726,0.0,0.0,0.0,0.0,0.0,0.0,0.0,0.0,0.0,0.0,0.0,0.0
42,0.84,-1.16,passive,0.006473541259765625,-0.05484771728515625,0.050833560526371,0.6658816,-0.29073456,-0.3388604,-0.597703,0.05083356,0.6012941,-0.40550083,-0.036871072,0.24569207,-0.5947827,-0.29744452,-0.24357371,-0.3691966,0.25220436,0.15173417,-0.6374689,-0.2689781,-0.07997054,-0.40605617,-0.036435302,0.24528879,-0.5925484,-0.29537874,-0.24369721,-0.3674099,0.2522253,0.1510264,-0.6385285,-0.26698193,-0.08009784,0.0,0.0,0.0,0.0,0.0,0.0,0.0,0.0,0.0,0.0,0.0,0.0
43,0.86,-1.14,passive,0.006549835205078125,-0.05484771728515625,0.05079713836312294,0.6661613,-0.29079553,-0.33843836,-0.5976007,0.05079714,0.60179484,-0.40493068,-0.037318822,0.24609879,-0.5970696,-0.29952556,-0.24344914,-0.371008,0.25218102,0.15245889,-0.6364043,-0.2709838,-0.079840705,-0.40550083,-0.036871072,0.24569207,-0.5947827,-0.29744452,-0.24357371,-0.3691966,0.25220436,0.15173417,-0.6374689,-0.2689781,-0.07997054,0.0,0.0,0.0,0.0,0.0,0.0,0.0,0.0,0.0,0.0,0.0,0.0
44,0.88,-1.12,passive,0.006626129150390625,-0.05484771728515625,0.0507601760327816,0.66644585,-0.29085654,-0.33800927,-0.5974967,0.050760176,0.60230446,-0.40434602,-0.037778165,0.24650875,-0.59940743,-0.30162203,-0.24332343,-0.37284583,0.2521559,0.15320125,-0.6353311,-0.27299902,-0.079708286,-0.40493068,-0.037318822,0.24609879,-0.5970696,-0.29952556,-0.24344914,-0.371008,0.25218102,0.15245889,-0.6364043,-0.2709838,-0.079840705,0.0,0.0,0.0,0.0,0.0,0.0,0.0,0.0,0.0,0.0,0.0,0.0
45,0.9,-1.1,passive,0.006702423095703125,-0.05484771728515625,0.050722651183605194,0.6667351,-0.29091734,-0.33757278,-0.59739107,0.05072265,0.60282344,-0.403747,-0.03824885,0.2469221,-0.6017956,-0.303734,-0.24319665,-0.37471142,0.25212967,0.15396184,-0.63424635,-0.2750238,-0.07957321,-0.40434602,-0.037778165,0.24650875,-0.59940743,-0.30162203,-0.24332343,-0.37284583,0.2521559,0.15320125,-0.6353311,-0.27299902,-0.079708286,0.0,0.0,0.0,0.0,0.0,0.0,0.0,0.0,0.0,0.0,0.0,0.0
46,0.92,-1.08,passive,0.006778717041015625,-0.05484771728515625,0.05068453401327133,0.6670288,-0.29097876,-0.3371292,-0.5972838,0.050684534,0.6033505,-0.40313366,-0.038730726,0.24733885,-0.6042338,-0.30586168,-0.24306867,-0.37660587,0.25210238,0.15474123,-0.6331481,-0.2770581,-0.07943539,-0.403747,-0.03824885,0.2469221,-0.6017956,-0.303734,-0.24319665,-0.37471142,0.25212967,0.15396184,-0.63424635,-0.2750238,-0.07957321,0.0,0.0,0.0,0.0,0.0,0.0,0.0,0.0,0.0,0.0,0.0,0.0
47,0.94,-1.06,passive,0.006855010986328125,-0.05484771728515625,0.05064580589532852,0.66732687,-0.29104066,-0.33667853,-0.5971748,0.050645806,0.60388577,-0.4025061,-0.039223738,0.24775876,-0.6067216,-0.30800527,-0.24293952,-0.37852997,0.25207496,0.15553987,-0.63203466,-0.27910194,-0.07929485,-0.40313366,-0.038730726,0.24733885,-0.6042338,-0.30586168,-0.24306867,-0.37660587,0.25210238,0.15474123,-0.6331481,-0.2770581,-0.07943539,0.0,0.0,0.0,0.0,0.0,0.0,0.0,0.0,0.0,0.0,0.0,0.0
48,0.96,-1.04,passive,0.006931304931640625,-0.05484771728515625,0.050609104335308075,0.6676064,-0.2911174,-0.33623436,-0.59707534,0.050609104,0.6043943,-0.40216792,-0.039594587,0.24798386,-0.6084467,-0.31024867,-0.24279648,-0.380392,0.2520894,0.15626295,-0.6309464,-0.28115413,-0.07914335,-0.4025061,-0.039223738,0.24775876,-0.6067216,-0.30800527,-0.24293952,-0.37852997,0.25207496,0.15553987,-0.63203466,-0.27910194,-0.07929485,0.0,0.0,0.0,0.0,0.0,0.0,0.0,0.0,0.0,0.0,0.0,0.0
49,0.98,-1.02,passive,0.007007598876953125,-0.05484771728515625,0.05057552084326744,0.66784483,-0.29122156,-0.33582732,-0.59698695,0.05057552,0.60482,-0.40224925,-0.039773513,0.24797845,-0.6090314,-0.31246173,-0.24266176,-0.38207144,0.25216278,0.15687877,-0.62992376,-0.2832159,-0.07899379,-0.40216792,-0.039594587,0.24798386,-0.6084467,-0.31024867,-0.24279648,-0.380392,0.2520894,0.15626295,-0.6309464,-0.28115413,-0.07914335,0.0,0.0,0.0,0.0,0.0,0.0,0.0,0.0,0.0,0.0,0.0,0.0
50,1.0,-1.0,passive,0.007083892822265625,-0.05484771728515625,0.05054247006773949,0.66806936,-0.29132017,-0.33543357,-0.5969089,0.05054247,0.6052338,-0.4024763,-0.03989888,0.24795274,-0.60935944,-0.31465468,-0.24252765,-0.38368866,0.25225228,0.1574724,-0.62894744,-0.2852862,-0.078842334,-0.40224925,-0.039773513,0.24797845,-0.6090314,-0.31246173,-0.24266176,-0.38207144,0.25216278,0.15687877,-0.62992376,-0.2832159,-0.07899379,0.0,0.0,0.0,0.0,0.0,0.0,0.0,0.0,0.0,0.0,0.0,0.0
51,1.02,-0.98,passive,0.007160186767578125,-0.05484771728515625,0.050509534776210785,0.6682903,-0.29140007,-0.33503962,-0.59684384,0.050509535,0.6056689,-0.40279987,-0.040003624,0.24793302,-0.609617,-0.31685245,-0.24239354,-0.3852975,0.25234723,0.1580526,-0.62801015,-0.28736594,-0.078688994,-0.4024763,-0.03989888,0.24795274,-0.60935944,-0.31465468,-0.24252765,-0.38368866,0.25225228,0.1574724,-0.62894744,-0.2852862,-0.078842334,0.0,0.0,0.0,0.0,0.0,0.0,0.0,0.0,0.0,0.0,0.0,0.0
52,1.04,-0.96,passive,0.0072345733642578125,-0.05484771728515625,0.050476331263780594,0.6685099,-0.29146415,-0.33464366,-0.5967887,0.05047633,0.6061245,-0.40319017,-0.04009585,0.2479231,-0.60983896,-0.31906042,-0.24225943,-0.38691196,0.25244638,0.15862581,-0.62709415,-0.28945664,-0.07853402,-0.40279987,-0.040003624,0.24793302,-0.609617,-0.31685245,-0.24239354,-0.3852975,0.25234723,0.1580526,-0.62801015,-0.28736594,-0.078688994,0.0,0.0,0.0,0.0,0.0,0.0,0.0,0.0,0.0,0.0,0.0,0.0
53,1.06,-0.94,passive,0.0072345733642578125,-0.05484771728515625,0.050442613661289215,0.6687279,-0.2915185,-0.33424672,-0.5967404,0.050442614,0.6065922,-0.40362373,-0.04017839,0.24792403,-0.6100337,-0.3212795,-0.2421252,-0.3885346,0.2525502,0.15919845,-0.6261834,-0.29155794,-0.07837735,-0.40319017,-0.04009585,0.2479231,-0.60983896,-0.31906042,-0.24225943,-0.38691196,0.25244638,0.15862581,-0.62709415,-0.28945664,-0.07853402,0.0,0.0,0.0,0.0,0.0,0.0,0.0,0.0,0.0,0.0,0.0,0.0
54,1.08,-0.92,passive,0.0072345733642578125,-0.05484771728515625,0.05040832236409187,0.6689459,-0.2915671,-0.33384806,-0.5966956,0.050408322,0.6070682,-0.40408707,-0.040252954,0.2479359,-0.6102046,-0.32350966,-0.24199049,-0.39016753,0.2526588,0.15977453,-0.6252691,-0.29366946,-0.07821881,-0.40362373,-0.04017839,0.24792403,-0.6100337,-0.3212795,-0.2421252,-0.3885346,0.2525502,0.15919845,-0.6261834,-0.29155794,-0.07837735,0.0,0.0,0.0,0.0,0.0,0.0,0.0,0.0,0.0,0.0,0.0,0.0
55,1.1,-0.9,passive,0.0072345733642578125,-0.05484771728515625,0.05037347599864006,0.66916335,-0.2916124,-0.33344737,-0.5966537,0.050373476,0.60755014,-0.4045737,-0.040320862,0.24795842,-0.6103544,-0.3257509,-0.24185534,-0.39181352,0.25277194,0.16035657,-0.6243474,-0.29579106,-0.07805825,-0.40408707,-0.040252954,0.2479359,-0.6102046,-0.32350966,-0.24199049,-0.39016753,0.2526588,0.15977453,-0.6252691,-0.29366946,-0.07821881,0.0,0.0,0.0,0.0,0.0,0.0,0.0,0.0,0.0,0.0,0.0,0.0
56,1.12,-0.88,passive,0.0072345733642578125,-0.05484771728515625,0.05033810809254646,0.66938084,-0.29165533,-0.3330443,-0.5966138,0.050338108,0.60803735,-0.40508,-0.04038317,0.24799086,-0.6104856,-0.3280031,-0.24171968,-0.39347425,0.25288928,0.16094571,-0.6234168,-0.29792252,-0.07789563,-0.4045737,-0.040320862,0.24795842,-0.6103544,-0.3257509,-0.24185534,-0.39181352,0.25277194,0.16035657,-0.6243474,-0.29579106,-0.07805825,0.0,0.0,0.0,0.0,0.0,0.0,0.0,0.0,0.0,0.0,0.0,0.0
57,1.14,-0.86,passive,0.0072345733642578125,-0.05484771728515625,0.050302278250455856,0.66959846,-0.29169717,-0.33263746,-0.5965761,0.05030228,0.60853016,-0.4056029,-0.040441178,0.24803543,-0.6105988,-0.33026662,-0.24158376,-0.3951499,0.25300935,0.16154383,-0.62247795,-0.30006376,-0.07773099,-0.40508,-0.04038317,0.24799086,-0.6104856,-0.3280031,-0.24171968,-0.39347425,0.25288928,0.16094571,-0.6234168,-0.29792252,-0.07789563,0.0,0.0,0.0,0.0,0.0,0.0,0.0,0.0,0.0,0.0,0.0,0.0
58,1.16,-0.84,passive,0.0072345733642578125,-0.05484771728515625,0.050266001373529434,0.6698193,-0.2917376,-0.33222634,-0.59653753,0.050266,0.60902965,-0.40614095,-0.04049607,0.2480949,-0.61069465,-0.3325411,-0.24144712,-0.39684182,0.25313136,0.1621536,-0.62153023,-0.30221504,-0.07756419,-0.4056029,-0.040441178,0.24803543,-0.6105988,-0.33026662,-0.24158376,-0.3951499,0.25300935,0.16154383,-0.62247795,-0.30006376,-0.07773099,0.0,0.0,0.0,0.0,0.0,0.0,0.0,0.0,0.0,0.0,0.0,0.0
59,1.18,-0.82,passive,0.0072345733642578125,-0.05484771728515625,0.05022929981350899,0.6700419,-0.29177812,-0.33181137,-0.5964987,0.0502293,0.6095335,-0.4066926,-0.040548313,0.24816707,-0.610775,-0.3348264,-0.24130979,-0.3985515,0.2532554,0.16277571,-0.62057215,-0.30437645,-0.07739517,-0.40614095,-0.04049607,0.2480949,-0.61069465,-0.3325411,-0.24144712,-0.39684182,0.25313136,0.1621536,-0.62153023,-0.30221504,-0.07756419,0.0,0.0,0.0,0.0,0.0,0.0,0.0,0.0,0.0,0.0,0.0,0.0
60,1.2,-0.8,passive,0.0072345733642578125,-0.05484771728515625,0.05019211024045944,0.67026675,-0.29181808,-0.33139205,-0.5964597,0.05019211,0.61004305,-0.4072594,-0.040598027,0.24825026,-0.61084217,-0.33712208,-0.24117167,-0.40028018,0.25338185,0.16340992,-0.6196039,-0.30654773,-0.077223614,-0.4066926,-0.040548313,0.24816707,-0.610775,-0.3348264,-0.24130979,-0.3985515,0.2532554,0.16277571,-0.62057215,-0.30437645,-0.07739517,0.0,0.0,0.0,0.0,0.0,0.0,0.0,0.0,0.0,0.0,0.0,0.0
61,1.22,-0.78,passive,0.0072345733642578125,-0.05484771728515625,0.050154391676187515,0.670493,-0.291856,-0.33096874,-0.59642184,0.05015439,0.6105596,-0.4078424,-0.040645223,0.24834324,-0.6108981,-0.33942866,-0.24103276,-0.40202752,0.25351074,0.1640554,-0.61862653,-0.30872917,-0.07704981,-0.4072594,-0.040598027,0.24825026,-0.61084217,-0.33712208,-0.24117167,-0.40028018,0.25338185,0.16340992,-0.6196039,-0.30654773,-0.077223614,0.0,0.0,0.0,0.0,0.0,0.0,0.0,0.0,0.0,0.0,0.0,0.0
62,1.24,-0.76,passive,0.0072345733642578125,-0.05484771728515625,0.05012960731983185,0.6706505,-0.29185155,-0.3306759,-0.59640944,0.050129607,0.6109523,-0.40832245,-0.04067387,0.24844316,-0.6109221,-0.34174064,-0.24087863,-0.40326765,0.25359723,0.16453683,-0.6179371,-0.3109119,-0.07684603,-0.4078424,-0.040645223,0.24834324,-0.6108981,-0.33942866,-0.24103276,-0.40202752,0.25351074,0.1640554,-0.61862653,-0.30872917,-0.07704981,0.0,0.0,0.0,0.0,0.0,0.0,0.0,0.0,0.0,0.0,0.0,0.0
63,1.26,-0.74,passive,0.0072345733642578125,-0.05484771728515625,0.05011630430817604,0.6707473,-0.29181314,-0.3304975,-0.5964182,0.050116304,0.611233,-0.4087003,-0.040688194,0.24853276,-0.6109241,-0.3440677,-0.24073532,-0.40404496,0.2536506,0.1648681,-0.6175266,-0.31311038,-0.076662764,-0.40832245,-0.04067387,0.24844316,-0.6109221,-0.34174064,-0.24087863,-0.40326765,0.25359723,0.16453683,-0.6179371,-0.3109119,-0.07684603,0.0,0.0,0.0,0.0,0.0,0.0,0.0,0.0,0.0,0.0,0.0,0.0
64,1.28,-0.72,passive,0.0072345733642578125,-0.05484771728515625,0.05010519549250603,0.6708297,-0.29177412,-0.3303466,-0.59642816,0.050105195,0.611478,-0.40903845,-0.040699024,0.24862053,-0.61091536,-0.34640753,-0.24059477,-0.40470603,0.25369784,0.16516909,-0.6171819,-0.31532183,-0.07648292,-0.4087003,-0.040688194,0.24853276,-0.6109241,-0.3440677,-0.24073532,-0.40404496,0.2536506,0.1648681,-0.6175266,-0.31311038,-0.076662764,0.0,0.0,0.0,0.0,0.0,0.0,0.0,0.0,0.0,0.0,0.0,0.0
65,1.3,-0.7,passive,0.0072345733642578125,-0.05484771728515625,0.05009472742676735,0.6709052,-0.29174015,-0.33020884,-0.59643614,0.050094727,0.6116996,-0.40934786,-0.040708434,0.24870963,-0.61089754,-0.3487589,-0.2404547,-0.40531433,0.25374186,0.16545852,-0.61685747,-0.31754467,-0.07630282,-0.40903845,-0.040699024,0.24862053,-0.61091536,-0.34640753,-0.24059477,-0.40470603,0.25369784,0.16516909,-0.6171819,-0.31532183,-0.07648292,0.0,0.0,0.0,0.0,0.0,0.0,0.0,0.0,0.0,0.0,0.0,0.0
66,1.32,-0.68,passive,0.0072345733642578125,-0.05484771728515625,0.050084758549928665,0.6709755,-0.291711,-0.33008128,-0.5964419,0.05008476,0.61190206,-0.40963325,-0.040716738,0.24879996,-0.61087245,-0.35112157,-0.24031463,-0.40588236,0.25378326,0.16573814,-0.61654526,-0.3197785,-0.076121956,-0.40934786,-0.040708434,0.24870963,-0.61089754,-0.3487589,-0.2404547,-0.40531433,0.25374186,0.16545852,-0.61685747,-0.31754467,-0.07630282,0.0,0.0,0.0,0.0,0.0,0.0,0.0,0.0,0.0,0.0,0.0,0.0
67,1.34,-0.66,passive,0.0072345733642578125,-0.05484771728515625,0.050076015293598175,0.6710391,-0.29168183,-0.32996675,-0.59644794,0.050076015,0.6120873,-0.40989757,-0.040721774,0.24889135,-0.6108407,-0.353495,-0.24017304,-0.40639746,0.253823,0.16600496,-0.61625236,-0.32202443,-0.07593799,-0.40963325,-0.040716738,0.24879996,-0.61087245,-0.35112157,-0.24031463,-0.40588236,0.25378326,0.16573814,-0.61654526,-0.3197785,-0.076121956,0.0,0.0,0.0,0.0,0.0,0.0,0.0,0.0,0.0,0.0,0.0,0.0
68,1.36,-0.64,passive,0.0072345733642578125,-0.05484771728515625,0.0500716008245945,0.67108244,-0.2916385,-0.32988593,-0.59646523,0.0500716,0.6122445,-0.4101401,-0.040714383,0.2489839,-0.61079794,-0.3558796,-0.24003173,-0.40678167,0.2538646,0.16624825,-0.6160185,-0.32428133,-0.07575392,-0.40989757,-0.040721774,0.24889135,-0.6108407,-0.353495,-0.24017304,-0.40639746,0.253823,0.16600496,-0.61625236,-0.32202443,-0.07593799,0.0,0.0,0.0,0.0,0.0,0.0,0.0,0.0,0.0,0.0,0.0,0.0
69,1.38,-0.62,passive,0.0072345733642578125,-0.05484771728515625,0.050068359822034836,0.6711165,-0.29159623,-0.3298208,-0.5964835,0.05006836,0.6123797,-0.4103582,-0.040703926,0.24907427,-0.6107503,-0.3582763,-0.23989207,-0.40710053,0.25390473,0.16648245,-0.6158176,-0.32654732,-0.07557137,-0.4101401,-0.040714383,0.2489839,-0.61079794,-0.3558796,-0.24003173,-0.40678167,0.2538646,0.16624825,-0.6160185,-0.32428133,-0.07575392,0.0,0.0,0.0,0.0,0.0,0.0,0.0,0.0,0.0,0.0,0.0,0.0
70,1.4,-0.6,passive,0.0072345733642578125,-0.05484771728515625,0.05006523057818413,0.67114645,-0.29155922,-0.32976392,-0.5964993,0.05006523,0.6124979,-0.4105521,-0.040693607,0.24916223,-0.61070025,-0.3606846,-0.23975293,-0.40738136,0.25394255,0.16671239,-0.61563665,-0.32882413,-0.075388655,-0.4103582,-0.040703926,0.24907427,-0.6107503,-0.3582763,-0.23989207,-0.40710053,0.25390473,0.16648245,-0.6158176,-0.32654732,-0.07557137,0.0,0.0,0.0,0.0,0.0,0.0,0.0,0.0,0.0,0.0,0.0,0.0
71,1.42,-0.58,passive,0.0072345733642578125,-0.05484771728515625,0.05006225407123566,0.67117333,-0.29152772,-0.3297134,-0.5965125,0.050062254,0.6126014,-0.41072527,-0.040683404,0.2492477,-0.6106502,-0.3631044,-0.23961405,-0.4076333,0.253979,0.16693959,-0.61546975,-0.3311125,-0.075205564,-0.4105521,-0.040693607,0.24916223,-0.61070025,-0.3606846,-0.23975293,-0.40738136,0.25394255,0.16671239,-0.61563665,-0.32882413,-0.075388655,0.0,0.0,0.0,0.0,0.0,0.0,0.0,0.0,0.0,0.0,0.0,0.0
72,1.44,-0.56,passive,0.0072345733642578125,-0.05484771728515625,0.050059475004673004,0.67119706,-0.2915003,-0.32966897,-0.5965237,0.050059475,0.6126919,-0.41088125,-0.040672697,0.24933177,-0.6106001,-0.36553583,-0.23947553,-0.40786135,0.25401476,0.1671646,-0.6153134,-0.3334122,-0.07502208,-0.41072527,-0.040683404,0.2492477,-0.6106502,-0.3631044,-0.23961405,-0.4076333,0.253979,0.16693959,-0.61546975,-0.3311125,-0.075205564,0.0,0.0,0.0,0.0,0.0,0.0,0.0,0.0,0.0,0.0,0.0,0.0
73,1.46,-0.54,passive,0.0072345733642578125,-0.05484771728515625,0.05005689337849617,0.6712181,-0.2914763,-0.32962918,-0.5965338,0.050056893,0.61277235,-0.41102263,-0.040661387,0.2494158,-0.61055005,-0.36797884,-0.23933725,-0.40806845,0.25405028,0.16738743,-0.615167,-0.33572307,-0.07483814,-0.41088125,-0.040672697,0.24933177,-0.6106001,-0.36553583,-0.23947553,-0.40786135,0.25401476,0.1671646,-0.6153134,-0.3334122,-0.07502208,0.0,0.0,0.0,0.0,0.0,0.0,0.0,0.0,0.0,0.0,0.0,0.0
74,1.48,-0.52,passive,0.0072345733642578125,-0.05484771728515625,0.05005452781915665,0.67123646,-0.29145434,-0.32959303,-0.59654385,0.050054528,0.6128456,-0.4111513,-0.0406496,0.24949925,-0.6105,-0.37043348,-0.23919931,-0.40825698,0.25408486,0.16760817,-0.61503005,-0.33804515,-0.07465382,-0.41102263,-0.040661387,0.2494158,-0.61055005,-0.36797884,-0.23933725,-0.40806845,0.25405028,0.16738743,-0.615167,-0.33572307,-0.07483814,0.0,0.0,0.0,0.0,0.0,0.0,0.0,0.0,0.0,0.0,0.0,0.0
75,1.5,-0.5,passive,0.0072345733642578125,-0.05484771728515625,0.05005234479904175,0.6712552,-0.29143405,-0.32955992,-0.596551,0.050052345,0.6129129,-0.41126877,-0.04063746,0.24958235,-0.6104499,-0.37289977,-0.23906162,-0.40842885,0.2541194,0.16782679,-0.61490244,-0.34037852,-0.07446911,-0.4111513,-0.0406496,0.24949925,-0.6105,-0.37043348,-0.23919931,-0.40825698,0.25408486,0.16760817,-0.61503005,-0.33804515,-0.07465382,0.0,0.0,0.0,0.0,0.0,0.0,0.0,0.0,0.0,0.0,0.0,0.0
76,1.52,-0.48,passive,0.0072345733642578125,-0.05484771728515625,0.05005032569169998,0.6712715,-0.29141623,-0.32952994,-0.5965578,0.050050326,0.6129732,-0.41137627,-0.040625103,0.24966484,-0.6104022,-0.37537777,-0.23892419,-0.40858552,0.25415277,0.1680434,-0.61478376,-0.34272325,-0.07428396,-0.41126877,-0.04063746,0.24958235,-0.6104499,-0.37289977,-0.23906162,-0.40842885,0.2541194,0.16782679,-0.61490244,-0.34037852,-0.07446911,0.0,0.0,0.0,0.0,0.0,0.0,0.0,0.0,0.0,0.0,0.0,0.0
77,1.54,-0.46,passive,0.0072345733642578125,-0.05484771728515625,0.05004845932126045,0.67128646,-0.29140034,-0.3295028,-0.59656376,0.05004846,0.6130275,-0.4114748,-0.040612586,0.24974655,-0.6103559,-0.37786746,-0.2387871,-0.40872857,0.25418615,0.16825798,-0.6146735,-0.34507936,-0.074098416,-0.41137627,-0.040625103,0.24966484,-0.6104022,-0.37537777,-0.23892419,-0.40858552,0.25415277,0.1680434,-0.61478376,-0.34272325,-0.07428396,0.0,0.0,0.0,0.0,0.0,0.0,0.0,0.0,0.0,0.0,0.0,0.0
78,1.56,-0.44,passive,0.0072345733642578125,-0.05484771728515625,0.05004673823714256,0.67129904,-0.29138637,-0.32947963,-0.59656924,0.05004674,0.6130743,-0.4115652,-0.04060007,0.24982736,-0.6103115,-0.38036907,-0.23865038,-0.4088594,0.25421837,0.16847062,-0.6145715,-0.34744692,-0.07391255,-0.4114748,-0.040612586,0.24974655,-0.6103559,-0.37786746,-0.2387871,-0.40872857,0.25418615,0.16825798,-0.6146735,-0.34507936,-0.074098416,0.0,0.0,0.0,0.0,0.0,0.0,0.0,0.0,0.0,0.0,0.0,0.0
79,1.58,-0.42,passive,0.0072345733642578125,-0.05484771728515625,0.05004515126347542,0.6713112,-0.2913723,-0.32945827,-0.59657425,0.05004515,0.6131189,-0.41164815,-0.040587552,0.24990724,-0.6102691,-0.38288257,-0.23851389,-0.408979,0.25425056,0.16868152,-0.61447716,-0.34982592,-0.073726356,-0.4115652,-0.04060007,0.24982736,-0.6103115,-0.38036907,-0.23865038,-0.4088594,0.25421837,0.16847062,-0.6145715,-0.34744692,-0.07391255,0.0,0.0,0.0,0.0,0.0,0.0,0.0,0.0,0.0,0.0,0.0,0.0
80,1.6,-0.4,passive,0.0072345733642578125,-0.05484771728515625,0.05004367604851723,0.67132205,-0.29135963,-0.32943863,-0.5965791,0.050043676,0.61315954,-0.41172448,-0.040575095,0.2499862,-0.6102289,-0.38540775,-0.23837784,-0.40908837,0.2542818,0.1688907,-0.6143899,-0.35221654,-0.073539786,-0.41164815,-0.040587552,0.24990724,-0.6102691,-0.38288257,-0.23851389,-0.408979,0.25425056,0.16868152,-0.61447716,-0.34982592,-0.073726356,0.0,0.0,0.0,0.0,0.0,0.0,0.0,0.0,0.0,0.0,0.0,0.0
81,1.62,-0.38,passive,0.0072345733642578125,-0.05484771728515625,0.05004233494400978,0.6713316,-0.29134828,-0.32942054,-0.59658384,0.050042335,0.6131966,-0.4117947,-0.04056273,0.2500641,-0.61019087,-0.38794494,-0.23824196,-0.40918854,0.25431278,0.16909824,-0.6143093,-0.35461882,-0.073352866,-0.41172448,-0.040575095,0.2499862,-0.6102289,-0.38540775,-0.23837784,-0.40908837,0.2542818,0.1688907,-0.6143899,-0.35221654,-0.073539786,0.0,0.0,0.0,0.0,0.0,0.0,0.0,0.0,0.0,0.0,0.0,0.0
82,1.64,-0.36,passive,0.0072345733642578125,-0.05484771728515625,0.05004109814763069,0.6713405,-0.2913379,-0.32940385,-0.596588,0.0500411,0.61323065,-0.4118593,-0.04055051,0.25014114,-0.6101551,-0.39049423,-0.23810662,-0.40928033,0.2543432,0.16930436,-0.61423516,-0.3570328,-0.073165596,-0.4117947,-0.04056273,0.2500641,-0.61019087,-0.38794494,-0.23824196,-0.40918854,0.25431278,0.16909824,-0.6143093,-0.35461882,-0.073352866,0.0,0.0,0.0,0.0,0.0,0.0,0.0,0.0,0.0,0.0,0.0,0.0
83,1.66,-0.34,passive,0.0072345733642578125,-0.05484771728515625,0.05003993213176727,0.6713494,-0.29132876,-0.3293886,-0.5965909,0.050039932,0.61326146,-0.41191885,-0.04053846,0.2502172,-0.6101216,-0.39305544,-0.23797135,-0.40936446,0.254373,0.16950902,-0.6141666,-0.35945848,-0.07297795,-0.4118593,-0.04055051,0.25014114,-0.6101551,-0.39049423,-0.23810662,-0.40928033,0.2543432,0.16930436,-0.61423516,-0.3570328,-0.073165596,0.0,0.0,0.0,0.0,0.0,0.0,0.0,0.0,0.0,0.0,0.0,0.0
84,1.68,-0.32,passive,0.0072345733642578125,-0.05484771728515625,0.050038889050483704,0.671357,-0.29132095,-0.32937503,-0.5965937,0.05003889,0.6132884,-0.41197363,-0.04052659,0.2502923,-0.6100902,-0.39562863,-0.23783664,-0.40944156,0.25440282,0.16971241,-0.61410373,-0.361896,-0.072789975,-0.41191885,-0.04053846,0.2502172,-0.6101216,-0.39305544,-0.23797135,-0.40936446,0.254373,0.16950902,-0.6141666,-0.35945848,-0.07297795,0.0,0.0,0.0,0.0,0.0,0.0,0.0,0.0,0.0,0.0,0.0,0.0
85,1.7,-0.3,passive,0.0072345733642578125,-0.05484771728515625,0.05003791302442551,0.6713642,-0.29131383,-0.32936218,-0.5965961,0.050037913,0.6133136,-0.4120241,-0.040514894,0.25036633,-0.61006075,-0.39821398,-0.2377021,-0.40951237,0.2544315,0.16991459,-0.6140458,-0.36434546,-0.07260163,-0.41197363,-0.04052659,0.2502923,-0.6100902,-0.39562863,-0.23783664,-0.40944156,0.25440282,0.16971241,-0.61410373,-0.361896,-0.072789975,0.0,0.0,0.0,0.0,0.0,0.0,0.0,0.0,0.0,0.0,0.0,0.0
86,1.72,-0.28,passive,0.0072345733642578125,-0.05484771728515625,0.050037018954753876,0.6713706,-0.29130712,-0.3293508,-0.59659845,0.05003702,0.61333644,-0.41207057,-0.040503375,0.25043958,-0.6100331,-0.40081152,-0.23756799,-0.4095773,0.2544601,0.17011565,-0.6139924,-0.36680683,-0.07241294,-0.4120241,-0.040514894,0.25036633,-0.61006075,-0.39821398,-0.2377021,-0.40951237,0.2544315,0.16991459,-0.6140458,-0.36434546,-0.07260163,0.0,0.0,0.0,0.0,0.0,0.0,0.0,0.0,0.0,0.0,0.0,0.0
87,1.74,-0.26,passive,0.0072345733642578125,-0.05484771728515625,0.05003618821501732,0.6713759,-0.2913,-0.3293414,-0.5966013,0.05003619,0.61335707,-0.41211343,-0.04049204,0.25051197,-0.6100071,-0.40342128,-0.23743427,-0.40963686,0.2544887,0.17031562,-0.61394346,-0.36928013,-0.07222397,-0.41207057,-0.040503375,0.25043958,-0.6100331,-0.40081152,-0.23756799,-0.4095773,0.2544601,0.17011565,-0.6139924,-0.36680683,-0.07241294,0.0,0.0,0.0,0.0,0.0,0.0,0.0,0.0,0.0,0.0,0.0,0.0
88,1.76,-0.24,passive,0.0072345733642578125,-0.05484771728515625,0.050035443156957626,0.67138076,-0.2912943,-0.32933193,-0.5966038,0.050035443,0.6133762,-0.4121529,-0.04048089,0.2505835,-0.60998327,-0.40604332,-0.23730075,-0.40969145,0.25451627,0.17051458,-0.61389846,-0.37176535,-0.07203465,-0.41211343,-0.04049204,0.25051197,-0.6100071,-0.40342128,-0.23743427,-0.40963686,0.2544887,0.17031562,-0.61394346,-0.36928013,-0.07222397,0.0,0.0,0.0,0.0,0.0,0.0,0.0,0.0,0.0,0.0,0.0,0.0
89,1.78,-0.22,passive,0.0072345733642578125,-0.05484771728515625,0.05003470182418823,0.67138547,-0.29128832,-0.32932338,-0.59660614,0.0500347,0.61339444,-0.4121893,-0.04046992,0.25065407,-0.6099611,-0.4086777,-0.23716779,-0.40974152,0.2545437,0.17071272,-0.613857,-0.37426278,-0.07184498,-0.4121529,-0.04048089,0.2505835,-0.60998327,-0.40604332,-0.23730075,-0.40969145,0.25451627,0.17051458,-0.61389846,-0.37176535,-0.07203465,0.0,0.0,0.0,0.0,0.0,0.0,0.0,0.0,0.0,0.0,0.0,0.0
90,1.8,-0.2,passive,0.0072345733642578125,-0.05484771728515625,0.05003410577774048,0.6713899,-0.2912826,-0.32931513,-0.59660846,0.050034106,0.613412,-0.4122228,-0.04045913,0.25072402,-0.6099401,-0.41132438,-0.23703496,-0.4097875,0.2545711,0.17090999,-0.613819,-0.37677222,-0.071655005,-0.4121893,-0.04046992,0.25065407,-0.6099611,-0.4086777,-0.23716779,-0.40974152,0.2545437,0.17071272,-0.613857,-0.37426278,-0.07184498,0.0,0.0,0.0,0.0,0.0,0.0,0.0,0.0,0.0,0.0,0.0,0.0
91,1.82,-0.18,passive,0.0072345733642578125,-0.05484771728515625,0.050033509731292725,0.67139286,-0.29127812,-0.32930782,-0.59661144,0.05003351,0.6134268,-0.4122537,-0.040448524,0.25079316,-0.60992104,-0.4139835,-0.23690264,-0.40982968,0.2545984,0.17110644,-0.61378425,-0.3792938,-0.0714647,-0.4122228,-0.04045913,0.25072402,-0.6099401,-0.41132438,-0.23703496,-0.4097875,0.2545711,0.17090999,-0.613819,-0.37677222,-0.071655005,0.0,0.0,0.0,0.0,0.0,0.0,0.0,0.0,0.0,0.0,0.0,0.0
92,1.84,-0.16,passive,0.0072345733642578125,-0.05484771728515625,0.05003291368484497,0.6713959,-0.29127368,-0.32930005,-0.5966145,0.050032914,0.61344224,-0.4122822,-0.04043811,0.25086132,-0.60990334,-0.41665503,-0.23677061,-0.40986836,0.25462463,0.1713022,-0.6137523,-0.38182768,-0.071274064,-0.4122537,-0.040448524,0.25079316,-0.60992104,-0.4139835,-0.23690264,-0.40982968,0.2545984,0.17110644,-0.61378425,-0.3792938,-0.0714647,0.0,0.0,0.0,0.0,0.0,0.0,0.0,0.0,0.0,0.0,0.0,0.0
93,1.86,-0.14,passive,0.0072345733642578125,-0.05484771728515625,0.05003246292471886,0.6713983,-0.2912701,-0.32929376,-0.59661686,0.050032463,0.6134547,-0.41230842,-0.040427867,0.2509291,-0.60988665,-0.41933903,-0.23663889,-0.4099039,0.25465086,0.1714973,-0.61372304,-0.3843738,-0.0710831,-0.4122822,-0.04043811,0.25086132,-0.60990334,-0.41665503,-0.23677061,-0.40986836,0.25462463,0.1713022,-0.6137523,-0.38182768,-0.071274064,0.0,0.0,0.0,0.0,0.0,0.0,0.0,0.0,0.0,0.0,0.0,0.0
94,1.88,-0.12,passive,0.0072345733642578125,-0.05484771728515625,0.05003201588988304,0.6714007,-0.29126656,-0.3292877,-0.5966193,0.050032016,0.6134668,-0.41233262,-0.040417794,0.25099584,-0.6098718,-0.42203552,-0.23650773,-0.40993643,0.2546771,0.17169176,-0.6136963,-0.38693222,-0.07089182,-0.41230842,-0.040427867,0.2509291,-0.60988665,-0.41933903,-0.23663889,-0.4099039,0.25465086,0.1714973,-0.61372304,-0.3843738,-0.0710831,0.0,0.0,0.0,0.0,0.0,0.0,0.0,0.0,0.0,0.0,0.0,0.0
95,1.9,-0.1,passive,0.0072345733642578125,-0.05484771728515625,0.050031568855047226,0.67140305,-0.29126304,-0.32928193,-0.59662163,0.05003157,0.61347854,-0.41235477,-0.040407885,0.2510622,-0.6098575,-0.4247446,-0.23637679,-0.4099663,0.2547033,0.17188565,-0.61367184,-0.38950297,-0.07070019,-0.41233262,-0.040417794,0.25099584,-0.6098718,-0.42203552,-0.23650773,-0.40993643,0.2546771,0.17169176,-0.6136963,-0.38693222,-0.07089182,0.0,0.0,0.0,0.0,0.0,0.0,0.0,0.0,0.0,0.0,0.0,0.0
96,1.92,-0.08,passive,0.0072345733642578125,-0.05484771728515625,0.05003112554550171,0.67140496,-0.29126042,-0.32927668,-0.59662354,0.050031126,0.61348844,-0.4123753,-0.040398125,0.25112778,-0.6098449,-0.42746624,-0.23624626,-0.4099937,0.25472945,0.17207901,-0.6136495,-0.39208618,-0.07050824,-0.41235477,-0.040407885,0.2510622,-0.6098575,-0.4247446,-0.23637679,-0.4099663,0.2547033,0.17188565,-0.61367184,-0.38950297,-0.07070019,0.0,0.0,0.0,0.0,0.0,0.0,0.0,0.0,0.0,0.0,0.0,0.0
97,1.94,-0.06,passive,0.0072345733642578125,-0.05484771728515625,0.05003082752227783,0.6714071,-0.29125738,-0.3292718,-0.59662527,0.050030828,0.61349845,-0.412394,-0.04038852,0.25119293,-0.609833,-0.43020052,-0.23611611,-0.41001886,0.25475448,0.17227192,-0.613629,-0.3946818,-0.07031595,-0.4123753,-0.040398125,0.25112778,-0.6098449,-0.42746624,-0.23624626,-0.4099937,0.25472945,0.17207901,-0.6136495,-0.39208618,-0.07050824,0.0,0.0,0.0,0.0,0.0,0.0,0.0,0.0,0.0,0.0,0.0,0.0
98,1.96,-0.04,passive,0.0072345733642578125,-0.05484771728515625,0.050030529499053955,0.67140985,-0.2912544,-0.3292683,-0.5966256,0.05003053,0.61350656,-0.41241127,-0.040379062,0.2512573,-0.609822,-0.43294743,-0.23598622,-0.41004193,0.25477952,0.17246436,-0.61360997,-0.39728993,-0.07012335,-0.412394,-0.04038852,0.25119293,-0.609833,-0.43020052,-0.23611611,-0.41001886,0.25475448,0.17227192,-0.613629,-0.3946818,-0.07031595,0.0,0.0,0.0,0.0,0.0,0.0,0.0,0.0,0.0,0.0,0.0,0.0
99,1.98,-0.02,passive,0.0072345733642578125,-0.05484771728515625,0.05003023147583008,0.6714125,-0.2912516,-0.32926488,-0.5966259,0.05003023,0.6135143,-0.41242716,-0.04036975,0.25132117,-0.60981244,-0.4357071,-0.23585688,-0.4100629,0.25480455,0.17265628,-0.6135933,-0.39991057,-0.069930434,-0.41241127,-0.040379062,0.2512573,-0.609822,-0.43294743,-0.23598622,-0.41004193,0.25477952,0.17246436,-0.61360997,-0.39728993,-0.07012335,0.0,0.0,0.0,0.0,0.0,0.0,0.0,0.0,0.0,0.0,0.0,0.0
100,2.0,0.0,passive,0.0072345733642578125,-0.05484771728515625,0.0500299334526062,0.6714151,-0.2912493,-0.3292614,-0.5966261,0.050029933,0.6135216,-0.41244167,-0.04036058,0.25138435,-0.6098029,-0.4384795,-0.23572779,-0.41008228,0.2548296,0.17284784,-0.6135778,-0.40254384,-0.069737166,-0.41242716,-0.04036975,0.25132117,-0.60981244,-0.4357071,-0.23585688,-0.4100629,0.25480455,0.17265628,-0.6135933,-0.39991057,-0.069930434,0.0,0.0,0.0,0.0,0.0,0.0,0.0,0.0,0.0,0.0,0.0,0.0
101,2.02,0.02,A_lift,0.0075130462646484375,-0.05609321594238281,0.05170860141515732,0.68197584,-0.2721075,-0.30759478,-0.60518754,0.0517086,0.66268593,-0.47639906,-0.0329402,0.2715347,-0.614852,-0.38036472,-0.14705803,-0.47554758,0.23703946,0.12134656,-0.62119323,-0.34369352,0.03579843,-0.61244166,0.11999999,0.3,-0.65,-0.23847951,-0.035727784,-0.61008227,0.054829583,0.06959457,-0.65,-0.20254384,0.13026284,-1.25,0.12,0.3,-0.65,-0.035439182,0.8,-1.25,-0.12,0.06959457,-0.65,0.23863445,0.3
102,2.04,0.04,A_lift,0.008260726928710938,-0.058551788330078125,0.05479862913489342,0.70368487,-0.23315854,-0.2659153,-0.61624175,0.05479863,0.7498523,-0.59746265,-0.020244706,0.29414207,-0.61925584,-0.29311118,-0.0029766103,-0.6004485,0.17008223,-0.014091916,-0.62673104,-0.23713794,0.17967822,-0.81244165,0.12,0.3,-0.65,-0.08870089,0.16427222,-0.81008226,-0.11999999,-0.13040543,-0.65,-0.0025438368,0.3,-1.25,0.12,0.3,-0.65,-0.08870089,0.8,-1.25,-0.12,-0.3,-0.65,1.2429183,0.3
103,2.06,0.06,A_lift,0.008840560913085938,-0.06177330017089844,0.057016272097826004,0.72508705,-0.18690601,-0.21918221,-0.6255191,0.057016272,0.8340506,-0.761766,-0.011882214,0.3090875,-0.6371282,-0.18676466,0.10767823,-0.7645077,0.07860168,-0.21123664,-0.59517956,-0.11853334,0.2902961,-1.0124416,0.12,0.3,-0.65,0.11129911,0.36427224,-1.0100822,-0.12,-0.3,-0.5116708,0.19745617,0.3,-1.25,0.12,0.3,-0.65,0.12709501,0.8,-1.25,-0.12,-0.3,-0.5116708,1.3,0.3
104,2.08,0.08,A_lift,0.009683609008789062,-0.06392860412597656,0.05823950469493866,0.7356644,-0.15366025,-0.18003832,-0.6346437,0.058239505,0.88794947,-0.9378195,0.024553178,0.3032795,-0.5776134,-0.04394248,0.28703323,-0.9522333,-0.0054897466,-0.28959775,-0.50752026,0.027686128,0.3154505,-1.2124417,0.12,0.3,-0.45,0.31129912,0.5642722,-1.2100823,-0.12,-0.3,-0.31167084,0.39745617,0.3,-1.25,0.12,0.3,1.049117,0.8444144,0.8,-1.25,-0.12,-0.3,0.49352357,1.3,0.3
105,2.1,0.1,A_lift,0.010705947875976562,-0.06581687927246094,0.05762851983308792,0.7319036,-0.1471928,-0.1683514,-0.64366853,0.05762852,0.8999842,-1.0667032,0.082018904,0.3005841,-0.47308764,0.11947864,0.49345914,-1.0813779,-0.07508257,-0.31381527,-0.3807322,0.19383475,0.31138763,-1.25,0.12,0.3,-0.24999999,0.51129913,0.7642722,-1.25,-0.12,-0.3,-0.11167084,0.59745616,0.3,-1.25,0.12,0.3,1.65,1.2006625,0.8,-1.25,-0.12,-0.3,1.65,1.3,0.3
106,2.12,0.12,A_lift,0.011800765991210938,-0.06729888916015625,0.055465102195739746,0.7142759,-0.18033767,-0.20724714,-0.6436901,0.055465102,0.8490539,-1.0667334,0.14100462,0.29743522,-0.33581427,0.29850245,0.6418534,-1.0868555,-0.13056052,-0.30334544,-0.23383632,0.37121946,0.3065876,-1.05,0.12,0.3,-0.049999982,0.7112991,0.8,-1.05,-0.12,-0.3,0.088329166,0.79745615,0.3,-0.25757176,0.12,0.3,1.65,1.3,0.8,-0.8268103,-0.12,-0.3,1.65,1.3,0.3
107,2.14,0.14,A_lift,0.013452529907226562,-0.06826591491699219,0.05166798084974289,0.68502265,-0.24436052,-0.27254814,-0.6298805,0.05166798,0.7320109,-0.9769206,0.14935024,0.26438174,-0.17634931,0.48881543,0.7318774,-1.0087221,-0.1483262,-0.25935134,-0.074685924,0.5542992,0.29880038,-0.84999996,0.12,0.3,0.15000002,0.9112991,0.8,-0.84999996,-0.12,-0.3,0.28832918,0.99745613,0.3,0.72177887,0.12,0.3,1.65,1.3,0.8,0.43446103,-0.12,-0.3,1.65,1.3,0.3
108,2.16,0.16,A_lift,0.014745712280273438,-0.06928253173828125,0.047378771007061005,0.6430637,-0.3151686,-0.34533036,-0.606535,0.04737877,0.5628314,-0.84843206,0.14127405,0.26963228,-0.0026580621,0.68489724,0.76602304,-0.88843423,-0.14187716,-0.2603207,0.101319835,0.7527802,0.2931837,-0.65,0.12,0.3,0.35000002,1.1112992,0.8,-0.65,-0.12,-0.3,0.48832917,1.1974561,0.3,1.3367336,0.12,0.3,1.65,1.2827111,0.8,1.0588939,-0.12,-0.3,1.65,1.3,0.3
109,2.18,0.18,A_lift,0.013963699340820312,-0.06547164916992188,0.057866841554641724,0.60795766,-0.36499354,-0.391238,-0.5866004,0.05786684,0.4274251,-0.70814604,0.13044578,0.27441084,0.1540383,0.74079454,0.77792686,-0.75806814,-0.13240701,-0.28531426,0.25898916,0.81164205,0.29833347,-0.45,0.12,0.3,0.55,0.91129917,0.8,-0.45,-0.12,-0.3,0.68832916,0.99745613,0.3,1.1895936,0.12,0.3,1.65,0.84952366,0.8,1.0426548,-0.12,-0.3,1.65,0.8776299,0.3
110,2.2,0.2,A_lift,0.01224517822265625,-0.06096458435058594,0.07641546428203583,0.56366414,-0.41243094,-0.44932732,-0.5570355,0.076415464,0.25601137,-0.5493635,0.12413626,0.27839184,0.33939204,0.7260241,0.7917062,-0.5594125,-0.12511018,-0.28440103,0.46271113,0.80698806,0.29866797,-0.24999999,0.12,0.3,0.75,0.7112992,0.8,-0.24999999,-0.12,-0.3,0.88832915,0.79745615,0.3,0.54249656,0.12,0.3,1.65,0.50576955,0.8,0.34175593,-0.12,-0.3,1.65,0.6770944,0.3
111,2.22,0.22,A_lift,0.010284423828125,-0.05923652648925781,0.09175635874271393,0.5302426,-0.46835434,-0.48121536,-0.5176087,0.09175636,0.09815198,-0.37556398,0.11744806,0.2866507,0.54022837,0.6576845,0.7980744,-0.4332604,-0.114362925,-0.28874847,0.6977886,0.752722,0.29841924,-0.049999982,0.12,0.3,0.95,0.5112992,0.8,-0.33441582,-0.12,-0.3,1.0883292,0.59745616,0.3,0.0029744,0.12,0.3,1.65,0.30341336,0.8,-0.33441582,-0.12,-0.3,1.65,0.57397586,0.3
112,2.24,0.24,A_lift,0.008016586303710938,-0.05972862243652344,0.10085547715425491,0.5315055,-0.4985306,-0.47693866,-0.49142516,0.10085548,0.04799354,-0.3201116,0.105359994,0.2940908,0.7521403,0.5567279,0.8019603,-0.46222028,-0.10763759,-0.29879588,0.9134801,0.682565,0.29804203,-0.24999999,0.12,0.3,1.15,0.3112992,0.8,-0.53441584,-0.12,-0.3,1.2883292,0.51352787,0.3,-0.3955368,0.12,0.3,1.65,0.035275627,0.8,-0.6443007,-0.12,-0.3,1.65,0.51352787,0.3
113,2.26,0.26,A_lift,0.0055084228515625,-0.062068939208984375,0.10451055318117142,0.5474014,-0.50674194,-0.46077713,-0.48088345,0.10451055,0.061794043,-0.36470336,0.09562212,0.30590856,0.96452135,0.42084813,0.7973664,-0.5677731,-0.101303674,-0.3033625,1.1184943,0.5850403,0.3005491,-0.45,0.12,0.3,1.35,0.1112992,0.8,-0.7344158,-0.12,-0.3,1.4883293,0.36377066,0.3,-0.55658245,0.12,0.3,1.65,-0.014029336,0.8,-0.85100645,-0.12,-0.3,1.65,0.36377066,0.3
114,2.28,0.28,A_lift,0.002834320068359375,-0.06520843505859375,0.10351363569498062,0.56948775,-0.50147784,-0.43720978,-0.48275384,0.103513636,0.114735186,-0.47332278,0.08435645,0.30909014,1.1700001,0.27113554,0.79375654,-0.715733,-0.093532376,-0.30404678,1.3027931,0.47153455,0.30168432,-0.65,0.12,0.3,1.5500001,-0.07576859,0.7964515,-0.9344158,-0.12,-0.3,1.65,0.20577987,0.3,-0.6835669,0.12,0.3,1.65,-0.07576859,0.7964515,-1.057916,-0.12,-0.3,1.65,0.20577987,0.3
115,2.3,0.3,A_lift,0.0002727508544921875,-0.06734275817871094,0.10065650194883347,0.5872584,-0.4922199,-0.4211536,-0.48525965,0.1006565,0.16069841,-0.57534343,0.08227094,0.31137562,1.3358712,0.17404924,0.7905576,-0.86842096,-0.097717114,-0.3076572,1.4131712,0.36393178,0.30625597,-0.71029025,0.12,0.3,1.65,-0.03359654,0.8,-1.1344159,-0.12,-0.3,1.5246562,0.0057798624,0.3,-0.71029025,0.12,0.3,1.65,-0.03359654,0.8,-1.2296312,-0.12,-0.3,1.5246562,0.000113122165,0.3
116,2.32,0.32,A_lift,-0.00370025634765625,-0.06582260131835938,0.09807462245225906,0.6065752,-0.48522678,-0.41195852,-0.47635266,0.09807462,0.18969029,-0.6235009,0.093537375,0.31160864,1.4389623,0.13344465,0.79145694,-0.9995767,-0.10818767,-0.30262792,1.4268042,0.26522928,0.29861042,-0.6578561,0.12,0.3,1.65,0.05857904,0.8,-1.25,-0.12,-0.3,1.3246561,-0.081923276,0.3,-0.6578561,0.12,0.3,1.65,0.05857904,0.8,-1.25,-0.12,-0.3,1.1778319,-0.081923276,0.3
117,2.34,0.34,A_lift,-0.0076732635498046875,-0.0638885498046875,0.09363259375095367,0.6135065,-0.48875427,-0.41920716,-0.45715916,0.093632594,0.17076921,-0.61614573,0.11864898,0.30648732,1.5163573,0.11880775,0.7898023,-1.0685592,-0.11850669,-0.29651606,1.4427664,0.20929274,0.29824904,-0.62606514,0.12,0.3,1.65,0.078210615,0.8,-1.1258056,-0.12,-0.3,1.5246562,0.11807673,0.3,-0.62606514,0.12,0.3,1.65,0.078210615,0.8,-1.1258056,-0.12,-0.3,1.65,0.37947652,0.3
118,2.36,0.36,A_lift,-0.010622024536132812,-0.062023162841796875,0.08685488998889923,0.59855556,-0.50544846,-0.45571402,-0.42258468,0.08685489,0.073693156,-0.5377023,0.1290458,0.30284098,1.5628366,0.14846295,0.78314936,-1.0265917,-0.12669723,-0.29287767,1.5026501,0.23547487,0.299139,-0.42606515,0.12,0.3,1.65,0.21454296,0.8,-0.9258056,-0.12,-0.3,1.65,0.31807673,0.3,-0.21730629,0.12,0.3,1.65,0.21454294,0.8,-0.50426626,-0.12,-0.3,1.65,0.9300494,0.3
119,2.38,0.38,A_lift,-0.012416839599609375,-0.05985832214355469,0.08179020881652832,0.57812506,-0.52212924,-0.49510023,-0.38474444,0.08179021,-0.03548634,-0.42714313,0.12769955,0.30334938,1.5791498,0.18413217,0.7664554,-0.9253793,-0.12360834,-0.2964503,1.5579094,0.31674588,0.2996767,-0.22606514,0.12,0.3,1.65,0.27194878,0.8,-0.72580564,-0.12,-0.3,1.65,0.5180767,0.3,0.52129984,0.12,0.3,1.65,0.27194878,0.8,0.38088527,-0.12,-0.3,1.65,1.2140688,0.3
120,2.4,0.4,A_lift,-0.010282516479492188,-0.05633735656738281,0.08735430240631104,0.5709594,-0.52529204,-0.5145992,-0.36504993,0.0873543,-0.08148813,-0.29148772,0.12432788,0.3072041,1.576985,0.14959957,0.75820166,-0.78373337,-0.11940341,-0.30613527,1.577869,0.4217044,0.29046026,-0.026065141,0.12,0.3,1.65,0.07194878,0.8,-0.52580565,-0.12,-0.3,1.65,0.6623203,0.3,1.187697,0.12,0.3,1.65,-0.16529086,0.8,0.8980364,-0.12,-0.3,1.65,0.6623203,0.3
121,2.42,0.42,A_lift,-0.0066356658935546875,-0.0533447265625,0.09640303999185562,0.5651574,-0.527041,-0.53277814,-0.34492365,0.09640304,-0.12324953,-0.11372413,0.120204106,0.30608165,1.5897595,0.064150676,0.7689796,-0.61859065,-0.11784158,-0.29929495,1.5791589,0.43812484,0.27590317,0.17393486,0.12,0.3,1.65,-0.12805122,0.8,-0.32580566,-0.12,-0.3,1.65,0.46232033,0.3,0.98094684,0.12,0.3,1.65,-0.5,0.8,0.6823714,-0.12,-0.3,1.65,0.21293734,0.3
122,2.44,0.44,A_lift,-0.00234222412109375,-0.05219459533691406,0.10588936507701874,0.55368096,-0.52777517,-0.55423313,-0.32820186,0.105889365,-0.17144191,0.084199496,0.12365778,0.30080208,1.6075549,-0.054063555,0.7736795,-0.43974528,-0.11220406,-0.28897324,1.5847863,0.39318362,0.25303373,0.37393486,0.12,0.3,1.65,-0.3280512,0.8,-0.12580566,-0.12,-0.3,1.65,0.26232034,0.3,0.44469455,0.12,0.3,1.65,-0.5,0.8,0.13949874,-0.12,-0.3,1.65,-0.06183284,0.3
123,2.46,0.46,A_lift,0.0014781951904296875,-0.052204132080078125,0.11225970834493637,0.5620568,-0.51263714,-0.5569719,-0.33328325,0.11225971,-0.14602911,0.1347673,0.12120558,0.3049301,1.6373384,-0.17786251,0.75796217,-0.38438615,-0.10609215,-0.26345718,1.5725474,0.33020413,0.23112665,0.17393486,0.12,0.3,1.65,-0.5,0.8,-0.32580566,-0.12,-0.3,1.4499999,0.062320337,0.3,0.011430583,0.12,0.3,1.65,-0.5,0.8,-0.44656593,-0.12,-0.3,1.3194675,-0.30905232,0.3
124,2.48,0.48,A_lift,0.0031299591064453125,-0.05006217956542969,0.12039098888635635,0.5892987,-0.47872436,-0.54561365,-0.35476178,0.12039099,-0.053742528,0.08272959,0.11914631,0.30975816,1.6561638,-0.26440987,0.6571166,-0.4177406,-0.09661452,-0.21735221,1.5391705,0.26850447,0.18252736,-0.026065141,0.12,0.3,1.65,-0.5,0.6,-0.52580565,-0.12,-0.3,1.2499999,-0.13767967,0.3,-0.3772705,0.12,0.3,1.65,-0.5,0.13870281,-1.1810209,-0.12,-0.3,0.61819905,-0.5,0.3
125,2.5,0.5,A_lift,0.002597808837890625,-0.04348182678222656,0.13388177752494812,0.63648206,-0.42756915,-0.51415557,-0.3843428,0.13388178,0.10565734,-0.02391867,0.11439068,0.30287883,1.6254272,-0.29592445,0.5301038,-0.51419485,-0.10007781,-0.16648582,1.4792641,0.17118166,0.12644257,-0.22606514,0.12,0.3,1.4706644,-0.45902196,0.40000004,-0.72580564,-0.12,-0.3,1.0499998,-0.33767968,0.3,-0.7608364,0.12,0.3,1.4706644,-0.45902196,-0.3,-1.25,-0.12,-0.3,0.58320856,-0.48136616,0.3
126,2.52,0.52,A_lift,3.24249267578125e-05,-0.03235054016113281,0.1540461629629135,0.7026535,-0.36423922,-0.45353055,-0.40977788,0.15404616,0.32327968,-0.16992036,0.10625356,0.2769409,1.540733,-0.30857217,0.41266048,-0.6575525,-0.121296726,-0.1305759,1.3505018,0.06461829,0.11403778,-0.42606515,0.12,0.3,1.2706643,-0.47043592,0.20000003,-0.9258056,-0.12,-0.3,0.92094964,-0.36825904,0.3,-0.84373164,0.12,0.3,0.57784534,-0.47043592,-0.3,-1.25,-0.12,-0.3,0.92094964,-0.36825904,0.3
127,2.54,0.54,A_lift,-0.0028972625732421875,-0.021711349487304688,0.17634914815425873,0.7678549,-0.3189605,-0.35839552,-0.4245181,0.17634915,0.53963363,-0.3370279,0.12832342,0.19467567,1.4188099,-0.32628533,0.3278069,-0.8464531,-0.12973839,-0.17440408,1.2529544,-0.012855598,0.19631575,-0.62606514,0.12,0.3,1.0706643,-0.5,2.9802322e-08,-1.1258056,-0.12,-0.3,1.1209496,-0.16825904,0.3,-0.9978327,0.12,0.3,-0.22666015,-0.5,-0.3,-1.25,-0.12,-0.3,1.5612457,-0.083581954,0.3
128,2.56,0.56,B_h1_to_h2,-0.0026264190673828125,-0.011322021484375,0.19900356233119965,0.8134655,-0.2786405,-0.25666207,-0.44131398,0.19900356,0.7129681,-0.502113,0.12994052,0.122458056,1.2849065,-0.3350696,0.20224349,-1.0237937,-0.12701316,-0.24601339,1.2470595,-0.0067036063,0.24655347,-0.8260651,0.12,0.3,0.8706643,-0.5,-0.19999997,-1.25,-0.12,-0.3,1.3209497,0.031740963,0.3,-1.25,0.12,0.3,-0.28113708,-0.5,-0.3,-1.25,-0.12,-0.3,1.65,0.22382095,0.3
129,2.58,0.58,B_h1_to_h2,0.001773834228515625,0.000759124755859375,0.2227780520915985,0.83613247,-0.22530653,-0.15903354,-0.4741602,0.22277805,0.8478906,-0.6719023,0.12650168,0.12471693,1.1339309,-0.3407951,0.05930983,-1.1391569,-0.118532754,-0.3058982,1.3118521,0.040535677,0.27454764,-1.0260651,0.12,0.3,0.6825782,-0.5,-0.3,-1.25,-0.12,-0.3,1.5209497,0.1633908,0.3,-1.25,0.12,0.3,0.6825782,-0.5,-0.3,-1.25,-0.12,-0.3,1.65,0.1633908,0.3
130,2.6,0.6,B_h1_to_h2,0.008434295654296875,0.012994766235351562,0.24468448758125305,0.8472732,-0.15142696,-0.07408093,-0.50369656,0.24468449,0.9431638,-0.8344515,0.11851083,0.22077931,1.0292683,-0.39117643,-0.114796735,-1.1686232,-0.115586065,-0.30210268,1.321554,0.024445018,0.28729817,-1.0414503,0.12,0.3,0.8825782,-0.5,-0.3,-1.25,-0.12,-0.3,1.3209497,-0.036609203,0.3,-1.0414503,0.12,0.3,1.65,-0.5,-0.3,-1.25,-0.12,-0.3,1.316461,-0.04818943,0.3
131,2.62,0.62,B_h1_to_h2,0.014932632446289062,0.022365570068359375,0.26281309127807617,0.85652506,-0.09406565,-0.01478127,-0.50724554,0.2628131,0.98186636,-0.91057354,0.109321795,0.31272623,1.0283502,-0.42802396,-0.21343003,-1.1114858,-0.12525198,-0.2914803,1.2589253,0.009622205,0.29299024,-0.97736293,0.12,0.3,1.0825782,-0.5,-0.3,-1.05,-0.12,-0.3,1.1209496,-0.032889064,0.3,-0.97736293,0.12,0.3,1.65,-0.5,-0.3,-0.9926658,-0.12,-0.3,0.8995098,-0.032889064,0.3
132,2.64,0.64,D_standing,0.020488739013671875,0.028703689575195312,0.27664756774902344,0.8653489,-0.05906485,0.030159814,-0.49676257,0.27664757,0.9912035,-0.930105,0.10427036,0.32317412,1.106367,-0.45056123,-0.26065642,-1.003126,-0.112872995,-0.30160925,1.1435593,-0.018762471,0.29656434,-0.93978333,0.12,0.3,1.2825782,-0.5,-0.3,-0.84999996,-0.12,-0.3,0.92094964,-0.09056442,0.3,-0.93978333,0.12,0.3,1.65,-0.5,-0.3,-0.6680021,-0.12,-0.3,0.63298273,-0.09056442,0.3
133,2.66,0.66,D_standing,0.026308059692382812,0.032955169677734375,0.2856292724609375,0.8770007,-0.0363697,0.056976806,-0.4757107,0.28562927,0.9908618,-0.87948704,0.102413855,0.30475992,1.2293084,-0.46592864,-0.28060606,-0.86319876,-0.10239647,-0.30718443,0.99190056,-0.09919772,0.2824704,-0.7826462,0.12,0.3,1.4825783,-0.5,-0.3,-0.65,-0.12,-0.3,0.72094965,-0.2028598,0.3,-0.7826462,0.12,0.3,1.6021563,-0.5,-0.3,-0.3607783,-0.12,-0.3,0.2570508,-0.2028598,0.3
134,2.68,0.68,D_standing,0.032867431640625,0.03783226013183594,0.2927895784378052,0.8886043,-0.020912794,0.061756313,-0.4540167,0.29278958,0.99149764,-0.73943585,0.1002509,0.29102182,1.2610514,-0.47160414,-0.28906757,-0.73853874,-0.11518034,-0.2897832,0.8201993,-0.19797093,0.24682643,-0.5826462,0.12,0.3,1.2825782,-0.5,-0.3,-0.45,-0.12,-0.3,0.52094966,-0.29312596,0.3,-0.5632553,0.12,0.3,1.1174644,-0.5,-0.3,-0.18455002,-0.12,-0.3,0.09260048,-0.29312596,0.3
135,2.7,0.7,D_standing,0.039661407470703125,0.04254722595214844,0.29959040880203247,0.88953763,-0.007759038,0.046159424,-0.45445776,0.2995904,0.9956182,-0.57776845,0.1141695,0.29801628,1.2057072,-0.45603883,-0.29449418,-0.65753865,-0.13212025,-0.23370174,0.72361195,-0.1830305,0.22038598,-0.3826462,0.12,0.3,1.0825782,-0.43849832,-0.3,-0.47328272,-0.12,-0.3,0.52074766,-0.17691015,0.3,-0.33368555,0.12,0.3,0.5543602,-0.43849832,-0.3,-0.47328272,-0.12,-0.3,0.52074766,-0.17691015,0.3
136,2.72,0.72,D_standing,0.04587554931640625,0.04659080505371094,0.3030935525894165,0.88957137,-0.005510725,0.040826805,-0.45493475,0.30309355,0.99660563,-0.42542955,0.13108943,0.27212963,1.089609,-0.3897404,-0.29457188,-0.6469416,-0.13138908,-0.2045175,0.7185802,-0.1446021,0.23533337,-0.1826462,0.12,0.3,0.8825782,-0.23849832,-0.3,-0.65090156,-0.12,-0.3,0.70532525,-0.075941734,0.3,-0.109100886,0.12,0.3,0.074963585,-0.18581946,-0.3,-0.65090156,-0.12,-0.3,0.70532525,-0.075941734,0.3
137,2.74,0.74,D_standing,0.05209922790527344,0.04973793029785156,0.30500441789627075,0.8883323,-0.0010951879,0.027714971,-0.45836288,0.30500442,0.99846137,-0.2570695,0.12816474,0.27246666,0.94446754,-0.31278232,-0.2971887,-0.59940857,-0.1277631,-0.17575489,0.6668128,-0.10742224,0.20243011,-0.016203687,0.12,0.3,0.6825782,-0.14608844,-0.3,-0.50641197,-0.12,-0.3,0.53081894,-0.038025983,0.3,-0.016203681,0.12,0.3,-0.20070374,-0.14608844,-0.3,-0.50641197,-0.12,-0.3,0.53081894,-0.038025983,0.3
138,2.76,0.76,D_standing,0.05803108215332031,0.05385017395019531,0.3063206076622009,0.88340247,-0.004724747,0.027185401,-0.46780214,0.3063206,0.9984773,-0.134988,0.1023367,0.2692375,0.79301506,-0.35836658,-0.31911868,-0.58631694,-0.11953033,-0.16378151,0.6529554,-0.09777251,0.16770957,0.020565756,0.12,0.3,0.48257822,-0.32202637,-0.3,-0.524302,-0.12,-0.3,0.617146,-0.035235625,0.3,0.020565758,0.12,0.3,-0.5250606,-0.32202637,-0.3,-0.524302,-0.12,-0.3,0.617146,-0.035235625,0.3
139,2.78,0.78,D_standing,0.06403923034667969,0.057361602783203125,0.31141552329063416,0.8755064,-0.0145922275,0.020096669,-0.48256785,0.31141552,0.99876636,-0.009123162,0.07077428,0.29754108,0.6158966,-0.41024798,-0.31467196,-0.521192,-0.11827785,-0.16356201,0.60428554,-0.10762005,0.14253512,0.15854916,0.12,0.3,0.28257823,-0.5,-0.3,-0.40137944,-0.12,-0.3,0.41714603,-0.23523563,0.3,0.15854917,0.12,0.3,-0.65,-0.5,-0.3,-0.40137944,-0.12,-0.3,0.30108935,-0.35593918,0.3
140,2.8,0.8,D_standing,0.06884002685546875,0.06015777587890625,0.3147273361682892,0.87568235,-0.03953109,0.02902712,-0.48039076,0.31472734,0.9951894,0.112861216,0.08648251,0.30023864,0.41734633,-0.3999161,-0.30901715,-0.51732254,-0.120540805,-0.2158281,0.6270541,-0.124860756,0.18631174,0.35522062,0.12,0.3,0.08257823,-0.3,-0.3,-0.57052493,-0.12,-0.3,0.617146,-0.2164183,0.3,0.35522062,0.12,0.3,-0.65,-0.2980269,-0.3,-0.57052493,-0.12,-0.3,0.6219696,-0.2164183,0.3
141,2.82,0.82,D_standing,0.07333183288574219,0.06255912780761719,0.3195989429950714,0.86891615,-0.052560244,0.03605718,-0.4908383,0.31959894,0.9918746,0.19622107,0.07840153,0.30619308,0.23955977,-0.34376168,-0.290059,-0.48309743,-0.118553996,-0.24208039,0.57747656,-0.08399446,0.18821128,0.25578576,0.12,0.3,-0.117421776,-0.17973931,-0.3,-0.37052494,-0.12,-0.3,0.41714603,-0.08457039,0.3,0.25578576,0.12,0.3,-0.5616343,-0.17973931,-0.3,-0.2751398,-0.12,-0.3,0.29248548,-0.08457039,0.3
142,2.84,0.84,D_standing,0.07710456848144531,0.06408309936523438,0.32496050000190735,0.8652963,-0.055134412,0.052692268,-0.49542528,0.3249605,0.98836744,0.26191542,0.0721967,0.29974458,0.05510201,-0.2742847,-0.30313066,-0.47346503,-0.12142749,-0.26505223,0.51472485,-0.038134295,0.20451371,0.45578575,0.12,0.3,-0.23683481,-0.0650204,-0.3,-0.57052493,-0.12,-0.3,0.25004214,-0.07630213,0.3,0.5157829,0.12,0.3,-0.23683481,-0.0650204,-0.3,-0.59583396,-0.12,-0.3,0.25004214,-0.07630213,0.3
143,2.86,0.86,D_standing,0.07950210571289062,0.06614112854003906,0.3292441666126251,0.8607373,-0.05750864,0.07243299,-0.50057733,0.32924417,0.98289245,0.27566862,0.083459735,0.28264514,-0.05130272,-0.19889013,-0.30351514,-0.49176627,-0.10666263,-0.2725031,0.48299688,-0.013820939,0.23599906,0.2667843,0.12,0.3,-0.24382748,0.051279522,-0.3,-0.46474352,-0.12,-0.3,0.45004213,0.12369787,0.3,0.2667843,0.12,0.3,-0.24382748,0.051279522,-0.3,-0.46474352,-0.12,-0.3,0.6161829,0.16104977,0.3
144,2.88,0.88,D_standing,0.08187294006347656,0.06776809692382812,0.3324882686138153,0.8623994,-0.058029287,0.06765316,-0.4983201,0.33248827,0.9841113,0.31945688,0.08518336,0.29622248,-0.0809643,-0.18157911,-0.3035906,-0.4587386,-0.11815642,-0.27559143,0.43920627,0.00060585456,0.2393683,0.45975372,0.12,0.3,-0.09367494,-0.14872047,-0.3,-0.47702923,-0.12,-0.3,0.25004214,-0.07630213,0.3,0.45975372,0.12,0.3,-0.09367494,-0.18671171,-0.3,-0.47702923,-0.12,-0.3,0.13160087,-0.15263619,0.3
145,2.9,0.9,D_standing,0.0837554931640625,0.06945991516113281,0.33367058634757996,0.8604609,-0.055477925,0.07288086,-0.5012164,0.3336706,0.9832212,0.33459294,0.092482105,0.30266243,-0.1372989,-0.1436394,-0.3001489,-0.45068288,-0.12094266,-0.28463578,0.42294133,0.01435179,0.26090312,0.2597537,0.12,0.3,-0.29367495,-0.07217019,-0.3,-0.33772182,-0.12,-0.3,0.45004213,0.12369787,0.3,0.23218879,0.12,0.3,-0.38913932,-0.07217019,-0.3,-0.33772182,-0.12,-0.3,0.59004194,0.13182384,0.3
146,2.92,0.92,D_standing,0.08562469482421875,0.07085800170898438,0.3344654440879822,0.85744584,-0.051006652,0.07130084,-0.50705135,0.33446544,0.98462903,0.3742002,0.081091784,0.2958053,-0.24253456,-0.12397338,-0.30302235,-0.43251577,-0.12020074,-0.27559608,0.39265698,0.01594142,0.24324411,0.4597537,0.12,0.3,-0.42879665,-0.058393884,-0.3,-0.43115297,-0.12,-0.3,0.25004214,-0.07630213,0.3,0.47229582,0.12,0.3,-0.42879665,-0.058393884,-0.3,-0.43115297,-0.12,-0.3,0.20549355,-0.089161284,0.3
147,2.94,0.94,D_standing,0.08694839477539062,0.07242393493652344,0.3342987596988678,0.85308254,-0.048757434,0.080035396,-0.5132907,0.33429876,0.9824341,0.3990009,0.08184805,0.28932515,-0.35279274,-0.091487564,-0.30158517,-0.45785037,-0.113973476,-0.26680845,0.4049506,0.008969097,0.24399371,0.37759858,0.12,0.3,-0.58395547,0.025520872,-0.3,-0.43233815,-0.12,-0.3,0.45004213,0.03822934,0.3,0.37759858,0.12,0.3,-0.58395547,0.025520874,-0.3,-0.43233815,-0.12,-0.3,0.48877865,0.038229343,0.3
148,2.96,0.96,D_standing,0.088287353515625,0.07375335693359375,0.3352644741535187,0.8490771,-0.046712585,0.07361801,-0.52102447,0.33526447,0.98479664,0.42925978,0.06945051,0.27370864,-0.40737617,-0.07389731,-0.30403402,-0.43390825,-0.11581153,-0.251062,0.3786525,0.018363848,0.22861262,0.49560833,0.12,0.3,-0.48989695,0.011689163,-0.3,-0.4071158,-0.12,-0.3,0.25004214,-0.036608487,0.3,0.49560833,0.12,0.3,-0.48989695,0.011689163,-0.3,-0.4071158,-0.12,-0.3,0.23451878,-0.036608487,0.3
149,2.98,0.98,D_standing,0.08885955810546875,0.07512855529785156,0.33469805121421814,0.8463839,-0.049594488,0.07531787,-0.52488273,0.33469805,0.9837352,0.44305605,0.08051032,0.27179033,-0.4426992,-0.061094284,-0.305979,-0.44186452,-0.11423077,-0.25352365,0.39307234,0.021572985,0.23999475,0.45080373,0.12,0.3,-0.51065505,-0.001860165,-0.3,-0.4370661,-0.12,-0.3,0.40851846,0.037761465,0.3,0.45080373,0.12,0.3,-0.51065505,-0.0018601649,-0.3,-0.4370661,-0.12,-0.3,0.40851846,0.03776147,0.3
150,3.0,1.0,D_standing,0.08950233459472656,0.07614517211914062,0.335592120885849,0.8450383,-0.04711765,0.06345598,-0.5288324,0.33559212,0.9875065,0.4615762,0.06962153,0.27168584,-0.44374162,-0.06541609,-0.30681258,-0.40438217,-0.121572964,-0.24166186,0.35800225,0.031150479,0.22148667,0.49733773,0.12,0.3,-0.43789175,-0.045945,-0.3,-0.3491878,-0.12,-0.3,0.20851846,-0.028175049,0.3,0.49733773,0.12,0.3,-0.43789175,-0.045945,-0.3,-0.3491878,-0.12,-0.3,0.19789085,-0.02817505,0.3
151,3.02,1.02,D_standing,0.08925056457519531,0.07730293273925781,0.3348926901817322,0.84408736,-0.04729189,0.06426596,-0.5302359,0.3348927,0.9872667,0.46375945,0.08222618,0.28598925,-0.47120085,-0.05858297,-0.30340692,-0.4151759,-0.12325832,-0.24364956,0.3724434,0.026507119,0.22903727,0.42335203,0.12,0.3,-0.54628384,-0.039416432,-0.3,-0.3869137,-0.12,-0.3,0.40851846,0.039045833,0.3,0.42335203,0.12,0.3,-0.54628384,-0.039416432,-0.3,-0.3869137,-0.12,-0.3,0.46192187,0.03904583,0.3
152,3.04,1.04,D_standing,0.08913230895996094,0.07771682739257812,0.33501628041267395,0.8413776,-0.04821965,0.056369253,-0.53533286,0.33501628,0.9889947,0.48598036,0.079725206,0.30095986,-0.5163641,-0.039886527,-0.30107808,-0.39232695,-0.12163892,-0.23601575,0.36169335,0.024768986,0.2145845,0.4720141,0.12,0.3,-0.6387396,-0.021794915,-0.3,-0.31406608,-0.12,-0.3,0.2957362,-0.04848846,0.3,0.4720141,0.12,0.3,-0.6387396,-0.021794915,-0.3,-0.31406608,-0.12,-0.3,0.2957362,-0.048488457,0.3
153,3.06,1.06,D_standing,0.08880043029785156,0.07813072204589844,0.3348299264907837,0.8414986,-0.052243263,0.058824778,-0.5345002,0.33482993,0.9876206,0.482635,0.092571504,0.30127135,-0.51869917,-0.028488683,-0.29714912,-0.40014344,-0.119221345,-0.249344,0.37675422,0.031245066,0.22991972,0.44479194,0.12,0.3,-0.5343818,0.027294613,-0.3,-0.37588543,-0.12,-0.3,0.41023034,0.09250962,0.3,0.44479194,0.12,0.3,-0.5343818,0.027294612,-0.3,-0.37588543,-0.12,-0.3,0.41023034,0.09250962,0.3
154,3.08,1.08,D_standing,0.08863449096679688,0.07829475402832031,0.33645889163017273,0.8416159,-0.05267482,0.04576923,-0.5355496,0.3364589,0.9902611,0.4847602,0.084454,0.29690337,-0.47670093,-0.03949111,-0.29324457,-0.3545663,-0.122677505,-0.24502167,0.3391734,0.04117928,0.21639782,0.47413045,0.12,0.3,-0.400355,-0.029253222,-0.3,-0.26374057,-0.12,-0.3,0.21023034,0.012575068,0.3,0.47413045,0.12,0.3,-0.400355,-0.02925322,-0.3,-0.26374057,-0.12,-0.3,0.16712773,0.01257507,0.3
155,3.1,1.1,D_standing,0.08775520324707031,0.07855033874511719,0.33641317486763,0.8437328,-0.05441007,0.046657562,-0.53195643,0.33641317,0.98972523,0.48149747,0.095184214,0.29275128,-0.46928984,-0.044403438,-0.29703546,-0.36047444,-0.122479394,-0.25707448,0.34833834,0.033588637,0.22306977,0.4713027,0.12,0.3,-0.46225917,-0.043174006,-0.3,-0.37025937,-0.12,-0.3,0.34805283,0.015151994,0.3,0.4713027,0.12,0.3,-0.46225917,-0.043174006,-0.3,-0.37025937,-0.12,-0.3,0.34805283,0.015151994,0.3
156,3.12,1.12,D_standing,0.08686447143554688,0.07848739624023438,0.33731362223625183,0.8432719,-0.05304233,0.040543046,-0.5333248,0.33731362,0.9910855,0.48323828,0.08925282,0.29328248,-0.45963037,-0.044672906,-0.2926367,-0.3396131,-0.121540375,-0.252407,0.32628345,0.04001896,0.21612081,0.4707001,0.12,0.3,-0.4427165,0.00675657,-0.3,-0.29136524,-0.12,-0.3,0.23119684,-0.004233774,0.3,0.4707001,0.12,0.3,-0.4427165,0.006756569,-0.3,-0.29136524,-0.12,-0.3,0.23119684,-0.0042337733,0.3
157,3.14,1.14,D_standing,0.0855560302734375,0.0784759521484375,0.33702829480171204,0.8436424,-0.054589435,0.04353526,-0.5323461,0.3370283,0.99024934,0.48221192,0.09761878,0.29454938,-0.47275037,-0.035650533,-0.2867186,-0.35387507,-0.11920579,-0.26100096,0.34666896,0.032684464,0.23368613,0.44243005,0.12,0.3,-0.5168624,0.007680965,-0.3,-0.33834216,-0.12,-0.3,0.39397404,0.040008135,0.3,0.44243005,0.12,0.3,-0.5168624,0.007680965,-0.3,-0.33834216,-0.12,-0.3,0.39397404,0.040008135,0.3
158,3.16,1.16,D_standing,0.08434677124023438,0.07831192016601562,0.33819878101348877,0.84271026,-0.05235588,0.03480389,-0.53468406,0.33819878,0.9920951,0.48190162,0.08801394,0.29883173,-0.4536901,-0.037341475,-0.28180948,-0.3248942,-0.119662896,-0.25264993,0.31705758,0.043344323,0.23152226,0.44225663,0.12,0.3,-0.43149474,-0.0010340926,-0.3,-0.23492742,-0.12,-0.3,0.23115353,0.058679886,0.3,0.44225663,0.12,0.3,-0.43149474,-0.0010340922,-0.3,-0.23492742,-0.12,-0.3,0.23115353,0.058679886,0.3
159,3.18,1.18,D_standing,0.08277130126953125,0.07819366455078125,0.337890088558197,0.8441578,-0.05426923,0.039048065,-0.5319095,0.3378901,0.9910602,0.4848173,0.098003626,0.29784542,-0.4743754,-0.026312524,-0.27608848,-0.34194762,-0.11790422,-0.2708534,0.341985,0.03101363,0.24921858,0.43328786,0.12,0.3,-0.55233485,-0.015108895,-0.3,-0.31894565,-0.12,-0.3,0.41249195,0.038031694,0.3,0.43328786,0.12,0.3,-0.55233485,-0.0151088955,-0.3,-0.31894565,-0.12,-0.3,0.41249195,0.038031694,0.3
160,3.2,1.2,D_standing,0.08131027221679688,0.07793617248535156,0.33919981122016907,0.8428187,-0.05131837,0.029590147,-0.5349275,0.3391998,0.9929817,0.4793482,0.08862634,0.3022661,-0.442464,-0.03446453,-0.27367932,-0.30919376,-0.116904214,-0.26213908,0.30653456,0.042208143,0.2433101,0.43089083,0.12,0.3,-0.3940094,-0.007239269,-0.3,-0.20949014,-0.12,-0.3,0.21249194,0.06824071,0.3,0.43089083,0.12,0.3,-0.3940094,-0.0072392696,-0.3,-0.20949014,-0.12,-0.3,0.21142778,0.06824071,0.3
161,3.22,1.22,D_standing,0.07946586608886719,0.07776069641113281,0.33864927291870117,0.84421444,-0.052753944,0.03307519,-0.5323769,0.33864927,0.9922461,0.48018962,0.0996331,0.30087444,-0.46229765,-0.02664725,-0.2723294,-0.3237746,-0.11547987,-0.28306255,0.33163038,0.028893001,0.26095527,0.4307029,0.12,0.3,-0.5379409,-0.027313447,-0.3,-0.3034195,-0.12,-0.3,0.40415406,0.03252513,0.3,0.4307029,0.12,0.3,-0.5379409,-0.027313447,-0.3,-0.3034195,-0.12,-0.3,0.40415406,0.03252513,0.3
162,3.24,1.24,D_standing,0.07781219482421875,0.077423095703125,0.3399191200733185,0.8425205,-0.05027286,0.021879325,-0.53586686,0.33991912,0.99398786,0.4707965,0.091868974,0.30124858,-0.4158503,-0.038268507,-0.26653573,-0.28617284,-0.11364427,-0.2746587,0.29519504,0.039105646,0.25205684,0.41498184,0.12,0.3,-0.3383374,-0.0049335714,-0.3,-0.17617756,-0.12,-0.3,0.20415406,0.07382014,0.3,0.41498184,0.12,0.3,-0.3383374,-0.004933571,-0.3,-0.17617756,-0.12,-0.3,0.1786148,0.07382014,0.3
163,3.26,1.26,D_standing,0.07604789733886719,0.07694816589355469,0.3397347927093506,0.84491056,-0.051594492,0.02548744,-0.5318033,0.3397348,0.9933768,0.476594,0.10188353,0.29629752,-0.4370465,-0.03166261,-0.26643854,-0.30071738,-0.11140472,-0.29204962,0.3166153,0.028462507,0.26675835,0.43755093,0.12,0.3,-0.5195206,-0.048288852,-0.3,-0.2892047,-0.12,-0.3,0.37528405,0.02544152,0.3,0.43755093,0.12,0.3,-0.5195206,-0.04828885,-0.3,-0.2892047,-0.12,-0.3,0.37528405,0.025441522,0.3
164,3.28,1.28,D_standing,0.07439041137695312,0.07648658752441406,0.34092089533805847,0.8430229,-0.048204776,0.016874969,-0.5354475,0.3409209,0.99478304,0.46325347,0.094705954,0.30237183,-0.39321965,-0.043258436,-0.26391488,-0.27003366,-0.108958125,-0.2820916,0.28205225,0.03944031,0.2615186,0.3999613,0.12,0.3,-0.3195206,-0.00516703,-0.3,-0.16772924,-0.12,-0.3,0.2069121,0.09771254,0.3,0.3999613,0.12,0.3,-0.31708997,-0.0051670307,-0.3,-0.16772924,-0.12,-0.3,0.2069121,0.09771254,0.3
165,3.3,1.3,D_standing,0.0726165771484375,0.07596397399902344,0.34035027027130127,0.84531933,-0.048484806,0.018117763,-0.53174824,0.34035027,0.99464196,0.46985453,0.101562485,0.30143747,-0.41746768,-0.037598822,-0.26518163,-0.27928656,-0.10981824,-0.29699537,0.29992354,0.027663946,0.27302054,0.43180153,0.12,0.3,-0.50778025,-0.0683821,-0.3,-0.25622967,-0.12,-0.3,0.3517782,0.024005331,0.3,0.43180153,0.12,0.3,-0.50778025,-0.0683821,-0.3,-0.25622967,-0.12,-0.3,0.3517782,0.024005335,0.3
166,3.32,1.32,D_standing,0.07101058959960938,0.0753021240234375,0.34118837118148804,0.84379447,-0.044933304,0.010643505,-0.5346763,0.34118837,0.9957354,0.45866463,0.09518262,0.3014263,-0.38250858,-0.04458402,-0.2554575,-0.25345156,-0.108898394,-0.28861427,0.27116245,0.035912056,0.2686777,0.36959276,0.12,0.3,-0.34689695,-0.015112519,-0.3,-0.13472088,-0.12,-0.3,0.22526401,0.10016056,0.3,0.36959276,0.12,0.3,-0.34689695,-0.015112519,-0.3,-0.13472088,-0.12,-0.3,0.22526401,0.10016056,0.3
167,3.34,1.34,D_standing,0.06954193115234375,0.07429885864257812,0.34103918075561523,0.8463179,-0.04656048,0.01477855,-0.53043354,0.34103918,0.99522746,0.46713465,0.1064505,0.29494992,-0.4054481,-0.033665717,-0.2519473,-0.26556352,-0.10532861,-0.3031209,0.29019684,0.025046574,0.28009456,0.42628145,0.12,0.3,-0.500758,-0.06529677,-0.3,-0.24454167,-0.12,-0.3,0.3503353,0.036135405,0.3,0.42628145,0.12,0.3,-0.500758,-0.06529677,-0.3,-0.24454167,-0.12,-0.3,0.3503353,0.036135405,0.3
168,3.36,1.36,D_standing,0.06827735900878906,0.07345962524414062,0.3417397439479828,0.8446688,-0.04314702,0.009478191,-0.5334633,0.34173974,0.99609697,0.45277217,0.10274402,0.30152705,-0.36621463,-0.045506198,-0.2537159,-0.2448067,-0.103466496,-0.2933725,0.26604936,0.030938543,0.27875888,0.38693848,0.12,0.3,-0.300758,-0.0035475008,-0.3,-0.15636863,-0.12,-0.3,0.22649357,0.10512634,0.3,0.38693848,0.12,0.3,-0.28189737,-0.0035475008,-0.3,-0.15636863,-0.12,-0.3,0.22649357,0.10512634,0.3
169,3.38,1.38,D_standing,0.06707382202148438,0.07254409790039062,0.3412509858608246,0.84637314,-0.042905707,0.009800398,-0.53076893,0.341251,0.9961261,0.4621394,0.10512692,0.30035725,-0.3880474,-0.04417444,-0.25529712,-0.24993517,-0.10465004,-0.30190036,0.2795052,0.02276202,0.28389096,0.4243318,0.12,0.3,-0.47484216,-0.07518828,-0.3,-0.21551624,-0.12,-0.3,0.3207931,0.02497036,0.3,0.4243318,0.12,0.3,-0.47484216,-0.07518828,-0.3,-0.21551624,-0.12,-0.3,0.3207931,0.024970358,0.3
170,3.4,1.4,D_standing,0.06597900390625,0.07161712646484375,0.34146279096603394,0.8452106,-0.04063089,0.0062555806,-0.5328499,0.3414628,0.99662,0.45451653,0.10231333,0.30074152,-0.36735994,-0.04811521,-0.24766989,-0.23712009,-0.10306395,-0.29657948,0.26751006,0.023720143,0.28217098,0.37963095,0.12,0.3,-0.35589308,-0.01497519,-0.3,-0.14804773,-0.12,-0.3,0.26606798,0.100828044,0.3,0.37963095,0.12,0.3,-0.35589308,-0.01497519,-0.3,-0.14804773,-0.12,-0.3,0.26606798,0.100828044,0.3
171,3.42,1.42,D_standing,0.06514739990234375,0.07039642333984375,0.3414045572280884,0.8466097,-0.041308165,0.007957491,-0.53054917,0.34140456,0.9964606,0.46320617,0.1075318,0.29724818,-0.38311926,-0.040769756,-0.243681,-0.23941769,-0.10083913,-0.3050523,0.27428007,0.01706369,0.28776798,0.42356393,0.12,0.3,-0.4599628,-0.062234998,-0.3,-0.20093517,-0.12,-0.3,0.3019146,0.033380665,0.3,0.42356393,0.12,0.3,-0.4599628,-0.062234998,-0.3,-0.20093517,-0.12,-0.3,0.3019146,0.03338067,0.3
172,3.44,1.44,D_standing,0.0644989013671875,0.06934356689453125,0.341393381357193,0.845798,-0.039262988,0.006727183,-0.5320141,0.34139338,0.99682635,0.455771,0.10759447,0.3000376,-0.36493143,-0.048019785,-0.24513175,-0.23395696,-0.09999044,-0.30136254,0.2701568,0.014453346,0.28877735,0.39464653,0.12,0.3,-0.3500772,-0.020243667,-0.3,-0.16796395,-0.12,-0.3,0.28668126,0.09222152,0.3,0.39464653,0.12,0.3,-0.3500772,-0.020243669,-0.3,-0.16796395,-0.12,-0.3,0.28668126,0.09222152,0.3
173,3.46,1.46,D_standing,0.06413459777832031,0.06815528869628906,0.3412597179412842,0.8462469,-0.03901341,0.007726363,-0.53130436,0.34125972,0.99683654,0.4638767,0.10838095,0.2999473,-0.37862402,-0.044317838,-0.24157669,-0.23522274,-0.09818252,-0.300694,0.27594715,0.008133625,0.29185662,0.42333168,0.12,0.3,-0.4447467,-0.046381976,-0.3,-0.19201343,-0.12,-0.3,0.30125865,0.029974625,0.3,0.42333168,0.12,0.3,-0.4447467,-0.046381976,-0.3,-0.19201343,-0.12,-0.3,0.30125865,0.029974623,0.3
174,3.48,1.48,D_standing,0.06379318237304688,0.0672607421875,0.3410390019416809,0.8461627,-0.037373994,0.007822642,-0.5315551,0.341039,0.99708396,0.45961452,0.10867358,0.3005984,-0.37007004,-0.0488236,-0.24129409,-0.23501109,-0.098226935,-0.29952154,0.27674603,0.004425833,0.29121205,0.39837924,0.12,0.3,-0.3755243,-0.0104069,-0.3,-0.17239039,-0.12,-0.3,0.30914488,0.090616964,0.3,0.39837924,0.12,0.3,-0.3755243,-0.010406899,-0.3,-0.17239039,-0.12,-0.3,0.30914488,0.090616964,0.3
175,3.5,1.5,D_standing,0.06363105773925781,0.06627082824707031,0.3409884572029114,0.84697276,-0.036633775,0.007746721,-0.53031605,0.34098846,0.9971959,0.46777636,0.1076373,0.29878518,-0.38087982,-0.047061037,-0.23990554,-0.23225664,-0.09876373,-0.30223513,0.27573848,0.0010196507,0.29053706,0.4267612,0.12,0.3,-0.43849882,-0.04562323,-0.3,-0.1801585,-0.12,-0.3,0.28447214,0.027691908,0.3,0.4267612,0.12,0.3,-0.43849882,-0.04562323,-0.3,-0.1801585,-0.12,-0.3,0.28447214,0.027691906,0.3
176,3.52,1.52,D_standing,0.06352043151855469,0.0654754638671875,0.34071752429008484,0.84684217,-0.035827495,0.008865574,-0.5305621,0.34071752,0.9972756,0.46645746,0.10875487,0.2997925,-0.38003668,-0.048838507,-0.23974201,-0.23519611,-0.0983177,-0.30201364,0.2809665,-0.0038701042,0.29163444,0.40486413,0.12,0.3,-0.4076871,-0.02144568,-0.3,-0.17562814,-0.12,-0.3,0.3256732,0.07709553,0.3,0.40486413,0.12,0.3,-0.4076871,-0.02144568,-0.3,-0.17562814,-0.12,-0.3,0.3256732,0.07709553,0.3
177,3.54,1.54,D_standing,0.06354522705078125,0.06472396850585938,0.3407372832298279,0.846988,-0.034780227,0.008504846,-0.5304048,0.34073728,0.997436,0.47039914,0.10689366,0.29969993,-0.3839948,-0.04906282,-0.23997012,-0.23198904,-0.098835506,-0.30168775,0.2786287,-0.0057114116,0.28989097,0.43138975,0.12,0.3,-0.41856164,-0.032075714,-0.3,-0.18362924,-0.12,-0.3,0.2841144,0.04044382,0.3,0.43138975,0.12,0.3,-0.41856164,-0.032075714,-0.3,-0.18362924,-0.12,-0.3,0.2841144,0.04044382,0.3
178,3.56,1.56,D_standing,0.06366157531738281,0.06406402587890625,0.34053099155426025,0.8470832,-0.034540195,0.009597126,-0.53024983,0.340531,0.9974297,0.4724311,0.1077233,0.30011222,-0.38806176,-0.049042314,-0.2405162,-0.23426075,-0.09858972,-0.30177134,0.28355724,-0.010141233,0.29128698,0.41696826,0.12,0.3,-0.42839807,-0.030385805,-0.3,-0.17778768,-0.12,-0.3,0.32252562,0.056117743,0.3,0.41696826,0.12,0.3,-0.42839807,-0.030385805,-0.3,-0.17778768,-0.12,-0.3,0.32252562,0.056117743,0.3
179,3.58,1.58,D_standing,0.06381416320800781,0.06352996826171875,0.3405134081840515,0.8471902,-0.033631206,0.009295834,-0.5301427,0.3405134,0.99756503,0.4743183,0.10603382,0.29987848,-0.38873604,-0.05037042,-0.24138863,-0.23179564,-0.09944949,-0.30116272,0.28161278,-0.011402057,0.28906155,0.42900762,0.12,0.3,-0.41505632,-0.02528422,-0.3,-0.17842165,-0.12,-0.3,0.29370597,0.050843876,0.3,0.42900762,0.12,0.3,-0.41505632,-0.02528422,-0.3,-0.17842165,-0.12,-0.3,0.29370597,0.050843876,0.3
180,3.6,1.6,D_standing,0.06408882141113281,0.06299781799316406,0.34040096402168274,0.8473059,-0.033622023,0.010149884,-0.5299427,0.34040096,0.9975331,0.4787872,0.10581019,0.30028102,-0.39657474,-0.048796408,-0.24186799,-0.23254445,-0.099324666,-0.30120876,0.28455698,-0.014919137,0.29007697,0.4286507,0.12,0.3,-0.4456711,-0.03478987,-0.3,-0.17779407,-0.12,-0.3,0.3128845,0.03877241,0.3,0.4286507,0.12,0.3,-0.4456711,-0.03478987,-0.3,-0.17779407,-0.12,-0.3,0.3128845,0.03877241,0.3
