checkpoint,limiter,scope,joint,samples,p95,p99,max,frac_gt_4p0,frac_gt_6p28,frac_gt_10p0,frac_gt_20p0,event_mean_duration_ms,event_max_duration_ms
model_4000,0.3 rad/step,A_lift,all,21241440,12.55,15.12,28.74,0.38371,0.2689,0.12614,0.00018,,
model_4000,0.3 rad/step,A_lift,r_hip_pitch,1770120,14.04,15.72,22.27,0.62625,0.48241,0.26544,6e-05,,
model_4000,0.3 rad/step,A_lift,r_hip_roll,1770120,8.48,11.47,17.14,0.1815,0.10425,0.02431,0.0,,
model_4000,0.3 rad/step,A_lift,r_thigh,1770120,6.8,13.67,28.25,0.11687,0.05669,0.02649,0.00047,,
model_4000,0.3 rad/step,A_lift,r_calf,1770120,14.15,16.39,21.36,0.52646,0.39252,0.22541,2e-05,,
model_4000,0.3 rad/step,A_lift,r_ankle_pitch,1770120,11.37,13.07,16.14,0.55643,0.36388,0.11365,0.0,,
model_4000,0.3 rad/step,A_lift,r_ankle_roll,1770120,13.09,15.77,28.74,0.33817,0.25874,0.12867,0.00051,,
model_4000,0.3 rad/step,A_lift,l_hip_pitch,1770120,13.58,15.16,19.94,0.62546,0.47863,0.25037,0.0,,
model_4000,0.3 rad/step,A_lift,l_hip_roll,1770120,6.84,9.93,17.96,0.1447,0.06263,0.00947,0.0,,
model_4000,0.3 rad/step,A_lift,l_thigh,1770120,9.79,15.26,28.58,0.16849,0.09727,0.04779,0.00107,,
model_4000,0.3 rad/step,A_lift,l_calf,1770120,13.84,16.07,20.04,0.57879,0.42114,0.21631,0.0,,
model_4000,0.3 rad/step,A_lift,l_ankle_pitch,1770120,12.52,14.3,19.68,0.60544,0.43244,0.17732,0.0,,
model_4000,0.3 rad/step,A_lift,l_ankle_roll,1770120,7.97,12.92,20.36,0.13592,0.07615,0.02838,0.0,,
model_4000,0.3 rad/step,B_h1_to_h2,all,41944320,12.5,15.36,32.83,0.32451,0.22339,0.1092,0.00019,,
model_4000,0.3 rad/step,B_h1_to_h2,r_hip_pitch,3495360,13.8,16.34,23.46,0.42979,0.31307,0.16271,0.00022,,
model_4000,0.3 rad/step,B_h1_to_h2,r_hip_roll,3495360,8.89,12.33,19.29,0.15418,0.09304,0.03519,0.0,,
model_4000,0.3 rad/step,B_h1_to_h2,r_thigh,3495360,4.33,7.11,27.44,0.06113,0.01572,0.00212,1e-05,,
model_4000,0.3 rad/step,B_h1_to_h2,r_calf,3495360,14.19,16.37,30.07,0.53691,0.4147,0.23321,5e-05,,
model_4000,0.3 rad/step,B_h1_to_h2,r_ankle_pitch,3495360,11.18,13.2,18.22,0.48002,0.29112,0.09056,0.0,,
model_4000,0.3 rad/step,B_h1_to_h2,r_ankle_roll,3495360,11.81,15.16,26.08,0.23261,0.16826,0.08325,0.00038,,
model_4000,0.3 rad/step,B_h1_to_h2,l_hip_pitch,3495360,14.58,16.58,31.66,0.51478,0.41574,0.26849,0.00023,,
model_4000,0.3 rad/step,B_h1_to_h2,l_hip_roll,3495360,6.37,10.45,20.06,0.12592,0.05171,0.0122,0.0,,
model_4000,0.3 rad/step,B_h1_to_h2,l_thigh,3495360,12.82,16.71,29.18,0.25238,0.16699,0.09178,0.00115,,
model_4000,0.3 rad/step,B_h1_to_h2,l_calf,3495360,13.12,15.37,22.49,0.49495,0.33986,0.15156,1e-05,,
model_4000,0.3 rad/step,B_h1_to_h2,l_ankle_pitch,3495360,11.42,13.38,23.24,0.37907,0.24369,0.09628,1e-05,,
model_4000,0.3 rad/step,B_h1_to_h2,l_ankle_roll,3495360,11.8,15.01,32.83,0.23239,0.16679,0.0831,0.00022,,
model_4000,0.3 rad/step,C_stabilize,all,27621120,11.82,15.03,33.5,0.28403,0.18681,0.08613,0.00032,,
model_4000,0.3 rad/step,C_stabilize,r_hip_pitch,2301760,13.66,16.28,28.65,0.42944,0.30266,0.15164,0.00043,,
model_4000,0.3 rad/step,C_stabilize,r_hip_roll,2301760,7.74,12.09,20.11,0.12011,0.06937,0.02662,0.0,,
model_4000,0.3 rad/step,C_stabilize,r_thigh,2301760,4.54,7.33,20.96,0.06728,0.01838,0.00195,1e-05,,
model_4000,0.3 rad/step,C_stabilize,r_calf,2301760,13.75,15.94,26.58,0.49685,0.3721,0.19834,4e-05,,
model_4000,0.3 rad/step,C_stabilize,r_ankle_pitch,2301760,10.83,13.09,27.61,0.40891,0.2403,0.07375,4e-05,,
model_4000,0.3 rad/step,C_stabilize,r_ankle_roll,2301760,10.72,14.82,25.45,0.15636,0.11408,0.05937,0.00047,,
model_4000,0.3 rad/step,C_stabilize,l_hip_pitch,2301760,13.95,16.17,33.5,0.46973,0.34228,0.19328,0.00063,,
model_4000,0.3 rad/step,C_stabilize,l_hip_roll,2301760,5.15,9.23,18.61,0.08273,0.03131,0.00723,0.0,,
model_4000,0.3 rad/step,C_stabilize,l_thigh,2301760,12.28,17.05,26.78,0.2259,0.14518,0.07821,0.00208,,
model_4000,0.3 rad/step,C_stabilize,l_calf,2301760,12.28,14.72,23.89,0.46262,0.30106,0.12077,3e-05,,
model_4000,0.3 rad/step,C_stabilize,l_ankle_pitch,2301760,10.82,13.42,21.48,0.32964,0.19614,0.06921,3e-05,,
model_4000,0.3 rad/step,C_stabilize,l_ankle_roll,2301760,10.26,14.34,32.95,0.15877,0.10884,0.0532,0.00011,,
model_4000,0.3 rad/step,D_standing,all,572007840,3.11,5.8,28.78,0.03033,0.00738,0.00118,0.0,,
model_4000,0.3 rad/step,D_standing,r_hip_pitch,47667320,2.13,3.96,20.94,0.00981,0.00455,0.00112,0.0,,
model_4000,0.3 rad/step,D_standing,r_hip_roll,47667320,1.64,2.33,16.98,0.00102,0.00055,0.00021,0.0,,
model_4000,0.3 rad/step,D_standing,r_thigh,47667320,0.75,1.43,16.76,0.00053,0.00011,1e-05,0.0,,
model_4000,0.3 rad/step,D_standing,r_calf,47667320,1.97,6.13,20.43,0.01492,0.0097,0.00445,0.0,,
model_4000,0.3 rad/step,D_standing,r_ankle_pitch,47667320,5.01,7.1,19.98,0.09629,0.02003,0.00079,0.0,,
model_4000,0.3 rad/step,D_standing,r_ankle_roll,47667320,1.61,2.41,25.67,0.00172,0.00095,0.00049,0.0,,
model_4000,0.3 rad/step,D_standing,l_hip_pitch,47667320,2.91,4.8,26.4,0.01878,0.00423,0.00161,0.0,,
model_4000,0.3 rad/step,D_standing,l_hip_roll,47667320,1.55,2.45,21.13,0.00073,0.00024,6e-05,0.0,,
model_4000,0.3 rad/step,D_standing,l_thigh,47667320,1.29,2.3,28.78,0.00208,0.00111,0.00059,2e-05,,
model_4000,0.3 rad/step,D_standing,l_calf,47667320,5.82,8.36,20.76,0.14446,0.03724,0.00368,0.0,,
model_4000,0.3 rad/step,D_standing,l_ankle_pitch,47667320,4.5,6.16,19.04,0.07058,0.00887,0.00073,0.0,,
model_4000,0.3 rad/step,D_standing,l_ankle_roll,47667320,1.82,2.83,24.45,0.00308,0.001,0.00046,0.0,,
model_4000,0.3 rad/step,first_100ms,all,3686400,13.17,15.21,24.57,0.60655,0.42168,0.19572,0.00026,,
model_4000,0.3 rad/step,first_100ms,r_hip_pitch,307200,14.93,16.03,18.56,0.95313,0.80469,0.56266,0.0,,
model_4000,0.3 rad/step,first_100ms,r_hip_roll,307200,9.6,11.26,14.34,0.42003,0.23412,0.03695,0.0,,
model_4000,0.3 rad/step,first_100ms,r_thigh,307200,14.0,17.25,24.57,0.40197,0.27394,0.14665,0.00217,,
model_4000,0.3 rad/step,first_100ms,r_calf,307200,11.06,12.88,16.29,0.70417,0.41063,0.09978,0.0,,
model_4000,0.3 rad/step,first_100ms,r_ankle_pitch,307200,11.94,13.42,15.08,0.66874,0.42898,0.15549,0.0,,
model_4000,0.3 rad/step,first_100ms,r_ankle_roll,307200,13.66,15.59,23.07,0.64924,0.49257,0.2032,5e-05,,
model_4000,0.3 rad/step,first_100ms,l_hip_pitch,307200,14.5,15.6,18.72,0.95609,0.80039,0.55752,0.0,,
model_4000,0.3 rad/step,first_100ms,l_hip_roll,307200,7.79,10.47,14.36,0.21399,0.09498,0.01394,0.0,,
model_4000,0.3 rad/step,first_100ms,l_thigh,307200,12.73,16.18,24.01,0.37858,0.26312,0.11334,0.00091,,
model_4000,0.3 rad/step,first_100ms,l_calf,307200,10.68,12.57,15.11,0.68056,0.36882,0.08015,0.0,,
model_4000,0.3 rad/step,first_100ms,l_ankle_pitch,307200,12.79,13.77,15.38,0.88036,0.68042,0.33115,0.0,,
model_4000,0.3 rad/step,first_100ms,l_ankle_roll,307200,9.91,12.82,18.62,0.37174,0.20743,0.04784,0.0,,
model_4000,0.3 rad/step,events_gt20,r_hip_pitch,127,,,,,,,,7.54,40.0
model_4000,0.3 rad/step,events_gt20,r_hip_roll,1,,,,,,,,3.0,3.0
model_4000,0.3 rad/step,events_gt20,r_thigh,56,,,,,,,,8.02,28.0
model_4000,0.3 rad/step,events_gt20,r_calf,41,,,,,,,,3.96,21.0
model_4000,0.3 rad/step,events_gt20,r_ankle_pitch,5,,,,,,,,9.1,21.5
model_4000,0.3 rad/step,events_gt20,r_ankle_roll,353,,,,,,,,5.0,20.5
model_4000,0.3 rad/step,events_gt20,l_hip_pitch,102,,,,,,,,11.87,59.5
model_4000,0.3 rad/step,events_gt20,l_hip_roll,2,,,,,,,,3.25,5.0
model_4000,0.3 rad/step,events_gt20,l_thigh,507,,,,,,,,11.56,28.0
model_4000,0.3 rad/step,events_gt20,l_calf,8,,,,,,,,7.62,15.5
model_4000,0.3 rad/step,events_gt20,l_ankle_pitch,12,,,,,,,,4.58,9.0
model_4000,0.3 rad/step,events_gt20,l_ankle_roll,93,,,,,,,,5.63,23.0
model_4250,0.3 rad/step,A_lift,all,14011680,13.07,15.52,26.66,0.45016,0.32386,0.1594,0.00019,,
model_4250,0.3 rad/step,A_lift,r_hip_pitch,1167640,13.92,15.64,19.56,0.71766,0.54649,0.29863,0.0,,
model_4250,0.3 rad/step,A_lift,r_hip_roll,1167640,9.92,13.2,17.7,0.24412,0.15327,0.04852,0.0,,
model_4250,0.3 rad/step,A_lift,r_thigh,1167640,8.91,15.58,24.61,0.16622,0.08979,0.04011,0.00062,,
model_4250,0.3 rad/step,A_lift,r_calf,1167640,15.16,17.18,20.59,0.68756,0.52311,0.30594,3e-05,,
model_4250,0.3 rad/step,A_lift,r_ankle_pitch,1167640,12.31,13.71,16.33,0.64865,0.46315,0.19101,0.0,,
model_4250,0.3 rad/step,A_lift,r_ankle_roll,1167640,13.02,15.41,25.01,0.39553,0.30512,0.13669,7e-05,,
model_4250,0.3 rad/step,A_lift,l_hip_pitch,1167640,13.84,15.19,20.53,0.70836,0.55294,0.31022,1e-05,,
model_4250,0.3 rad/step,A_lift,l_hip_roll,1167640,7.33,10.36,17.23,0.16039,0.07289,0.01261,0.0,,
model_4250,0.3 rad/step,A_lift,l_thigh,1167640,10.64,16.32,26.66,0.19763,0.11874,0.05745,0.00145,,
model_4250,0.3 rad/step,A_lift,l_calf,1167640,14.58,16.57,22.18,0.67098,0.50629,0.29627,5e-05,,
model_4250,0.3 rad/step,A_lift,l_ankle_pitch,1167640,12.52,14.18,19.04,0.66874,0.48713,0.19859,0.0,,
model_4250,0.3 rad/step,A_lift,l_ankle_roll,1167640,7.25,11.27,19.12,0.13607,0.06736,0.01673,0.0,,
model_4250,0.3 rad/step,B_h1_to_h2,all,7405920,13.29,15.82,22.33,0.36196,0.23601,0.11985,0.00037,,
model_4250,0.3 rad/step,B_h1_to_h2,r_hip_pitch,617160,14.5,15.84,19.1,0.58019,0.39986,0.22895,0.0,,
model_4250,0.3 rad/step,B_h1_to_h2,r_hip_roll,617160,5.05,9.88,17.18,0.10008,0.02676,0.00969,0.0,,
model_4250,0.3 rad/step,B_h1_to_h2,r_thigh,617160,5.94,8.97,15.89,0.10795,0.04332,0.00438,0.0,,
model_4250,0.3 rad/step,B_h1_to_h2,r_calf,617160,14.14,15.85,18.61,0.65715,0.47319,0.22148,0.0,,
model_4250,0.3 rad/step,B_h1_to_h2,r_ankle_pitch,617160,10.76,13.65,16.62,0.40054,0.20142,0.06307,0.0,,
model_4250,0.3 rad/step,B_h1_to_h2,r_ankle_roll,617160,12.5,15.32,22.33,0.28835,0.19029,0.09292,2e-05,,
model_4250,0.3 rad/step,B_h1_to_h2,l_hip_pitch,617160,15.64,17.02,18.52,0.6735,0.54397,0.39396,0.0,,
model_4250,0.3 rad/step,B_h1_to_h2,l_hip_roll,617160,9.18,12.12,16.36,0.17638,0.11013,0.03749,0.0,,
model_4250,0.3 rad/step,B_h1_to_h2,l_thigh,617160,15.25,19.1,22.12,0.29344,0.21189,0.12864,0.00432,,
model_4250,0.3 rad/step,B_h1_to_h2,l_calf,617160,12.51,15.49,20.98,0.57461,0.34778,0.10736,7e-05,,
model_4250,0.3 rad/step,B_h1_to_h2,l_ankle_pitch,617160,12.72,14.01,15.95,0.46167,0.27533,0.14892,0.0,,
model_4250,0.3 rad/step,B_h1_to_h2,l_ankle_roll,617160,3.2,5.92,20.69,0.02964,0.00819,0.00127,2e-05,,
model_4250,0.3 rad/step,C_stabilize,all,5497440,10.69,14.31,25.12,0.25298,0.15637,0.06156,0.00019,,
model_4250,0.3 rad/step,C_stabilize,r_hip_pitch,458120,11.98,14.77,18.87,0.44071,0.27385,0.10114,0.0,,
model_4250,0.3 rad/step,C_stabilize,r_hip_roll,458120,4.24,9.88,17.29,0.05598,0.02365,0.00972,0.0,,
model_4250,0.3 rad/step,C_stabilize,r_thigh,458120,4.82,7.17,19.75,0.07933,0.02,0.00086,0.0,,
model_4250,0.3 rad/step,C_stabilize,r_calf,458120,12.37,14.75,21.6,0.52361,0.34866,0.13279,9e-05,,
model_4250,0.3 rad/step,C_stabilize,r_ankle_pitch,458120,8.52,11.86,17.07,0.21651,0.10411,0.02789,0.0,,
model_4250,0.3 rad/step,C_stabilize,r_ankle_roll,458120,7.68,13.62,21.77,0.08418,0.06195,0.03168,5e-05,,
model_4250,0.3 rad/step,C_stabilize,l_hip_pitch,458120,12.26,14.82,19.28,0.51082,0.32283,0.1151,0.0,,
model_4250,0.3 rad/step,C_stabilize,l_hip_roll,458120,3.04,7.29,14.72,0.03058,0.01365,0.0043,0.0,,
model_4250,0.3 rad/step,C_stabilize,l_thigh,458120,14.26,18.4,22.13,0.25638,0.18127,0.11258,0.00197,,
model_4250,0.3 rad/step,C_stabilize,l_calf,458120,12.63,14.78,21.08,0.551,0.38471,0.15323,5e-05,,
model_4250,0.3 rad/step,C_stabilize,l_ankle_pitch,458120,9.66,12.95,25.12,0.25424,0.12842,0.04485,9e-05,,
model_4250,0.3 rad/step,C_stabilize,l_ankle_roll,458120,3.26,7.26,20.83,0.03248,0.01329,0.00461,2e-05,,
model_4250,0.3 rad/step,D_standing,all,635899680,2.51,5.41,29.12,0.0232,0.00515,0.00044,0.0,,
model_4250,0.3 rad/step,D_standing,r_hip_pitch,52991640,1.87,3.08,17.69,0.00636,0.00267,0.00024,0.0,,
model_4250,0.3 rad/step,D_standing,r_hip_roll,52991640,1.27,1.86,16.31,0.00013,5e-05,2e-05,0.0,,
model_4250,0.3 rad/step,D_standing,r_thigh,52991640,0.96,1.6,12.48,0.00015,3e-05,0.0,0.0,,
model_4250,0.3 rad/step,D_standing,r_calf,52991640,2.99,5.53,19.89,0.02328,0.00772,0.00279,0.0,,
model_4250,0.3 rad/step,D_standing,r_ankle_pitch,52991640,3.84,5.81,18.98,0.04376,0.00662,0.00017,0.0,,
model_4250,0.3 rad/step,D_standing,r_ankle_roll,52991640,1.69,2.37,18.97,0.00038,0.00013,6e-05,0.0,,
model_4250,0.3 rad/step,D_standing,l_hip_pitch,52991640,1.91,3.12,19.47,0.00504,0.0019,0.00047,0.0,,
model_4250,0.3 rad/step,D_standing,l_hip_roll,52991640,1.37,2.03,14.37,0.00011,5e-05,2e-05,0.0,,
model_4250,0.3 rad/step,D_standing,l_thigh,52991640,0.84,1.46,20.69,0.00044,0.00017,6e-05,0.0,,
model_4250,0.3 rad/step,D_standing,l_calf,52991640,5.93,7.52,29.12,0.13576,0.03715,0.00127,0.0,,
model_4250,0.3 rad/step,D_standing,l_ankle_pitch,52991640,4.33,5.83,19.77,0.06275,0.00526,0.00018,0.0,,
model_4250,0.3 rad/step,D_standing,l_ankle_roll,52991640,1.36,1.93,21.92,0.00023,5e-05,2e-05,0.0,,
model_4250,0.3 rad/step,first_100ms,all,3686400,13.27,15.53,26.66,0.60988,0.42405,0.19784,0.00053,,
model_4250,0.3 rad/step,first_100ms,r_hip_pitch,307200,14.82,16.09,18.68,0.95777,0.80084,0.54895,0.0,,
model_4250,0.3 rad/step,first_100ms,r_hip_roll,307200,9.67,11.31,14.19,0.4885,0.28607,0.03899,0.0,,
model_4250,0.3 rad/step,first_100ms,r_thigh,307200,14.69,17.92,24.61,0.40144,0.27526,0.14923,0.00222,,
model_4250,0.3 rad/step,first_100ms,r_calf,307200,10.97,12.79,15.46,0.70872,0.40014,0.09869,0.0,,
model_4250,0.3 rad/step,first_100ms,r_ankle_pitch,307200,12.03,13.58,14.89,0.62826,0.39309,0.15537,0.0,,
model_4250,0.3 rad/step,first_100ms,r_ankle_roll,307200,13.59,15.44,25.01,0.65009,0.49306,0.20195,9e-05,,
model_4250,0.3 rad/step,first_100ms,l_hip_pitch,307200,14.63,15.65,20.03,0.96107,0.80058,0.57362,1e-05,,
model_4250,0.3 rad/step,first_100ms,l_hip_roll,307200,7.28,9.92,13.89,0.17086,0.07312,0.00923,0.0,,
model_4250,0.3 rad/step,first_100ms,l_thigh,307200,14.44,18.52,26.66,0.41055,0.28482,0.14064,0.00408,,
model_4250,0.3 rad/step,first_100ms,l_calf,307200,10.78,12.64,15.84,0.70107,0.39572,0.08925,0.0,,
model_4250,0.3 rad/step,first_100ms,l_ankle_pitch,307200,12.81,13.9,18.29,0.86354,0.66061,0.31611,0.0,,
model_4250,0.3 rad/step,first_100ms,l_ankle_roll,307200,10.1,13.22,18.94,0.37666,0.22535,0.05206,0.0,,
model_4250,0.3 rad/step,events_gt20,r_hip_pitch,0,,,,,,,,,
model_4250,0.3 rad/step,events_gt20,r_hip_roll,0,,,,,,,,,
model_4250,0.3 rad/step,events_gt20,r_thigh,51,,,,,,,,7.12,17.0
model_4250,0.3 rad/step,events_gt20,r_calf,12,,,,,,,,3.08,10.5
model_4250,0.3 rad/step,events_gt20,r_ankle_pitch,0,,,,,,,,,
model_4250,0.3 rad/step,events_gt20,r_ankle_roll,15,,,,,,,,4.07,12.5
model_4250,0.3 rad/step,events_gt20,l_hip_pitch,2,,,,,,,,2.75,4.5
model_4250,0.3 rad/step,events_gt20,l_hip_roll,0,,,,,,,,,
model_4250,0.3 rad/step,events_gt20,l_thigh,363,,,,,,,,7.27,23.5
model_4250,0.3 rad/step,events_gt20,l_calf,15,,,,,,,,6.73,35.5
model_4250,0.3 rad/step,events_gt20,l_ankle_pitch,2,,,,,,,,10.0,16.5
model_4250,0.3 rad/step,events_gt20,l_ankle_roll,4,,,,,,,,7.38,17.0
model_4500,0.3 rad/step,A_lift,all,12288000,13.25,15.62,25.41,0.49279,0.35925,0.17912,0.00016,,
model_4500,0.3 rad/step,A_lift,r_hip_pitch,1024000,14.31,16.03,21.62,0.77998,0.62284,0.35797,1e-05,,
model_4500,0.3 rad/step,A_lift,r_hip_roll,1024000,9.48,11.86,17.29,0.26743,0.15784,0.03845,0.0,,
model_4500,0.3 rad/step,A_lift,r_thigh,1024000,9.46,15.82,24.06,0.1867,0.09683,0.04493,0.00048,,
model_4500,0.3 rad/step,A_lift,r_calf,1024000,14.9,16.72,20.62,0.73144,0.55679,0.32982,2e-05,,
model_4500,0.3 rad/step,A_lift,r_ankle_pitch,1024000,12.49,13.87,16.28,0.68652,0.49014,0.21208,0.0,,
model_4500,0.3 rad/step,A_lift,r_ankle_roll,1024000,13.16,15.37,25.41,0.44707,0.34029,0.14726,3e-05,,
model_4500,0.3 rad/step,A_lift,l_hip_pitch,1024000,13.97,15.24,21.15,0.77949,0.63765,0.36903,1e-05,,
model_4500,0.3 rad/step,A_lift,l_hip_roll,1024000,6.79,9.84,15.74,0.16673,0.06392,0.00905,0.0,,
model_4500,0.3 rad/step,A_lift,l_thigh,1024000,12.84,16.66,23.51,0.2985,0.19808,0.10063,0.00135,,
model_4500,0.3 rad/step,A_lift,l_calf,1024000,14.89,16.69,20.72,0.72473,0.55686,0.32452,1e-05,,
model_4500,0.3 rad/step,A_lift,l_ankle_pitch,1024000,12.29,13.81,17.12,0.70349,0.52015,0.19892,0.0,,
model_4500,0.3 rad/step,A_lift,l_ankle_roll,1024000,7.36,11.36,22.38,0.1414,0.06958,0.01677,3e-05,,
model_4500,0.3 rad/step,B_h1_to_h2,all,6159360,13.28,15.76,24.48,0.36165,0.23187,0.1184,0.00016,,
model_4500,0.3 rad/step,B_h1_to_h2,r_hip_pitch,513280,14.42,15.71,22.39,0.53935,0.36605,0.2271,4e-05,,
model_4500,0.3 rad/step,B_h1_to_h2,r_hip_roll,513280,4.96,7.19,14.7,0.09966,0.01874,0.00237,0.0,,
model_4500,0.3 rad/step,B_h1_to_h2,r_thigh,513280,5.06,7.54,12.31,0.09415,0.02329,0.00081,0.0,,
model_4500,0.3 rad/step,B_h1_to_h2,r_calf,513280,13.5,15.56,20.24,0.66998,0.46602,0.19715,2e-05,,
model_4500,0.3 rad/step,B_h1_to_h2,r_ankle_pitch,513280,9.41,13.18,15.57,0.36093,0.15468,0.04031,0.0,,
model_4500,0.3 rad/step,B_h1_to_h2,r_ankle_roll,513280,12.44,15.85,24.48,0.27681,0.18217,0.09115,0.00015,,
model_4500,0.3 rad/step,B_h1_to_h2,l_hip_pitch,513280,15.84,16.88,18.6,0.69657,0.57259,0.43182,0.0,,
model_4500,0.3 rad/step,B_h1_to_h2,l_hip_roll,513280,9.58,12.44,17.25,0.18382,0.11872,0.04248,0.0,,
model_4500,0.3 rad/step,B_h1_to_h2,l_thigh,513280,14.64,18.16,22.59,0.35108,0.26251,0.14596,0.00134,,
model_4500,0.3 rad/step,B_h1_to_h2,l_calf,513280,11.31,14.81,24.2,0.57755,0.33467,0.07915,0.0004,,
model_4500,0.3 rad/step,B_h1_to_h2,l_ankle_pitch,513280,12.89,14.21,16.22,0.46175,0.27535,0.16113,0.0,,
model_4500,0.3 rad/step,B_h1_to_h2,l_ankle_roll,513280,3.15,5.8,18.3,0.02819,0.00768,0.00137,0.0,,
model_4500,0.3 rad/step,C_stabilize,all,3116640,10.46,14.18,26.65,0.24841,0.1569,0.05805,0.00014,,
model_4500,0.3 rad/step,C_stabilize,r_hip_pitch,259720,11.24,14.63,19.34,0.27374,0.15435,0.06863,0.0,,
model_4500,0.3 rad/step,C_stabilize,r_hip_roll,259720,4.36,9.74,17.01,0.05857,0.02515,0.00932,0.0,,
model_4500,0.3 rad/step,C_stabilize,r_thigh,259720,3.97,6.5,13.66,0.04919,0.01164,0.00136,0.0,,
model_4500,0.3 rad/step,C_stabilize,r_calf,259720,12.1,14.57,19.1,0.53947,0.36095,0.12581,0.0,,
model_4500,0.3 rad/step,C_stabilize,r_ankle_pitch,259720,8.56,11.94,17.14,0.19282,0.10162,0.02917,0.0,,
model_4500,0.3 rad/step,C_stabilize,r_ankle_roll,259720,6.33,13.04,19.01,0.06953,0.05033,0.02484,0.0,,
model_4500,0.3 rad/step,C_stabilize,l_hip_pitch,259720,12.48,15.16,19.55,0.58101,0.39974,0.11914,0.0,,
model_4500,0.3 rad/step,C_stabilize,l_hip_roll,259720,2.89,6.28,13.68,0.02598,0.00998,0.00225,0.0,,
model_4500,0.3 rad/step,C_stabilize,l_thigh,259720,14.43,17.91,24.45,0.34852,0.25756,0.14428,0.00151,,
model_4500,0.3 rad/step,C_stabilize,l_calf,259720,12.03,14.01,19.6,0.55844,0.37377,0.12985,0.0,,
model_4500,0.3 rad/step,C_stabilize,l_ankle_pitch,259720,9.16,12.5,26.65,0.24311,0.12118,0.03674,0.00015,,
model_4500,0.3 rad/step,C_stabilize,l_ankle_roll,259720,3.59,7.91,16.74,0.04055,0.01658,0.00527,0.0,,
model_4500,0.3 rad/step,D_standing,all,641250720,3.41,6.43,21.5,0.03732,0.01085,0.00081,0.0,,
model_4500,0.3 rad/step,D_standing,r_hip_pitch,53437560,2.36,3.37,17.08,0.00568,0.0023,0.00016,0.0,,
model_4500,0.3 rad/step,D_standing,r_hip_roll,53437560,1.45,1.97,10.98,5e-05,1e-05,0.0,0.0,,
model_4500,0.3 rad/step,D_standing,r_thigh,53437560,1.37,1.95,8.79,6e-05,0.0,0.0,0.0,,
model_4500,0.3 rad/step,D_standing,r_calf,53437560,4.79,7.3,17.9,0.08606,0.01784,0.00322,0.0,,
model_4500,0.3 rad/step,D_standing,r_ankle_pitch,53437560,4.31,5.93,16.88,0.06386,0.00658,7e-05,0.0,,
model_4500,0.3 rad/step,D_standing,r_ankle_roll,53437560,1.87,2.6,16.9,0.00053,4e-05,2e-05,0.0,,
model_4500,0.3 rad/step,D_standing,l_hip_pitch,53437560,2.39,3.7,17.51,0.00733,0.0016,0.00024,0.0,,
model_4500,0.3 rad/step,D_standing,l_hip_roll,53437560,1.3,1.9,14.29,4e-05,1e-05,1e-05,0.0,,
model_4500,0.3 rad/step,D_standing,l_thigh,53437560,1.07,1.73,21.5,0.00024,7e-05,2e-05,0.0,,
model_4500,0.3 rad/step,D_standing,l_calf,53437560,7.43,9.5,17.34,0.19004,0.08816,0.00588,0.0,,
model_4500,0.3 rad/step,D_standing,l_ankle_pitch,53437560,4.98,6.55,20.84,0.09369,0.0136,7e-05,0.0,,
model_4500,0.3 rad/step,D_standing,l_ankle_roll,53437560,1.58,2.21,11.97,0.00028,1e-05,0.0,0.0,,
model_4500,0.3 rad/step,first_100ms,all,3686400,13.3,15.58,25.41,0.618,0.43122,0.20039,0.00044,,
model_4500,0.3 rad/step,first_100ms,r_hip_pitch,307200,15.17,16.35,18.36,0.95699,0.7983,0.55834,0.0,,
model_4500,0.3 rad/step,first_100ms,r_hip_roll,307200,9.56,11.4,14.59,0.45371,0.24737,0.03659,0.0,,
model_4500,0.3 rad/step,first_100ms,r_thigh,307200,14.62,17.83,24.06,0.39996,0.27753,0.14798,0.00147,,
model_4500,0.3 rad/step,first_100ms,r_calf,307200,11.02,12.91,15.52,0.73161,0.42857,0.10403,0.0,,
model_4500,0.3 rad/step,first_100ms,r_ankle_pitch,307200,12.33,13.7,14.96,0.69714,0.46687,0.19798,0.0,,
model_4500,0.3 rad/step,first_100ms,r_ankle_roll,307200,13.3,15.11,25.41,0.6438,0.47804,0.18884,8e-05,,
model_4500,0.3 rad/step,first_100ms,l_hip_pitch,307200,14.53,15.53,18.73,0.95574,0.8013,0.56509,0.0,,
model_4500,0.3 rad/step,first_100ms,l_hip_roll,307200,7.12,9.67,13.92,0.16735,0.07076,0.00751,0.0,,
model_4500,0.3 rad/step,first_100ms,l_thigh,307200,14.61,18.24,23.51,0.48334,0.3472,0.17109,0.00364,,
model_4500,0.3 rad/step,first_100ms,l_calf,307200,10.73,12.47,15.64,0.72601,0.41825,0.08702,0.0,,
model_4500,0.3 rad/step,first_100ms,l_ankle_pitch,307200,12.76,13.9,16.5,0.83177,0.61715,0.28651,0.0,,
model_4500,0.3 rad/step,first_100ms,l_ankle_roll,307200,10.19,13.44,22.38,0.36855,0.22334,0.05371,0.0001,,
model_4500,0.3 rad/step,events_gt20,r_hip_pitch,2,,,,,,,,8.0,9.0
model_4500,0.3 rad/step,events_gt20,r_hip_roll,0,,,,,,,,,
model_4500,0.3 rad/step,events_gt20,r_thigh,47,,,,,,,,5.24,12.5
model_4500,0.3 rad/step,events_gt20,r_calf,6,,,,,,,,2.17,4.0
model_4500,0.3 rad/step,events_gt20,r_ankle_pitch,0,,,,,,,,,
model_4500,0.3 rad/step,events_gt20,r_ankle_roll,6,,,,,,,,8.42,14.5
model_4500,0.3 rad/step,events_gt20,l_hip_pitch,1,,,,,,,,6.0,6.0
model_4500,0.3 rad/step,events_gt20,l_hip_roll,0,,,,,,,,,
model_4500,0.3 rad/step,events_gt20,l_thigh,203,,,,,,,,6.15,21.5
model_4500,0.3 rad/step,events_gt20,l_calf,16,,,,,,,,6.72,17.5
model_4500,0.3 rad/step,events_gt20,l_ankle_pitch,6,,,,,,,,5.42,11.5
model_4500,0.3 rad/step,events_gt20,l_ankle_roll,4,,,,,,,,4.0,8.0
model_4750,0.3 rad/step,A_lift,all,12348000,13.33,15.7,25.69,0.50015,0.36553,0.18276,0.00022,,
model_4750,0.3 rad/step,A_lift,r_hip_pitch,1029000,14.11,15.8,19.74,0.75229,0.5903,0.33549,0.0,,
model_4750,0.3 rad/step,A_lift,r_hip_roll,1029000,9.79,12.27,18.19,0.30412,0.18784,0.04498,0.0,,
model_4750,0.3 rad/step,A_lift,r_thigh,1029000,9.61,15.54,25.69,0.19813,0.10494,0.046,0.0003,,
model_4750,0.3 rad/step,A_lift,r_calf,1029000,14.92,16.88,20.74,0.7307,0.55622,0.32834,2e-05,,
model_4750,0.3 rad/step,A_lift,r_ankle_pitch,1029000,12.7,14.01,16.24,0.69613,0.50892,0.22503,0.0,,
model_4750,0.3 rad/step,A_lift,r_ankle_roll,1029000,13.46,15.72,24.44,0.46188,0.3561,0.16579,4e-05,,
model_4750,0.3 rad/step,A_lift,l_hip_pitch,1029000,13.99,15.27,22.51,0.77224,0.62548,0.36974,6e-05,,
model_4750,0.3 rad/step,A_lift,l_hip_roll,1029000,6.48,8.99,15.27,0.16767,0.05614,0.00457,0.0,,
model_4750,0.3 rad/step,A_lift,l_thigh,1029000,13.88,17.73,23.21,0.33584,0.24007,0.12701,0.00213,,
model_4750,0.3 rad/step,A_lift,l_calf,1029000,14.87,16.56,21.17,0.72512,0.55972,0.32872,5e-05,,
model_4750,0.3 rad/step,A_lift,l_ankle_pitch,1029000,12.34,13.86,16.66,0.7101,0.53331,0.20298,0.0,,
model_4750,0.3 rad/step,A_lift,l_ankle_roll,1029000,7.19,10.88,22.96,0.14758,0.06727,0.01449,4e-05,,
model_4750,0.3 rad/step,B_h1_to_h2,all,6225600,13.15,15.6,31.72,0.34237,0.21635,0.11012,0.00046,,
model_4750,0.3 rad/step,B_h1_to_h2,r_hip_pitch,518800,14.19,15.39,17.4,0.54472,0.36348,0.21828,0.0,,
model_4750,0.3 rad/step,B_h1_to_h2,r_hip_roll,518800,4.82,6.86,13.55,0.08652,0.01624,0.00108,0.0,,
model_4750,0.3 rad/step,B_h1_to_h2,r_thigh,518800,4.94,8.12,20.83,0.08192,0.02625,0.00255,4e-05,,
model_4750,0.3 rad/step,B_h1_to_h2,r_calf,518800,13.77,15.53,19.81,0.70231,0.4993,0.2118,0.0,,
model_4750,0.3 rad/step,B_h1_to_h2,r_ankle_pitch,518800,9.6,13.17,16.42,0.3012,0.12519,0.04287,0.0,,
model_4750,0.3 rad/step,B_h1_to_h2,r_ankle_roll,518800,10.6,15.05,19.86,0.21854,0.11941,0.0558,0.0,,
model_4750,0.3 rad/step,B_h1_to_h2,l_hip_pitch,518800,15.76,16.87,19.27,0.64732,0.52648,0.40903,0.0,,
model_4750,0.3 rad/step,B_h1_to_h2,l_hip_roll,518800,9.07,12.23,15.73,0.15059,0.10253,0.03598,0.0,,
model_4750,0.3 rad/step,B_h1_to_h2,l_thigh,518800,14.44,18.9,26.69,0.2991,0.21841,0.12721,0.00483,,
model_4750,0.3 rad/step,B_h1_to_h2,l_calf,518800,10.99,14.47,31.72,0.57386,0.32236,0.07435,0.00063,,
model_4750,0.3 rad/step,B_h1_to_h2,l_ankle_pitch,518800,12.79,14.25,16.11,0.47276,0.26932,0.14121,0.0,,
model_4750,0.3 rad/step,B_h1_to_h2,l_ankle_roll,518800,3.21,5.76,15.6,0.02955,0.00729,0.00125,0.0,,
model_4750,0.3 rad/step,C_stabilize,all,2708640,10.39,13.63,22.75,0.23977,0.15244,0.0577,0.00015,,
model_4750,0.3 rad/step,C_stabilize,r_hip_pitch,225720,9.05,12.84,19.77,0.24293,0.11934,0.03621,0.0,,
model_4750,0.3 rad/step,C_stabilize,r_hip_roll,225720,3.88,6.86,14.74,0.04627,0.01348,0.00275,0.0,,
model_4750,0.3 rad/step,C_stabilize,r_thigh,225720,3.36,5.97,11.17,0.03458,0.008,0.00027,0.0,,
model_4750,0.3 rad/step,C_stabilize,r_calf,225720,12.21,14.08,18.86,0.59256,0.42162,0.16535,0.0,,
model_4750,0.3 rad/step,C_stabilize,r_ankle_pitch,225720,7.04,10.1,16.46,0.16123,0.06794,0.01053,0.0,,
model_4750,0.3 rad/step,C_stabilize,r_ankle_roll,225720,2.49,10.67,21.25,0.03192,0.02159,0.01168,1e-05,,
model_4750,0.3 rad/step,C_stabilize,l_hip_pitch,225720,12.44,14.59,19.39,0.62703,0.4626,0.1696,0.0,,
model_4750,0.3 rad/step,C_stabilize,l_hip_roll,225720,2.06,3.74,12.12,0.00851,0.00202,0.0004,0.0,,
model_4750,0.3 rad/step,C_stabilize,l_thigh,225720,14.02,18.02,22.75,0.30929,0.22572,0.12873,0.00174,,
model_4750,0.3 rad/step,C_stabilize,l_calf,225720,12.16,13.86,21.82,0.59792,0.4095,0.15231,0.0001,,
model_4750,0.3 rad/step,C_stabilize,l_ankle_pitch,225720,6.99,10.69,18.48,0.19213,0.06895,0.01386,0.0,,
model_4750,0.3 rad/step,C_stabilize,l_ankle_roll,225720,3.34,6.04,13.15,0.03289,0.00855,0.00067,0.0,,
model_4750,0.3 rad/step,D_standing,all,641532480,3.19,5.73,24.21,0.02955,0.00686,0.00047,0.0,,
model_4750,0.3 rad/step,D_standing,r_hip_pitch,53461040,2.67,3.85,19.52,0.0085,0.00253,0.00039,0.0,,
model_4750,0.3 rad/step,D_standing,r_hip_roll,53461040,1.33,1.86,14.7,0.00012,3e-05,1e-05,0.0,,
model_4750,0.3 rad/step,D_standing,r_thigh,53461040,1.46,1.98,13.59,7e-05,1e-05,0.0,0.0,,
model_4750,0.3 rad/step,D_standing,r_calf,53461040,4.57,7.21,19.2,0.07167,0.01777,0.00234,0.0,,
model_4750,0.3 rad/step,D_standing,r_ankle_pitch,53461040,4.42,6.65,17.17,0.0645,0.01358,0.00017,0.0,,
model_4750,0.3 rad/step,D_standing,r_ankle_roll,53461040,1.82,2.48,21.68,0.00038,6e-05,3e-05,0.0,,
model_4750,0.3 rad/step,D_standing,l_hip_pitch,53461040,3.23,4.88,18.84,0.02287,0.00321,0.00044,0.0,,
model_4750,0.3 rad/step,D_standing,l_hip_roll,53461040,1.37,1.91,12.77,6e-05,2e-05,1e-05,0.0,,
model_4750,0.3 rad/step,D_standing,l_thigh,53461040,1.14,1.73,21.95,0.00025,0.0001,4e-05,0.0,,
model_4750,0.3 rad/step,D_standing,l_calf,53461040,5.86,8.18,24.21,0.13153,0.03874,0.00215,0.0,,
model_4750,0.3 rad/step,D_standing,l_ankle_pitch,53461040,4.12,5.89,18.97,0.05398,0.00624,0.00012,0.0,,
model_4750,0.3 rad/step,D_standing,l_ankle_roll,53461040,1.79,2.57,12.35,0.00061,2e-05,0.0,0.0,,
model_4750,0.3 rad/step,first_100ms,all,3686400,13.39,15.79,23.2,0.62296,0.43653,0.20412,0.00047,,
model_4750,0.3 rad/step,first_100ms,r_hip_pitch,307200,15.11,16.32,18.49,0.95746,0.7938,0.5515,0.0,,
model_4750,0.3 rad/step,first_100ms,r_hip_roll,307200,9.99,12.02,15.34,0.50251,0.29466,0.04938,0.0,,
model_4750,0.3 rad/step,first_100ms,r_thigh,307200,14.21,17.48,22.48,0.40252,0.2768,0.14437,0.00072,,
model_4750,0.3 rad/step,first_100ms,r_calf,307200,11.0,12.9,16.13,0.7284,0.42147,0.10391,0.0,,
model_4750,0.3 rad/step,first_100ms,r_ankle_pitch,307200,12.55,13.84,15.37,0.70774,0.48617,0.21563,0.0,,
model_4750,0.3 rad/step,first_100ms,r_ankle_roll,307200,13.35,15.16,20.23,0.65493,0.49094,0.19946,0.0,,
model_4750,0.3 rad/step,first_100ms,l_hip_pitch,307200,14.54,15.5,20.28,0.95643,0.80734,0.57234,5e-05,,
model_4750,0.3 rad/step,first_100ms,l_hip_roll,307200,7.14,9.77,13.54,0.17501,0.0731,0.00804,0.0,,
model_4750,0.3 rad/step,first_100ms,l_thigh,307200,16.05,19.04,23.2,0.48138,0.37276,0.21607,0.00472,,
model_4750,0.3 rad/step,first_100ms,l_calf,307200,10.66,12.33,15.35,0.73016,0.42198,0.08513,0.0,,
model_4750,0.3 rad/step,first_100ms,l_ankle_pitch,307200,12.64,13.82,15.39,0.80169,0.58125,0.25651,0.0,,
model_4750,0.3 rad/step,first_100ms,l_ankle_roll,307200,9.88,13.22,22.96,0.37728,0.21806,0.04707,0.00013,,
model_4750,0.3 rad/step,events_gt20,r_hip_pitch,0,,,,,,,,,
model_4750,0.3 rad/step,events_gt20,r_hip_roll,0,,,,,,,,,
model_4750,0.3 rad/step,events_gt20,r_thigh,29,,,,,,,,5.71,17.5
model_4750,0.3 rad/step,events_gt20,r_calf,4,,,,,,,,2.75,4.5
model_4750,0.3 rad/step,events_gt20,r_ankle_pitch,0,,,,,,,,,
model_4750,0.3 rad/step,events_gt20,r_ankle_roll,5,,,,,,,,5.2,11.5
model_4750,0.3 rad/step,events_gt20,l_hip_pitch,5,,,,,,,,6.2,10.5
model_4750,0.3 rad/step,events_gt20,l_hip_roll,0,,,,,,,,,
model_4750,0.3 rad/step,events_gt20,l_thigh,330,,,,,,,,7.8,26.0
model_4750,0.3 rad/step,events_gt20,l_calf,25,,,,,,,,9.82,39.5
model_4750,0.3 rad/step,events_gt20,l_ankle_pitch,0,,,,,,,,,
model_4750,0.3 rad/step,events_gt20,l_ankle_roll,6,,,,,,,,3.42,9.0
model_5000,0.3 rad/step,A_lift,all,12248640,13.37,15.7,25.2,0.49525,0.3677,0.18757,0.00034,,
model_5000,0.3 rad/step,A_lift,r_hip_pitch,1020720,14.1,15.72,18.81,0.75438,0.59021,0.33985,0.0,,
model_5000,0.3 rad/step,A_lift,r_hip_roll,1020720,10.07,12.9,17.78,0.27352,0.16655,0.05132,0.0,,
model_5000,0.3 rad/step,A_lift,r_thigh,1020720,9.67,15.7,25.2,0.17995,0.09485,0.04691,0.00033,,
model_5000,0.3 rad/step,A_lift,r_calf,1020720,14.85,16.98,20.48,0.73339,0.5582,0.33583,2e-05,,
model_5000,0.3 rad/step,A_lift,r_ankle_pitch,1020720,12.79,14.14,16.14,0.71943,0.53374,0.23449,0.0,,
model_5000,0.3 rad/step,A_lift,r_ankle_roll,1020720,13.47,15.63,24.78,0.45272,0.34943,0.16592,4e-05,,
model_5000,0.3 rad/step,A_lift,l_hip_pitch,1020720,13.99,15.32,21.54,0.77716,0.63146,0.36915,6e-05,,
model_5000,0.3 rad/step,A_lift,l_hip_roll,1020720,7.62,10.6,17.73,0.16811,0.08336,0.01474,0.0,,
model_5000,0.3 rad/step,A_lift,l_thigh,1020720,14.36,18.25,24.39,0.31157,0.23565,0.13475,0.00358,,
model_5000,0.3 rad/step,A_lift,l_calf,1020720,14.8,16.37,21.01,0.72343,0.56191,0.32914,2e-05,,
model_5000,0.3 rad/step,A_lift,l_ankle_pitch,1020720,12.39,13.84,16.76,0.71621,0.53732,0.21065,0.0,,
model_5000,0.3 rad/step,A_lift,l_ankle_roll,1020720,7.42,11.54,22.89,0.1331,0.06973,0.01809,4e-05,,
model_5000,0.3 rad/step,B_h1_to_h2,all,5794560,13.32,15.74,23.46,0.36199,0.2314,0.11614,0.00011,,
model_5000,0.3 rad/step,B_h1_to_h2,r_hip_pitch,482880,14.53,15.73,17.9,0.58555,0.39589,0.23881,0.0,,
model_5000,0.3 rad/step,B_h1_to_h2,r_hip_roll,482880,4.58,5.96,16.75,0.08214,0.00717,0.00138,0.0,,
model_5000,0.3 rad/step,B_h1_to_h2,r_thigh,482880,4.69,6.86,12.32,0.08324,0.01568,0.00043,0.0,,
model_5000,0.3 rad/step,B_h1_to_h2,r_calf,482880,13.31,15.46,19.38,0.66852,0.46281,0.18244,0.0,,
model_5000,0.3 rad/step,B_h1_to_h2,r_ankle_pitch,482880,9.05,12.23,16.03,0.41566,0.18925,0.03226,0.0,,
model_5000,0.3 rad/step,B_h1_to_h2,r_ankle_roll,482880,11.39,15.18,20.55,0.24467,0.15321,0.06881,2e-05,,
model_5000,0.3 rad/step,B_h1_to_h2,l_hip_pitch,482880,15.85,16.84,19.16,0.69763,0.57379,0.43284,0.0,,
model_5000,0.3 rad/step,B_h1_to_h2,l_hip_roll,482880,9.94,12.71,15.44,0.17897,0.1214,0.04893,0.0,,
model_5000,0.3 rad/step,B_h1_to_h2,l_thigh,482880,15.12,17.96,22.26,0.36394,0.28263,0.17698,0.00108,,
model_5000,0.3 rad/step,B_h1_to_h2,l_calf,482880,11.08,14.29,23.46,0.55512,0.32337,0.07739,0.00018,,
model_5000,0.3 rad/step,B_h1_to_h2,l_ankle_pitch,482880,12.83,14.14,18.91,0.44602,0.24672,0.13271,0.0,,
model_5000,0.3 rad/step,B_h1_to_h2,l_ankle_roll,482880,2.98,5.22,16.22,0.02238,0.00491,0.00076,0.0,,
model_5000,0.3 rad/step,C_stabilize,all,3214080,10.59,14.11,23.32,0.25437,0.15769,0.06073,0.00017,,
model_5000,0.3 rad/step,C_stabilize,r_hip_pitch,267840,10.17,14.22,19.33,0.35616,0.17985,0.05263,0.0,,
model_5000,0.3 rad/step,C_stabilize,r_hip_roll,267840,3.54,6.95,16.32,0.03584,0.0121,0.00313,0.0,,
model_5000,0.3 rad/step,C_stabilize,r_thigh,267840,3.82,6.27,14.03,0.04506,0.00988,0.00044,0.0,,
model_5000,0.3 rad/step,C_stabilize,r_calf,267840,12.38,14.7,19.46,0.56151,0.38149,0.14099,0.0,,
model_5000,0.3 rad/step,C_stabilize,r_ankle_pitch,267840,8.34,12.19,16.52,0.23681,0.09913,0.02865,0.0,,
model_5000,0.3 rad/step,C_stabilize,r_ankle_roll,267840,4.92,12.87,21.73,0.05735,0.04119,0.02228,0.00011,,
model_5000,0.3 rad/step,C_stabilize,l_hip_pitch,267840,12.82,15.19,18.57,0.59953,0.44163,0.18138,0.0,,
model_5000,0.3 rad/step,C_stabilize,l_hip_roll,267840,2.76,6.15,14.64,0.02375,0.00957,0.00283,0.0,,
model_5000,0.3 rad/step,C_stabilize,l_thigh,267840,13.87,17.66,22.43,0.26204,0.19485,0.11642,0.00176,,
model_5000,0.3 rad/step,C_stabilize,l_calf,267840,12.29,14.52,18.8,0.61893,0.41495,0.14925,0.0,,
model_5000,0.3 rad/step,C_stabilize,l_ankle_pitch,267840,8.46,12.26,23.32,0.24242,0.10409,0.03032,0.00019,,
model_5000,0.3 rad/step,C_stabilize,l_ankle_roll,267840,2.47,4.42,15.56,0.013,0.0036,0.00044,0.0,,
model_5000,0.3 rad/step,D_standing,all,641557440,3.57,6.1,17.74,0.03755,0.00887,0.00066,0.0,,
model_5000,0.3 rad/step,D_standing,r_hip_pitch,53463120,2.84,4.22,15.45,0.01246,0.00268,0.00039,0.0,,
model_5000,0.3 rad/step,D_standing,r_hip_roll,53463120,1.38,1.92,6.19,2e-05,0.0,0.0,0.0,,
model_5000,0.3 rad/step,D_standing,r_thigh,53463120,1.64,2.3,8.46,0.00016,0.0,0.0,0.0,,
model_5000,0.3 rad/step,D_standing,r_calf,53463120,5.79,8.32,17.74,0.1299,0.03753,0.00361,0.0,,
model_5000,0.3 rad/step,D_standing,r_ankle_pitch,53463120,5.45,7.56,14.14,0.11441,0.02668,0.00047,0.0,,
model_5000,0.3 rad/step,D_standing,r_ankle_roll,53463120,2.09,3.01,16.1,0.00155,2e-05,0.0,0.0,,
model_5000,0.3 rad/step,D_standing,l_hip_pitch,53463120,3.31,5.16,16.85,0.02589,0.00432,0.00035,0.0,,
model_5000,0.3 rad/step,D_standing,l_hip_roll,53463120,1.39,2.06,5.89,4e-05,0.0,0.0,0.0,,
model_5000,0.3 rad/step,D_standing,l_thigh,53463120,1.26,1.88,8.93,0.00011,1e-05,0.0,0.0,,
model_5000,0.3 rad/step,D_standing,l_calf,53463120,5.5,8.2,17.61,0.12283,0.03188,0.00302,0.0,,
model_5000,0.3 rad/step,D_standing,l_ankle_pitch,53463120,3.79,5.46,17.3,0.04284,0.00325,6e-05,0.0,,
model_5000,0.3 rad/step,D_standing,l_ankle_roll,53463120,1.7,2.48,12.11,0.00042,1e-05,0.0,0.0,,
model_5000,0.3 rad/step,first_100ms,all,3686400,13.43,15.78,25.2,0.62456,0.44124,0.20861,0.00059,,
model_5000,0.3 rad/step,first_100ms,r_hip_pitch,307200,15.06,16.22,18.39,0.9504,0.78036,0.54808,0.0,,
model_5000,0.3 rad/step,first_100ms,r_hip_roll,307200,9.68,11.98,15.32,0.47252,0.25511,0.04137,0.0,,
model_5000,0.3 rad/step,first_100ms,r_thigh,307200,14.42,17.6,25.2,0.40372,0.2858,0.15097,0.00094,,
model_5000,0.3 rad/step,first_100ms,r_calf,307200,11.16,13.01,16.24,0.75031,0.4434,0.11468,0.0,,
model_5000,0.3 rad/step,first_100ms,r_ankle_pitch,307200,12.76,13.98,15.32,0.77656,0.55218,0.25719,0.0,,
model_5000,0.3 rad/step,first_100ms,r_ankle_roll,307200,13.35,15.09,20.37,0.65758,0.49161,0.19503,2e-05,,
model_5000,0.3 rad/step,first_100ms,l_hip_pitch,307200,14.58,15.61,20.32,0.95527,0.80818,0.56498,6e-05,,
model_5000,0.3 rad/step,first_100ms,l_hip_roll,307200,6.78,9.23,13.54,0.15022,0.06359,0.00513,0.0,,
model_5000,0.3 rad/step,first_100ms,l_thigh,307200,16.02,19.24,23.17,0.46684,0.37507,0.22002,0.00587,,
model_5000,0.3 rad/step,first_100ms,l_calf,307200,10.7,12.32,15.32,0.74411,0.43399,0.08922,0.0,,
model_5000,0.3 rad/step,first_100ms,l_ankle_pitch,307200,12.71,13.9,15.32,0.80745,0.58514,0.26154,0.0,,
model_5000,0.3 rad/step,first_100ms,l_ankle_roll,307200,10.24,13.55,22.89,0.35973,0.22048,0.05506,0.00014,,
model_5000,0.3 rad/step,events_gt20,r_hip_pitch,0,,,,,,,,,
model_5000,0.3 rad/step,events_gt20,r_hip_roll,0,,,,,,,,,
model_5000,0.3 rad/step,events_gt20,r_thigh,31,,,,,,,,5.47,13.5
model_5000,0.3 rad/step,events_gt20,r_calf,3,,,,,,,,3.0,4.5
model_5000,0.3 rad/step,events_gt20,r_ankle_pitch,0,,,,,,,,,
model_5000,0.3 rad/step,events_gt20,r_ankle_roll,6,,,,,,,,6.58,12.5
model_5000,0.3 rad/step,events_gt20,l_hip_pitch,7,,,,,,,,4.43,8.0
model_5000,0.3 rad/step,events_gt20,l_hip_roll,0,,,,,,,,,
model_5000,0.3 rad/step,events_gt20,l_thigh,389,,,,,,,,5.97,21.5
model_5000,0.3 rad/step,events_gt20,l_calf,8,,,,,,,,6.88,15.0
model_5000,0.3 rad/step,events_gt20,l_ankle_pitch,2,,,,,,,,12.75,14.0
model_5000,0.3 rad/step,events_gt20,l_ankle_roll,6,,,,,,,,3.5,9.0
