iteration,config,seed,pose,episodes,recovered,strict_0p31,foot_only_stable,reach_h1,h2_given_h1,recovered_given_h2,recover_time_median_s,recover_time_p95_s,events_gt20_per_episode,viol_max,viol_p99_episode,episodes_viol_gt_0p05,tau_max,tau_sat_frac,track_err_max,root_f_max_bw,root_f_p99_episode_bw,episodes_root_f_gt_10bw,invalid_episodes,failure_categories
4000,limited,2150,supine,128.0,1.0,1.0,1.0,1.0,1.0,1.0,0.74,1.86,0.164,0.157,0.154,0.711,16.0,0.004,1.213,17.199,14.469,0.234,0.0,
4000,limited,2150,prone,128.0,0.977,0.977,0.977,1.0,0.992,0.984,2.8,9.072,1.383,0.347,0.293,1.0,16.0,0.007,1.97,17.037,16.502,1.0,0.0,"high_but_tilted (final > h1, tilt > 18 deg) 0.8%; reached_h1_not_held 1.6%"
4000,limited,2150,left_side,128.0,0.977,0.961,0.977,0.984,1.0,0.992,1.66,8.836,1.141,0.381,0.291,0.984,16.0,0.008,1.719,15.791,15.402,0.664,0.0,"high_but_tilted (final > h1, tilt > 18 deg) 0.8%; never_lift (max h < 0.15 m) 0.8%; partial_lift (0.15 m <= max h < h1) 0.8%"
4000,limited,2150,right_side,128.0,0.977,0.969,0.977,0.992,1.0,0.984,1.14,7.116,0.953,0.297,0.18,0.758,16.0,0.006,1.58,16.181,15.875,0.539,0.0,"high_but_tilted (final > h1, tilt > 18 deg) 0.8%; partial_lift (0.15 m <= max h < h1) 0.8%; reached_h1_not_held 0.8%"
4000,limited,2151,supine,128.0,0.992,0.992,0.992,1.0,1.0,0.992,0.76,2.124,0.062,0.2,0.144,0.672,16.0,0.004,1.317,16.186,14.128,0.227,0.0,"high_but_tilted (final > h1, tilt > 18 deg) 0.8%"
4000,limited,2151,prone,128.0,0.984,0.984,0.984,1.0,1.0,0.984,3.06,11.14,1.484,0.291,0.268,0.984,16.0,0.008,1.602,16.425,16.004,0.992,0.0,"high_but_tilted (final > h1, tilt > 18 deg) 0.8%; reached_h1_not_held 0.8%"
4000,limited,2151,left_side,128.0,0.992,0.984,0.984,0.992,1.0,1.0,1.18,5.942,0.609,0.184,0.182,0.984,16.0,0.005,1.73,15.161,14.948,0.562,0.0,never_lift (max h < 0.15 m) 0.8%
4000,limited,2151,right_side,128.0,0.977,0.977,0.977,1.0,1.0,0.977,1.24,8.284,0.969,0.2,0.176,0.797,16.0,0.005,1.538,14.928,14.556,0.562,0.0,"fell_after_recovery (held 1 s, then down) 0.8%; high_but_tilted (final > h1, tilt > 18 deg) 1.6%"
4000,limited,2152,supine,128.0,0.992,0.984,0.992,1.0,1.0,0.992,0.76,2.244,0.133,0.156,0.138,0.664,16.0,0.004,1.125,13.917,13.568,0.266,0.0,"high_but_tilted (final > h1, tilt > 18 deg) 0.8%"
4000,limited,2152,prone,128.0,0.961,0.953,0.953,1.0,0.992,0.969,2.66,8.262,1.406,0.226,0.201,1.0,16.0,0.007,1.901,17.605,16.288,1.0,0.0,"fell_after_recovery (held 1 s, then down) 1.6%; high_but_tilted (final > h1, tilt > 18 deg) 0.8%; reached_h1_not_held 1.6%"
4000,limited,2152,left_side,128.0,0.992,0.992,0.992,1.0,1.0,0.992,1.34,7.716,0.898,0.226,0.202,1.0,16.0,0.006,1.613,15.932,14.974,0.688,0.0,reached_h1_not_held 0.8%
4000,limited,2152,right_side,128.0,0.977,0.969,0.977,1.0,0.992,0.984,1.22,6.108,1.008,0.316,0.188,0.82,16.0,0.005,1.752,15.59,14.768,0.539,0.0,"high_but_tilted (final > h1, tilt > 18 deg) 1.6%; reached_h1_not_held 0.8%"
4250,limited,2150,supine,128.0,1.0,1.0,1.0,1.0,1.0,1.0,0.5,0.826,0.078,0.099,0.079,0.242,16.0,0.003,1.061,13.445,13.197,0.125,0.0,
4250,limited,2150,prone,128.0,1.0,1.0,1.0,1.0,1.0,1.0,0.6,1.4,0.336,0.249,0.128,1.0,16.0,0.003,1.488,15.625,15.382,1.0,0.0,
4250,limited,2150,left_side,128.0,0.992,0.992,0.992,0.992,1.0,1.0,0.62,1.404,0.531,0.143,0.138,0.836,16.0,0.003,1.219,15.264,15.051,0.578,0.0,never_lift (max h < 0.15 m) 0.8%
4250,limited,2150,right_side,128.0,0.992,0.992,0.992,1.0,1.0,0.992,0.56,1.842,0.266,0.177,0.143,0.602,16.0,0.003,1.266,14.38,14.324,0.5,0.0,"high_but_tilted (final > h1, tilt > 18 deg) 0.8%"
4250,limited,2151,supine,128.0,1.0,1.0,1.0,1.0,1.0,1.0,0.48,0.819,0.047,0.135,0.099,0.18,16.0,0.003,1.077,11.873,11.752,0.18,0.0,
4250,limited,2151,prone,128.0,1.0,1.0,1.0,1.0,1.0,1.0,0.6,1.403,0.305,0.226,0.138,0.992,16.0,0.003,2.227,15.613,15.58,1.0,0.0,
4250,limited,2151,left_side,128.0,1.0,1.0,1.0,1.0,1.0,1.0,0.58,1.359,0.461,0.145,0.138,0.805,16.0,0.003,1.455,14.942,14.838,0.477,0.0,
4250,limited,2151,right_side,128.0,1.0,1.0,1.0,1.0,1.0,1.0,0.59,2.426,0.188,0.144,0.14,0.609,16.0,0.003,1.213,15.013,14.805,0.461,0.0,
4250,limited,2152,supine,128.0,1.0,1.0,1.0,1.0,1.0,1.0,0.48,0.926,0.055,0.073,0.068,0.203,16.0,0.003,1.048,13.623,11.57,0.156,0.0,
4250,limited,2152,prone,128.0,1.0,1.0,1.0,1.0,1.0,1.0,0.62,1.4,0.406,0.14,0.137,1.0,16.0,0.003,1.128,16.94,15.502,1.0,0.0,
4250,limited,2152,left_side,128.0,1.0,1.0,1.0,1.0,1.0,1.0,0.58,1.351,0.57,0.145,0.142,0.812,16.0,0.003,1.138,14.857,14.784,0.516,0.0,
4250,limited,2152,right_side,128.0,1.0,0.992,1.0,1.0,1.0,1.0,0.55,2.319,0.383,0.327,0.17,0.609,16.0,0.003,1.471,14.313,14.294,0.508,0.0,
4500,limited,2150,supine,128.0,1.0,1.0,1.0,1.0,1.0,1.0,0.4,0.7,0.039,0.09,0.081,0.211,16.0,0.005,1.09,12.049,11.658,0.18,0.0,
4500,limited,2150,prone,128.0,1.0,1.0,1.0,1.0,1.0,1.0,0.52,1.159,0.125,0.241,0.115,0.992,16.0,0.004,1.749,15.736,15.703,1.0,0.0,
4500,limited,2150,left_side,128.0,1.0,1.0,1.0,1.0,1.0,1.0,0.54,1.013,0.438,0.131,0.129,0.766,16.0,0.005,1.228,15.213,15.11,0.656,0.0,
4500,limited,2150,right_side,128.0,1.0,1.0,1.0,1.0,1.0,1.0,0.48,1.299,0.281,0.141,0.127,0.594,16.0,0.004,1.244,14.498,14.38,0.562,0.0,
4500,limited,2151,supine,128.0,1.0,1.0,1.0,1.0,1.0,1.0,0.42,0.672,0.016,0.078,0.065,0.141,16.0,0.005,1.035,13.387,12.075,0.117,0.0,
4500,limited,2151,prone,128.0,1.0,1.0,1.0,1.0,1.0,1.0,0.52,0.72,0.07,0.119,0.112,1.0,16.0,0.004,1.248,15.966,15.763,0.992,0.0,
4500,limited,2151,left_side,128.0,1.0,1.0,1.0,1.0,1.0,1.0,0.44,0.753,0.359,0.111,0.107,0.742,16.0,0.005,1.006,14.918,14.646,0.578,0.0,
4500,limited,2151,right_side,128.0,1.0,1.0,1.0,1.0,1.0,1.0,0.48,1.693,0.234,0.125,0.121,0.578,16.0,0.004,1.436,15.05,14.854,0.516,0.0,
4500,limited,2152,supine,128.0,1.0,1.0,1.0,1.0,1.0,1.0,0.39,0.64,0.016,0.109,0.08,0.188,16.0,0.004,1.084,13.625,12.799,0.148,0.0,
4500,limited,2152,prone,128.0,1.0,1.0,1.0,1.0,1.0,1.0,0.53,1.172,0.234,0.11,0.109,0.992,16.0,0.005,1.443,15.861,15.572,1.0,0.0,
4500,limited,2152,left_side,128.0,1.0,1.0,1.0,1.0,1.0,1.0,0.44,0.76,0.305,0.13,0.123,0.781,16.0,0.005,1.222,14.827,14.748,0.516,0.0,
4500,limited,2152,right_side,128.0,1.0,1.0,1.0,1.0,1.0,1.0,0.48,1.964,0.156,0.235,0.155,0.609,16.0,0.004,1.265,15.048,14.766,0.5,0.0,
4750,limited,2150,supine,128.0,0.992,0.992,0.992,1.0,1.0,0.992,0.4,0.696,0.078,0.167,0.143,0.258,16.0,0.006,1.221,17.173,11.777,0.109,0.0,"high_but_tilted (final > h1, tilt > 18 deg) 0.8%"
4750,limited,2150,prone,128.0,1.0,1.0,1.0,1.0,1.0,1.0,0.53,0.746,0.203,0.278,0.145,0.992,16.0,0.005,1.333,16.056,15.977,1.0,0.0,
4750,limited,2150,left_side,128.0,1.0,0.992,1.0,1.0,1.0,1.0,0.54,0.873,0.617,0.142,0.138,0.875,16.0,0.006,1.113,15.199,15.108,0.672,0.0,
4750,limited,2150,right_side,128.0,1.0,1.0,1.0,1.0,1.0,1.0,0.46,1.24,0.148,0.117,0.117,0.578,16.0,0.005,1.298,14.745,14.608,0.461,0.0,
4750,limited,2151,supine,128.0,1.0,1.0,1.0,1.0,1.0,1.0,0.4,0.653,0.023,0.139,0.087,0.273,16.0,0.006,1.065,13.432,12.297,0.172,0.0,
4750,limited,2151,prone,128.0,1.0,1.0,1.0,1.0,1.0,1.0,0.52,0.72,0.266,0.144,0.137,0.992,16.0,0.005,1.474,16.021,15.921,0.992,0.0,
4750,limited,2151,left_side,128.0,1.0,1.0,1.0,1.0,1.0,1.0,0.44,0.72,0.539,0.147,0.128,0.859,16.0,0.006,1.244,17.393,14.871,0.57,0.0,
4750,limited,2151,right_side,128.0,1.0,1.0,1.0,1.0,1.0,1.0,0.5,1.458,0.172,0.138,0.123,0.594,16.0,0.005,1.9,16.543,15.114,0.484,0.0,
4750,limited,2152,supine,128.0,1.0,1.0,1.0,1.0,1.0,1.0,0.4,0.806,0.016,0.084,0.078,0.227,16.0,0.005,1.04,13.428,12.294,0.148,0.0,
4750,limited,2152,prone,128.0,1.0,1.0,1.0,1.0,1.0,1.0,0.52,0.713,0.391,0.142,0.136,1.0,16.0,0.006,1.271,16.057,15.841,1.0,0.0,
4750,limited,2152,left_side,128.0,1.0,1.0,1.0,1.0,1.0,1.0,0.49,0.806,0.562,0.133,0.124,0.844,16.0,0.006,1.341,14.827,14.734,0.57,0.0,
4750,limited,2152,right_side,128.0,1.0,1.0,1.0,1.0,1.0,1.0,0.48,1.478,0.141,0.138,0.132,0.594,16.0,0.005,1.284,15.496,15.157,0.484,0.0,
5000,limited,2150,supine,128.0,1.0,1.0,1.0,1.0,1.0,1.0,0.38,0.66,0.023,0.102,0.088,0.258,16.0,0.006,1.15,13.168,12.163,0.141,0.0,
5000,limited,2150,prone,128.0,1.0,1.0,1.0,1.0,1.0,1.0,0.54,0.74,0.453,0.107,0.106,0.922,16.0,0.005,1.629,16.086,16.039,1.0,0.0,
5000,limited,2150,left_side,128.0,1.0,1.0,1.0,1.0,1.0,1.0,0.56,1.205,0.672,0.12,0.117,0.789,16.0,0.006,1.116,15.201,15.109,0.609,0.0,
5000,limited,2150,right_side,128.0,1.0,1.0,1.0,1.0,1.0,1.0,0.48,1.14,0.148,0.123,0.121,0.555,16.0,0.005,1.245,15.16,14.64,0.531,0.0,
5000,limited,2151,supine,128.0,1.0,0.992,1.0,1.0,1.0,1.0,0.39,0.66,0.016,0.081,0.069,0.18,16.0,0.006,1.304,13.735,13.207,0.141,0.0,
5000,limited,2151,prone,128.0,1.0,1.0,1.0,1.0,1.0,1.0,0.54,0.686,0.445,0.122,0.111,0.961,16.0,0.005,1.195,16.111,15.992,0.992,0.0,
5000,limited,2151,left_side,128.0,1.0,1.0,1.0,1.0,1.0,1.0,0.45,0.943,0.477,0.128,0.118,0.703,16.0,0.006,1.229,14.918,14.735,0.523,0.0,
5000,limited,2151,right_side,128.0,1.0,1.0,1.0,1.0,1.0,1.0,0.52,1.259,0.211,0.122,0.111,0.562,16.0,0.006,1.2,15.131,14.824,0.484,0.0,
5000,limited,2152,supine,128.0,1.0,1.0,1.0,1.0,1.0,1.0,0.4,0.753,0.008,0.093,0.067,0.164,16.0,0.006,1.129,13.115,12.186,0.125,0.0,
5000,limited,2152,prone,128.0,1.0,1.0,1.0,1.0,1.0,1.0,0.54,0.673,0.477,0.113,0.11,0.977,16.0,0.006,1.157,15.946,15.868,1.0,0.0,
5000,limited,2152,left_side,128.0,1.0,0.992,1.0,1.0,1.0,1.0,0.49,0.733,0.438,0.105,0.097,0.719,16.0,0.007,1.341,14.827,14.755,0.516,0.0,
5000,limited,2152,right_side,128.0,1.0,1.0,1.0,1.0,1.0,1.0,0.49,1.411,0.164,0.155,0.146,0.578,16.0,0.005,1.499,15.388,15.036,0.5,0.0,
