iteration,config,seed,recovered,worst_pose,events_gt20_per_episode,invalid_episodes
4000,limited,2150,0.982,0.977,0.91,0
4000,limited,2151,0.986,0.977,0.78,0
4000,limited,2152,0.98,0.961,0.86,0
4250,limited,2150,0.996,0.992,0.3,0
4250,limited,2151,1.0,1.0,0.25,0
4250,limited,2152,1.0,1.0,0.35,0
4500,limited,2150,1.0,1.0,0.22,0
4500,limited,2151,1.0,1.0,0.17,0
4500,limited,2152,1.0,1.0,0.18,0
4750,limited,2150,0.998,0.992,0.26,0
4750,limited,2151,1.0,1.0,0.25,0
4750,limited,2152,1.0,1.0,0.28,0
5000,limited,2150,1.0,1.0,0.32,0
5000,limited,2151,1.0,1.0,0.29,0
5000,limited,2152,1.0,1.0,0.27,0
